24.1Q, F&F , F&F Shanghai , FnF HONGKONG , F&F 베트남 , 빅텐츠 , 엔터테인머트 , 세르지오 , 단순합계 ,연결조정분개,연결조정분개,2024년 누적,2024년 전분기 누적,2024년 당분기,24.2Q, F&F , F&F Shanghai , FnF HONGKONG , F&F 베트남 , 빅텐츠 , 엔터테인머트 , 세르지오 , 단순합계 ,연결조정분개,연결조정분개,2024년 누적,2024년 전분기 누적,2024년 당분기,24.3Q, F&F , F&F Shanghai , FnF HONGKONG , F&F 베트남 , 빅텐츠 , 엔터테인머트 , 세르지오 , 단순합계 ,연결조정분개,연결조정분개,2024년 누적,2024년 전분기 누적,2024년 당분기,24.4Q, F&F , F&F Shanghai , FnF HONGKONG , F&F 베트남 , 빅텐츠 , 엔터테인머트 , 세르지오 , 단순합계 ,연결조정분개,연결조정분개,2024년 누적,2024년 전분기 누적,2024년 당분기
Ⅰ.매출액,"388,851,845,940 ","238,976,466,010 ","22,210,967,788 ","66,341,830 ","212,270,514 ","416,486,911 ","9,208,461,040 ","659,942,840,033 ",,,"507,028,728,355 ",,"507,028,728,355 ",Ⅰ.매출액,"275,632,476,793 ","154,543,785,356 ","16,965,300,819 ","83,314,573 ","687,713,167 ","1,007,996,728 ","9,391,143,109 ","458,311,730,545 ",0 ,0 ,"898,501,706,698 ","507,028,728,355 ","391,472,978,342 ",Ⅰ.매출액,"417,280,479,430 ","250,154,344,675 ","15,559,373,116 ","109,416,853 ","8,274,778,080 ","778,636,750 ","8,255,931,011 ","700,412,959,915 ",0 ,0 ,"1,349,465,143,792 ","898,501,706,698 ","450,963,437,094 ",Ⅰ.매출액,"436,229,581,884 ","214,165,509,900 ","20,299,030,851 ","153,830,877 ",0 ,"827,059,269 ","10,212,966,406 ","681,887,979,187 ",0 ,0 ,"1,896,009,590,086 ","1,349,465,143,792 ","546,544,446,294 "
제품매출,"385,145,334,205 ",0 ,0 ,0 ,0 ,0 ,0 ,"385,145,334,205 ","152,821,040,931 ",,"232,324,293,274 ",,"232,324,293,274 ",제품매출,"273,122,392,241 ",0 ,0 ,0 ,0 ,0 ,0 ,"273,122,392,241 ","66,636,337,505 ",0 ,"438,810,348,010 ","232,324,293,274 ","206,486,054,736 ",제품매출,"414,181,501,004 ",0 ,0 ,0 ,0 ,0 ,0 ,"414,181,501,004 ","249,282,035,547 ",0 ,"603,709,813,467 ","438,810,348,010 ","164,899,465,457 ",제품매출,"430,737,134,767 ",0 ,0 ,0 ,0 ,0 ,0 ,"430,737,134,767 ","135,091,407,906 ",0 ,"899,355,540,328 ","603,709,813,467 ","295,645,726,861 "
상품매출,"2,638,416,549 ","238,976,466,010 ","22,210,967,788 ",0 ,0 ,0 ,"6,544,715,573 ","270,370,565,920 ",,,"270,370,565,920 ",,"270,370,565,920 ",상품매출,"1,470,747,367 ","154,543,785,356 ","16,965,300,819 ",0 ,0 ,0 ,"6,861,335,697 ","179,841,169,239 ","51,432,851 ",0 ,"450,160,302,308 ","270,370,565,920 ","179,789,736,388 ",상품매출,"2,212,084,224 ","250,154,344,675 ","15,559,373,116 ",0 ,0 ,0 ,"6,054,246,631 ","273,980,048,646 ",0 ,0 ,"724,140,350,954 ","450,160,302,308 ","273,980,048,646 ",상품매출,"4,226,212,944 ","214,165,509,900 ","20,299,030,851 ",0 ,0 ,0 ,"7,978,269,371 ","246,669,023,066 ","23,778,847 ",0 ,"970,785,595,173 ","724,140,350,954 ","246,645,244,219 "
수수료매출,"359,632,715 ",0 ,0 ,"66,341,830 ",0 ,0 ,0 ,"425,974,545 ","66,341,830 ",,"359,632,715 ",,"359,632,715 ",수수료매출,"356,282,218 ",0 ,0 ,"83,314,573 ",0 ,0 ,0 ,"439,596,791 ","83,314,573 ",0 ,"715,914,933 ","359,632,715 ","356,282,218 ",수수료매출,"301,908,818 ",0 ,0 ,"109,416,853 ",0 ,0 ,0 ,"411,325,671 ","109,416,853 ",0 ,"1,017,823,751 ","715,914,933 ","301,908,818 ",수수료매출,"457,625,630 ",0 ,0 ,"153,830,877 ",0 ,0 ,0 ,"611,456,507 ","153,830,877 ",0 ,"1,475,449,381 ","1,017,823,751 ","457,625,630 "
물류매출,0 ,0 ,0 ,0 ,0 ,0 ,0 ,0 ,,,0 ,,0 ,물류매출,0 ,0 ,0 ,0 ,0 ,0 ,0 ,0 ,0 ,0 ,0 ,0 ,0 ,물류매출,0 ,0 ,0 ,0 ,0 ,0 ,0 ,0 ,0 ,0 ,0 ,0 ,0 ,물류매출,0 ,0 ,0 ,0 ,0 ,0 ,0 ,0 ,0 ,0 ,0 ,0 ,0 
임대매출,"68,412,771 ",0 ,0 ,0 ,0 ,0 ,0 ,"68,412,771 ",,,"68,412,771 ",,"68,412,771 ",임대매출,"69,650,958 ",0 ,0 ,0 ,0 ,0 ,0 ,"69,650,958 ",0 ,0 ,"138,063,729 ","68,412,771 ","69,650,958 ",임대매출,"69,685,499 ",0 ,0 ,0 ,0 ,0 ,0 ,"69,685,499 ",0 ,0 ,"207,749,228 ","138,063,729 ","69,685,499 ",임대매출,"70,296,363 ",0 ,0 ,0 ,0 ,0 ,0 ,"70,296,363 ",0 ,0 ,"278,045,591 ","207,749,228 ","70,296,363 "
기타매출,"640,049,700 ",0 ,0 ,0 ,"212,270,514 ","416,486,911 ","2,663,745,467 ","3,932,552,592 ","26,728,917 ",,"3,905,823,675 ",,"3,905,823,675 ",기타매출,"613,404,009 ",0 ,0 ,0 ,"687,713,167 ","1,007,996,728 ","2,529,807,412 ","4,838,921,316 ","67,667,274 ",0 ,"8,677,077,718 ","3,905,823,675 ","4,771,254,042 ",기타매출,"515,299,885 ",0 ,0 ,0 ,"8,274,778,080 ","778,636,750 ","2,201,684,380 ","11,770,399,095 ","58,070,421 ",0 ,"20,389,406,392 ","8,677,077,718 ","11,712,328,674 ",기타매출,"738,312,180 ",0 ,0 ,0 ,0 ,"827,059,269 ","2,234,697,035 ","3,800,068,484 ","74,515,263 ",0 ,"24,114,959,613 ","20,389,406,392 ","3,725,553,221 "
Ⅱ.매출원가,"147,627,921,735 ","173,679,290,723 ","9,231,211,168 ","60,310,754 ","2,107,858 ","2,714,089,430 ","2,030,524,971 ","335,345,456,639 ",,,"174,544,756,914 ",,"174,544,756,914 ",Ⅱ.매출원가,"89,805,551,180 ","103,635,362,658 ","7,228,479,572 ","80,826,403 ","537,240,712 ","2,816,863,691 ","2,144,389,927 ","206,248,714,143 ",0 ,0 ,"294,719,207,924 ","174,544,756,914 ","120,174,451,010 ",Ⅱ.매출원가,"158,791,343,028 ","198,826,449,288 ","7,135,087,025 ","91,457,472 ","11,990,497,530 ","1,614,416,865 ","2,240,697,810 ","380,689,949,018 ",0 ,0 ,"460,761,386,335 ","294,719,207,924 ","166,042,178,411 ",Ⅱ.매출원가,"147,388,053,811 ","188,024,511,432 ","8,471,847,191 ","116,113,910 ",0 ,"7,208,517,312 ","2,592,735,478 ","353,801,779,134 ",0 ,0 ,"649,017,053,962 ","460,761,386,335 ","188,255,667,626 "
제품매출원가,"142,846,256,748 ",0 ,0 ,0 ,0 ,0 ,0 ,"142,846,256,748 ","182,910,501,891 ","160,740,388,971 ","165,016,369,668 ",,"165,016,369,668 ",제품매출원가,"88,588,962,846 ",0 ,0 ,0 ,0 ,0 ,0 ,"88,588,962,846 ","110,863,842,230 ","85,993,436,731 ","278,475,738,013 ","165,016,369,668 ","113,459,368,345 ",제품매출원가,"157,745,471,541 ",0 ,0 ,0 ,0 ,0 ,0 ,"157,745,471,541 ","205,961,536,313 ","215,075,405,477 ","427,107,340,390 ","278,475,738,013 ","148,631,602,377 ",제품매출원가,"144,092,130,215 ",0 ,0 ,0 ,0 ,0 ,0 ,"144,092,130,215 ","196,496,358,623 ","165,429,997,597 ","602,265,831,631 ","427,107,340,390 ","175,158,491,241 "
기초제품재고액,,0 ,0 ,0 ,0 ,0 ,0 ,0 ,,,0 ,,0 ,기초제품재고액,0 ,0 ,0 ,0 ,0 ,0 ,0 ,0 ,0 ,0 ,0 ,0 ,0 ,기초제품재고액,0 ,0 ,0 ,0 ,0 ,0 ,0 ,0 ,0 ,0 ,0 ,0 ,0 ,기초제품재고액,0 ,0 ,0 ,0 ,0 ,0 ,0 ,0 ,0 ,0 ,0 ,0 ,0 
당기제품제조원가,,0 ,0 ,0 ,0 ,0 ,0 ,0 ,,,0 ,,0 ,당기제품제조원가,0 ,0 ,0 ,0 ,0 ,0 ,0 ,0 ,0 ,0 ,0 ,0 ,0 ,당기제품제조원가,0 ,0 ,0 ,0 ,0 ,0 ,0 ,0 ,0 ,0 ,0 ,0 ,0 ,당기제품제조원가,0 ,0 ,0 ,0 ,0 ,0 ,0 ,0 ,0 ,0 ,0 ,0 ,0 
타계정대체(제품),,0 ,0 ,0 ,0 ,0 ,0 ,0 ,,,0 ,,0 ,타계정대체(제품),0 ,0 ,0 ,0 ,0 ,0 ,0 ,0 ,0 ,0 ,0 ,0 ,0 ,타계정대체(제품),0 ,0 ,0 ,0 ,0 ,0 ,0 ,0 ,0 ,0 ,0 ,0 ,0 ,타계정대체(제품),0 ,0 ,0 ,0 ,0 ,0 ,0 ,0 ,0 ,0 ,0 ,0 ,0 
관세환급금,,0 ,0 ,0 ,0 ,0 ,0 ,0 ,,,0 ,,0 ,관세환급금,0 ,0 ,0 ,0 ,0 ,0 ,0 ,0 ,0 ,0 ,0 ,0 ,0 ,관세환급금,0 ,0 ,0 ,0 ,0 ,0 ,0 ,0 ,0 ,0 ,0 ,0 ,0 ,관세환급금,0 ,0 ,0 ,0 ,0 ,0 ,0 ,0 ,0 ,0 ,0 ,0 ,0 
기말제품재고액,,0 ,0 ,0 ,0 ,0 ,0 ,0 ,,,0 ,,0 ,기말제품재고액,0 ,0 ,0 ,0 ,0 ,0 ,0 ,0 ,0 ,0 ,0 ,0 ,0 ,기말제품재고액,0 ,0 ,0 ,0 ,0 ,0 ,0 ,0 ,0 ,0 ,0 ,0 ,0 ,기말제품재고액,0 ,0 ,0 ,0 ,0 ,0 ,0 ,0 ,0 ,0 ,0 ,0 ,0 
상품매출원가,"4,011,015,053 ","173,679,290,723 ","9,231,211,168 ",0 ,0 ,0 ,"1,922,747,531 ","188,844,264,475 ",,"182,910,501,891 ","5,933,762,584 ",,"5,933,762,584 ",상품매출원가,"417,393,992 ","103,635,362,658 ","7,228,479,572 ",0 ,0 ,0 ,"2,030,622,800 ","113,311,859,022 ",0 ,"110,863,842,230 ","8,381,779,376 ","5,933,762,584 ","2,448,016,792 ",상품매출원가,"414,822,463 ","198,826,449,288 ","7,135,087,025 ",0 ,0 ,0 ,"2,134,582,473 ","208,510,941,249 ",0 ,"205,961,536,313 ","10,931,184,312 ","8,381,779,376 ","2,549,404,936 ",상품매출원가,"2,043,692,344 ","188,024,511,432 ","8,471,847,191 ",0 ,0 ,0 ,"2,386,294,941 ","200,926,345,908 ",0 ,"196,496,358,623 ","15,361,171,597 ","10,931,184,312 ","4,429,987,285 "
기초상품재고액,0 ,0 ,0 ,0 ,0 ,0 ,0 ,0 ,,,0 ,,0 ,기초상품재고액,0 ,0 ,0 ,0 ,0 ,0 ,0 ,0 ,0 ,0 ,0 ,0 ,0 ,기초상품재고액,0 ,0 ,0 ,0 ,0 ,0 ,0 ,0 ,0 ,0 ,0 ,0 ,0 ,기초상품재고액,0 ,0 ,0 ,0 ,0 ,0 ,0 ,0 ,0 ,0 ,0 ,0 ,0 
당기매입액,0 ,"173,679,290,723 ",0 ,0 ,0 ,0 ,"(173,679,290,723)",0 ,,,0 ,,0 ,당기매입액,0 ,"103,635,362,658 ",0 ,0 ,0 ,0 ,"(103,635,362,658)",0 ,0 ,0 ,0 ,0 ,0 ,당기매입액,0 ,"198,826,449,288 ",0 ,0 ,0 ,0 ,"(198,826,449,288)",0 ,0 ,0 ,0 ,0 ,0 ,당기매입액,0 ,"188,024,511,432 ",0 ,0 ,0 ,0 ,"(188,024,511,432)",0 ,0 ,0 ,0 ,0 ,0 
타계정대체(상품),0 ,0 ,0 ,0 ,0 ,0 ,0 ,0 ,,,0 ,,0 ,타계정대체(상품),0 ,0 ,0 ,0 ,0 ,0 ,0 ,0 ,0 ,0 ,0 ,0 ,0 ,타계정대체(상품),0 ,0 ,0 ,0 ,0 ,0 ,0 ,0 ,0 ,0 ,0 ,0 ,0 ,타계정대체(상품),0 ,0 ,0 ,0 ,0 ,0 ,0 ,0 ,0 ,0 ,0 ,0 ,0 
기말상품재고액,0 ,0 ,0 ,0 ,0 ,0 ,0 ,0 ,,,0 ,,0 ,기말상품재고액,0 ,0 ,0 ,0 ,0 ,0 ,0 ,0 ,0 ,0 ,0 ,0 ,0 ,기말상품재고액,0 ,0 ,0 ,0 ,0 ,0 ,0 ,0 ,0 ,0 ,0 ,0 ,0 ,기말상품재고액,0 ,0 ,0 ,0 ,0 ,0 ,0 ,0 ,0 ,0 ,0 ,0 ,0 
임대원가,0 ,0 ,0 ,0 ,0 ,0 ,0 ,0 ,,,0 ,,0 ,임대원가,0 ,0 ,0 ,0 ,0 ,0 ,0 ,0 ,0 ,0 ,0 ,0 ,0 ,임대원가,0 ,0 ,0 ,0 ,0 ,0 ,0 ,0 ,0 ,0 ,0 ,0 ,0 ,임대원가,0 ,0 ,0 ,0 ,0 ,0 ,0 ,0 ,0 ,0 ,0 ,0 ,0 
물류원가,0 ,0 ,0 ,0 ,0 ,0 ,0 ,0 ,,,0 ,,0 ,물류원가,0 ,0 ,0 ,0 ,0 ,0 ,0 ,0 ,0 ,0 ,0 ,0 ,0 ,물류원가,0 ,0 ,0 ,0 ,0 ,0 ,0 ,0 ,0 ,0 ,0 ,0 ,0 ,물류원가,0 ,0 ,0 ,0 ,0 ,0 ,0 ,0 ,0 ,0 ,0 ,0 ,0 
기타매출원가,"770,649,934 ",0 ,0 ,"60,310,754 ","2,107,858 ","2,714,089,430 ","107,777,440 ","3,654,935,416 ",0 ,"60,310,754 ","3,594,624,662 ",,"3,594,624,662 ",기타매출원가,"799,194,342 ",0 ,0 ,"80,826,403 ","537,240,712 ","2,816,863,691 ","113,767,127 ","4,347,892,275 ",0 ,"80,826,403 ","7,861,690,535 ","3,594,624,662 ","4,267,065,872 ",기타매출원가,"631,049,024 ",0 ,0 ,"91,457,472 ","11,990,497,530 ","1,614,416,865 ","106,115,337 ","14,433,536,228 ","519,092,342 ","91,457,472 ","22,722,861,633 ","7,861,690,535 ","14,861,171,098 ",기타매출원가,"1,252,231,252 ",0 ,0 ,"116,113,910 ",0 ,"7,208,517,312 ","206,440,537 ","8,783,303,011 ",0 ,"116,113,910 ","31,390,050,734 ","22,722,861,633 ","8,667,189,101 "
Ⅲ.매출총이익,"241,223,924,205 ","65,297,175,287 ","12,979,756,620 ","6,031,076 ","210,162,656 ","(2,297,602,519)","7,177,936,069 ","324,597,383,394 ",,,"332,483,971,441 ",,"332,483,971,441 ",Ⅲ.매출총이익,"185,826,925,613 ","50,908,422,698 ","9,736,821,247 ","2,488,170 ","150,472,455 ","(1,808,866,963)","7,246,753,182 ","252,063,016,402 ",0 ,0 ,"603,782,498,774 ","332,483,971,441 ","271,298,527,333 ",Ⅲ.매출총이익,"258,489,136,402 ","51,327,895,387 ","8,424,286,091 ","17,959,381 ","(3,715,719,450)","(835,780,115)","6,015,233,201 ","319,723,010,897 ",0 ,0 ,"888,703,757,457 ","603,782,498,774 ","284,921,258,683 ",Ⅲ.매출총이익,"288,841,528,073 ","26,140,998,468 ","11,827,183,660 ","37,716,967 ",0 ,"(6,381,458,043)","7,620,230,928 ","328,086,200,053 ",0 ,0 ,"1,246,992,536,124 ","888,703,757,457 ","358,288,778,667 "
Ⅳ.판매비와관리비,"145,770,154,632 ","40,615,627,219 ","12,329,558,135 ","9,376,687 ","400,813,453 ","682,749,392 ","4,587,209,579 ","204,395,489,097 ",,,"202,272,969,941 ",,"202,272,969,941 ",Ⅳ.판매비와관리비,"131,748,164,564 ","30,202,914,822 ","9,240,183,147 ","(2,697,044)","377,274,597 ","662,217,585 ","6,085,092,155 ","178,313,149,826 ",0 ,0 ,"381,770,311,693 ","202,272,969,941 ","179,497,341,752 ",Ⅳ.판매비와관리비,"121,385,797,990 ","38,032,301,904 ","7,968,804,777 ","10,245,589 ","544,343,640 ","689,662,052 ","6,447,490,597 ","175,078,646,549 ",0 ,0 ,"558,386,704,039 ","381,770,311,693 ","176,616,392,347 ",Ⅳ.판매비와관리비,"173,070,355,499 ","48,724,670,703 ","10,072,935,791 ","2,496,267 ",0 ,"815,135,597 ","4,037,826,448 ","236,723,420,305 ",0 ,0 ,"796,255,076,387 ","558,386,704,039 ","237,868,372,348 "
급여,"8,781,165,047 ","6,512,958,147 ","1,928,286,157 ",0 ,"181,230,040 ","312,113,243 ","705,564,478 ","18,421,317,112 ","50,867,676 ",,"18,472,184,788 ",,"18,472,184,788 ",급여,"10,759,702,178 ","6,388,525,396 ","1,977,215,642 ",0 ,"190,189,470 ","343,025,612 ","1,061,196,766 ","20,719,855,064 ","69,860,162 ",0 ,"39,261,900,014 ","18,472,184,788 ","20,789,715,226 ",급여,"9,054,956,784 ","6,042,859,062 ","1,724,338,890 ",0 ,"215,178,247 ","357,293,116 ","1,270,415,267 ","18,665,041,366 ","77,333,951 ",0 ,"58,004,275,331 ","39,261,900,014 ","18,742,375,317 ",급여,"10,485,769,230 ","7,185,262,063 ","2,181,054,518 ",0 ,0 ,"406,077,188 ","1,128,010,865 ","21,386,173,864 ","120,451,699 ",0 ,"79,510,900,894 ","58,004,275,331 ","21,506,625,563 "
퇴직급여,"1,156,156,801 ",0 ,0 ,0 ,"13,848,740 ","16,171,802 ",0 ,"1,186,177,343 ",,,"1,186,177,343 ",,"1,186,177,343 ",퇴직급여,"1,179,224,734 ",0 ,0 ,0 ,"16,260,571 ","16,171,798 ",0 ,"1,211,657,103 ",0 ,0 ,"2,397,834,446 ","1,186,177,343 ","1,211,657,103 ",퇴직급여,"1,133,066,101 ",0 ,0 ,0 ,"22,351,836 ","28,137,114 ",0 ,"1,183,555,051 ",0 ,0 ,"3,581,389,497 ","2,397,834,446 ","1,183,555,051 ",퇴직급여,"1,141,496,577 ",0 ,0 ,0 ,0 ,"36,123,933 ",0 ,"1,177,620,510 ",0 ,0 ,"4,759,010,007 ","3,581,389,497 ","1,177,620,510 "
복리후생비,"1,315,816,649 ","2,295,819,416 ","38,677,679 ",0 ,"27,867,948 ","30,039,159 ","89,809,065 ","3,798,029,916 ",0 ,"2,163,455 ","3,795,866,461 ",,"3,795,866,461 ",복리후생비,"1,460,806,518 ","1,808,801,697 ","32,536,780 ",0 ,"27,648,576 ","42,079,440 ","100,546,790 ","3,472,419,801 ",0 ,"5,078,873 ","7,263,207,389 ","3,795,866,461 ","3,467,340,928 ",복리후생비,"1,467,588,917 ","2,184,896,511 ","36,760,803 ",0 ,"28,380,392 ","36,618,684 ","122,056,050 ","3,876,301,357 ",0 ,"4,402,512 ","11,135,106,234 ","7,263,207,389 ","3,871,898,845 ",복리후생비,"1,281,037,930 ","2,486,469,869 ","37,756,364 ",0 ,0 ,"55,634,666 ","130,759,751 ","3,991,658,580 ",0 ,"6,900,844 ","15,119,863,970 ","11,135,106,234 ","3,984,757,736 "
여비교통비,"357,749,798 ","96,665,912 ","9,626,451 ",0 ,"3,953,543 ","12,068,966 ","48,260,915 ","528,325,585 ",,,"528,325,585 ",,"528,325,585 ",여비교통비,"247,108,952 ","137,405,624 ","10,414,094 ",0 ,"5,451,228 ","15,138,553 ","30,678,195 ","446,196,646 ",0 ,0 ,"974,522,231 ","528,325,585 ","446,196,646 ",여비교통비,"241,003,569 ","112,885,801 ","14,839,810 ",0 ,"10,583,127 ","14,829,137 ","49,640,124 ","443,781,568 ",0 ,0 ,"1,418,303,799 ","974,522,231 ","443,781,568 ",여비교통비,"348,397,664 ","209,813,451 ","14,090,747 ",0 ,0 ,"11,257,370 ","57,146,543 ","640,705,775 ",0 ,0 ,"2,059,009,574 ","1,418,303,799 ","640,705,775 "
통신비,"156,406,143 ","6,968,574 ","17,051,073 ",0 ,"1,237,221 ","4,390,405 ",0 ,"186,053,416 ",,,"186,053,416 ",,"186,053,416 ",통신비,"170,205,930 ","14,189,173 ","16,798,688 ",0 ,"1,235,718 ","5,466,301 ","148,850 ","208,044,660 ",0 ,0 ,"394,098,076 ","186,053,416 ","208,044,660 ",통신비,"132,670,292 ","11,939,229 ","17,526,988 ",0 ,"1,241,112 ","4,571,471 ","207,355 ","168,156,447 ",0 ,0 ,"562,254,523 ","394,098,076 ","168,156,447 ",통신비,"144,370,199 ","27,993,971 ","17,478,164 ",0 ,0 ,"5,321,954 ","297,523 ","195,461,811 ",0 ,0 ,"757,716,334 ","562,254,523 ","195,461,811 "
수도광열비,"523,963,275 ","73,836,995 ","81,406,017 ",0 ,0 ,"4,462,984 ","3,819,652 ","687,488,923 ",,,"687,488,923 ",,"687,488,923 ",수도광열비,"338,830,003 ","79,180,831 ","91,701,408 ",0 ,0 ,"3,165,649 ","3,821,419 ","516,699,310 ",0 ,0 ,"1,204,188,233 ","687,488,923 ","516,699,310 ",수도광열비,"620,608,726 ","84,187,011 ","101,121,082 ",0 ,0 ,"3,624,384 ","3,972,253 ","813,513,456 ",0 ,0 ,"2,017,701,689 ","1,204,188,233 ","813,513,456 ",수도광열비,"415,260,108 ","95,505,448 ","94,721,703 ",0 ,0 ,"3,187,212 ","2,396,756 ","611,071,227 ",0 ,0 ,"2,628,772,916 ","2,017,701,689 ","611,071,227 "
세금과공과,"640,876,724 ","655,830,470 ",0 ,"6,679,643 ","4,625,059 ","50,861,420 ","146,767,169 ","1,505,640,485 ",,,"1,505,640,485 ",,"1,505,640,485 ",세금과공과,"950,911,873 ","675,304,998 ",0 ,0 ,"3,788,140 ","12,410,040 ","101,707,940 ","1,744,122,991 ",0 ,0 ,"3,249,763,476 ","1,505,640,485 ","1,744,122,991 ",세금과공과,"408,219,506 ","518,187,793 ",0 ,"10,245,589 ","4,574,800 ","(26,173,360)","109,914,256 ","1,024,968,584 ",0 ,0 ,"4,274,732,060 ","3,249,763,476 ","1,024,968,584 ",세금과공과,"417,431,916 ","628,980,103 ",0 ,"(16,816,432)",0 ,"57,383,560 ","102,524,943 ","1,189,504,090 ",0 ,0 ,"5,464,236,150 ","4,274,732,060 ","1,189,504,090 "
임차료,"5,609,148,198 ","1,441,915,452 ","1,155,664,550 ","1,748,338 ","2,428,432 ",0 ,0 ,"8,210,904,970 ","7,706,478 ",,"8,218,611,448 ",,"8,218,611,448 ",임차료,"4,642,562,837 ","564,034,520 ","965,523,947 ","(1,748,338)","2,545,905 ","1,953,642 ",0 ,"6,174,872,513 ","9,723,764 ",0 ,"14,403,207,725 ","8,218,611,448 ","6,184,596,277 ",임차료,"4,319,740,752 ","883,679,043 ","1,036,939,495 ",0 ,"2,251,086 ","(1,953,642)",0 ,"6,240,656,734 ","8,752,482 ",0 ,"20,652,616,941 ","14,403,207,725 ","6,249,409,216 ",임차료,"9,586,659,134 ","1,307,777,344 ","1,888,925,274 ",0 ,0 ,0 ,0 ,"12,783,361,752 ","4,012,327 ",0 ,"33,439,991,020 ","20,652,616,941 ","12,787,374,079 "
대손상각비,"94,741,896 ",0 ,0 ,0 ,0 ,0 ,"(30,440,155)","64,301,741 ",,,"64,301,741 ",,"64,301,741 ",대손상각비,"323,311,659 ",0 ,0 ,0 ,0 ,0 ,"102,655,498 ","425,967,157 ",0 ,0 ,"490,268,898 ","64,301,741 ","425,967,157 ",대손상각비,"277,576,383 ",0 ,0 ,0 ,0 ,0 ,"232,930,446 ","510,506,829 ",0 ,0 ,"1,000,775,727 ","490,268,898 ","510,506,829 ",대손상각비,"401,206,875 ",0 ,0 ,0 ,0 ,0 ,"1,051,246,611 ","1,452,453,486 ",0 ,0 ,"2,453,229,213 ","1,000,775,727 ","1,452,453,486 "
보험료,"230,508,279 ","2,382,666 ","95,423,077 ",0 ,"5,736,129 ","4,320,360 ","11,410,349 ","349,780,860 ",,,"349,780,860 ",,"349,780,860 ",보험료,"180,655,051 ","98,309,946 ","96,451,550 ",0 ,"5,266,900 ",0 ,"17,627,004 ","398,310,451 ",0 ,0 ,"748,091,311 ","349,780,860 ","398,310,451 ",보험료,"182,297,548 ","1,553,129 ","97,411,641 ",0 ,"5,273,939 ","11,490,040 ","9,147,447 ","307,173,744 ",0 ,0 ,"1,055,265,055 ","748,091,311 ","307,173,744 ",보험료,"183,134,925 ","64,410,544 ","98,440,223 ",0 ,0 ,"(11,277,510)","12,416,512 ","347,124,694 ",0 ,0 ,"1,402,389,749 ","1,055,265,055 ","347,124,694 "
광고선전비,"10,689,393,950 ","12,044,607,039 ","422,155,235 ",0 ,0 ,"3,087,748 ","937,333,928 ","24,096,577,900 ",,,"24,096,577,900 ",,"24,096,577,900 ",광고선전비,"9,145,159,997 ","5,745,120,097 ","634,844,571 ",0 ,0 ,0 ,"1,430,358,542 ","16,955,483,207 ",0 ,0 ,"41,052,061,107 ","24,096,577,900 ","16,955,483,207 ",광고선전비,"7,102,228,896 ","10,838,620,345 ","415,179,771 ",0 ,0 ,"3,792,691 ","1,542,251,557 ","19,902,073,260 ",0 ,0 ,"60,954,134,367 ","41,052,061,107 ","19,902,073,260 ",광고선전비,"13,417,825,954 ","16,640,286,494 ","541,657,661 ",0 ,0 ,0 ,"1,578,747,529 ","32,178,517,638 ",0 ,0 ,"93,132,652,005 ","60,954,134,367 ","32,178,517,638 "
차량유지비,"158,690,869 ","26,841,174 ",0 ,0 ,"1,754,873 ","5,882,561 ",0 ,"193,169,477 ",,,"193,169,477 ",,"193,169,477 ",차량유지비,"155,573,208 ","18,300,505 ",0 ,0 ,"2,006,789 ","10,691,857 ",0 ,"186,572,359 ",0 ,0 ,"379,741,836 ","193,169,477 ","186,572,359 ",차량유지비,"144,945,957 ","28,537,916 ",0 ,0 ,"3,645,615 ","5,604,896 ",0 ,"182,734,384 ",0 ,0 ,"562,476,220 ","379,741,836 ","182,734,384 ",차량유지비,"179,501,720 ","27,399,514 ",0 ,0 ,0 ,"2,808,446 ",0 ,"209,709,680 ",0 ,0 ,"772,185,900 ","562,476,220 ","209,709,680 "
교육훈련비,0 ,0 ,0 ,0 ,0 ,0 ,0 ,0 ,,,0 ,,0 ,교육훈련비,0 ,0 ,0 ,0 ,0 ,0 ,0 ,0 ,0 ,0 ,0 ,0 ,0 ,교육훈련비,0 ,0 ,0 ,0 ,0 ,0 ,0 ,0 ,0 ,0 ,0 ,0 ,0 ,교육훈련비,0 ,0 ,0 ,0 ,0 ,0 ,0 ,0 ,0 ,0 ,0 ,0 ,0 
접대비,"59,839,660 ","32,339,546 ",0 ,0 ,"7,193,300 ","9,302,320 ",0 ,"108,674,826 ",,,"108,674,826 ",,"108,674,826 ",접대비,"69,775,183 ","8,633,081 ",0 ,0 ,"25,485,700 ","1,850,450 ",0 ,"105,744,414 ",0 ,0 ,"214,419,240 ","108,674,826 ","105,744,414 ",접대비,"90,777,672 ","23,105,884 ",0 ,0 ,"14,051,500 ","4,626,350 ",0 ,"132,561,406 ",0 ,0 ,"346,980,646 ","214,419,240 ","132,561,406 ",접대비,"75,198,264 ","30,543,591 ",0 ,0 ,0 ,"2,902,800 ",0 ,"108,644,655 ",0 ,0 ,"455,625,301 ","346,980,646 ","108,644,655 "
운반비,0 ,"4,465,480,692 ","1,136,772,667 ",0 ,"395,000 ",0 ,"517,806,934 ","6,120,455,293 ",,,"6,120,455,293 ",,"6,120,455,293 ",운반비,0 ,"2,146,920,712 ","983,607,081 ",0 ,"207,273 ",0 ,"709,397,503 ","3,840,132,569 ",0 ,0 ,"9,960,587,862 ","6,120,455,293 ","3,840,132,569 ",운반비,0 ,"4,100,075,197 ","1,073,146,681 ",0 ,"297,000 ",0 ,"521,151,504 ","5,694,670,382 ",0 ,0 ,"15,655,258,244 ","9,960,587,862 ","5,694,670,382 ",운반비,0 ,"4,684,897,536 ","1,137,396,960 ",0 ,0 ,0 ,"636,601,976 ","6,458,896,472 ",0 ,0 ,"22,114,154,716 ","15,655,258,244 ","6,458,896,472 "
소모품비,"2,110,486,596 ","952,502,228 ","68,518,837 ",0 ,"466,692 ","5,697,869 ","470,516,585 ","3,608,188,807 ",,"248,439,968 ","3,359,748,839 ",,"3,359,748,839 ",소모품비,"1,831,534,030 ","479,259,979 ","97,473,222 ",0 ,"747,982 ","5,921,521 ","410,184,092 ","2,825,120,826 ",0 ,"35,017,384 ","6,149,852,281 ","3,359,748,839 ","2,790,103,442 ",소모품비,"1,348,651,774 ","2,102,675,180 ","68,413,933 ",0 ,"370,651 ","7,202,787 ","360,732,453 ","3,888,046,778 ",0 ,"770,341,362 ","9,267,557,697 ","6,149,852,281 ","3,117,705,416 ",소모품비,"1,330,049,791 ","70,708,945 ","125,262,225 ",0 ,0 ,"5,616,464 ","382,468,454 ","1,914,105,879 ",0 ,"47,128,740 ","11,134,534,836 ","9,267,557,697 ","1,866,977,139 "
지급수수료,"103,398,456,957 ","6,674,564,383 ","3,517,944,589 ","948,706 ","106,044,426 ","43,075,554 ","1,537,033,909 ","115,278,068,524 ",,"2,628,428,175 ","112,649,640,349 ",,"112,649,640,349 ",지급수수료,"89,435,504,079 ","6,021,465,095 ","495,114,130 ","(948,706)","54,738,471 ","28,402,885 ","2,037,396,257 ","98,071,672,211 ",0 ,"(424,650,329)","211,145,962,889 ","112,649,640,349 ","98,496,322,540 ",지급수수료,"82,954,051,343 ","4,851,187,330 ","(262,220,861)",0 ,"193,803,099 ","42,212,541 ","2,108,431,551 ","89,887,465,003 ",0 ,"(881,792,534)","301,915,220,426 ","211,145,962,889 ","90,769,257,537 ",지급수수료,"121,113,791,292 ","8,552,353,028 ","551,418,368 ","19,312,699 ",0 ,"41,030,599 ","(1,165,333,769)","129,112,572,217 ",0 ,"(340,371,702)","431,368,164,345 ","301,915,220,426 ","129,452,943,919 "
관리수수료,0 ,0 ,0 ,0 ,0 ,0 ,0 ,0 ,,,0 ,,0 ,관리수수료,0 ,0 ,0 ,0 ,0 ,0 ,0 ,0 ,0 ,0 ,0 ,0 ,0 ,관리수수료,0 ,0 ,0 ,0 ,0 ,0 ,0 ,0 ,0 ,0 ,0 ,0 ,0 ,관리수수료,0 ,0 ,0 ,0 ,0 ,0 ,0 ,0 ,0 ,0 ,0 ,0 ,0 
영업운영비,0 ,0 ,0 ,0 ,0 ,0 ,0 ,0 ,,,0 ,,0 ,영업운영비,0 ,0 ,0 ,0 ,0 ,0 ,0 ,0 ,0 ,0 ,0 ,0 ,0 ,영업운영비,0 ,0 ,0 ,0 ,0 ,0 ,0 ,0 ,0 ,0 ,0 ,0 ,0 ,영업운영비,0 ,0 ,0 ,0 ,0 ,0 ,0 ,0 ,0 ,0 ,0 ,0 ,0 
감가상각비,"9,393,086,303 ","5,227,940,381 ","3,786,431,273 ",0 ,"40,802,052 ","128,545,011 ","141,537,872 ","18,718,342,892 ",,,"18,718,342,892 ",,"18,718,342,892 ",감가상각비,"9,460,863,393 ","5,919,143,037 ","3,750,200,682 ",0 ,"38,463,996 ","133,262,510 ","(141,537,872)","19,373,268,427 ",0 ,0 ,"38,091,611,319 ","18,718,342,892 ","19,373,268,427 ",감가상각비,"9,373,655,951 ","6,149,242,603 ","3,529,211,059 ",0 ,"37,962,996 ","146,910,359 ","321,540,396 ","19,345,650,683 ",0 ,0 ,"57,437,262,002 ","38,091,611,319 ","19,345,650,683 ",감가상각비,"9,579,607,433 ","6,612,775,147 ","3,253,926,635 ",0 ,0 ,"152,960,260 ","112,348,353 ","19,711,617,828 ",0 ,0 ,"77,148,879,830 ","57,437,262,002 ","19,711,617,828 "
무형자산상각비,"1,020,868,110 ","104,974,144 ","6,276,266 ",0 ,"3,107,748 ","5,866,567 ","7,788,878 ","1,148,881,713 ","697,938,288 ",0 ,"1,846,820,001 ",,"1,846,820,001 ",무형자산상각비,"1,317,467,593 ","98,320,131 ","9,416,754 ",0 ,"3,107,748 ","7,949,900 ","(7,788,878)","1,444,300,616 ","720,053,928 ",0 ,"4,011,174,545 ","1,846,820,001 ","2,164,354,544 ",무형자산상각비,"2,448,064,171 ","98,669,870 ","11,066,950 ",0 ,"3,107,748 ","7,949,899 ","23,799,987 ","2,576,831,257 ","1,863,703,046 ","519,092,342 ","7,932,616,506 ","4,011,174,545 ","3,921,441,961 ",무형자산상각비,"2,867,689,397 ","99,493,655 ","10,032,644 ",0 ,0 ,"7,950,301 ","8,194,401 ","2,993,360,398 ","734,145,899 ",0 ,"11,660,122,803 ","7,932,616,506 ","3,727,506,297 "
도서인쇄비,"59,793,804 ",0 ,0 ,0 ,"122,250 ","1,060,150 ",0 ,"60,976,204 ",,,"60,976,204 ",,"60,976,204 ",도서인쇄비,"33,213,255 ",0 ,0 ,0 ,"130,130 ",0 ,0 ,"33,343,385 ",0 ,0 ,"94,319,589 ","60,976,204 ","33,343,385 ",도서인쇄비,"53,645,648 ",0 ,0 ,0 ,"243,219 ","(383,382)",0 ,"53,505,485 ",0 ,0 ,"147,825,074 ","94,319,589 ","53,505,485 ",도서인쇄비,"73,075,097 ",0 ,0 ,0 ,0 ,"337,580 ",0 ,"73,412,677 ",0 ,0 ,"221,237,751 ","147,825,074 ","73,412,677 "
경상개발비,0 ,0 ,0 ,0 ,0 ,0 ,0 ,0 ,,,0 ,,0 ,경상개발비,0 ,0 ,0 ,0 ,0 ,0 ,0 ,0 ,0 ,0 ,0 ,0 ,0 ,경상개발비,0 ,0 ,0 ,0 ,0 ,0 ,0 ,0 ,0 ,0 ,0 ,0 ,0 ,경상개발비,0 ,0 ,0 ,0 ,0 ,0 ,0 ,0 ,0 ,0 ,0 ,0 ,0 
수선비,"13,005,573 ",0 ,"65,324,264 ",0 ,0 ,0 ,0 ,"78,329,837 ",,,"78,329,837 ",,"78,329,837 ",수선비,"45,754,091 ",0 ,"78,884,598 ",0 ,0 ,0 ,0 ,"124,638,689 ",0 ,0 ,"202,968,526 ","78,329,837 ","124,638,689 ",수선비,"32,048,000 ",0 ,"105,068,535 ",0 ,"1,027,273 ",0 ,0 ,"138,143,808 ",0 ,0 ,"341,112,334 ","202,968,526 ","138,143,808 ",수선비,"28,851,993 ",0 ,"120,774,305 ",0 ,0 ,0 ,0 ,"149,626,298 ",0 ,0 ,"490,738,632 ","341,112,334 ","149,626,298 "
아티스트개발비,0 ,0 ,0 ,0 ,0 ,"45,803,273 ",0 ,"45,803,273 ",,,"45,803,273 ",,"45,803,273 ",아티스트개발비,0 ,0 ,0 ,0 ,0 ,"34,727,427 ",0 ,"34,727,427 ",0 ,0 ,"80,530,700 ","45,803,273 ","34,727,427 ",아티스트개발비,0 ,0 ,0 ,0 ,0 ,"43,308,967 ",0 ,"43,308,967 ",0 ,0 ,"123,839,667 ","80,530,700 ","43,308,967 ",아티스트개발비,0 ,0 ,0 ,0 ,0 ,"37,820,774 ",0 ,"37,820,774 ",0 ,0 ,"161,660,441 ","123,839,667 ","37,820,774 "
판매촉진비,0 ,0 ,0 ,0 ,0 ,0 ,0 ,0 ,,,0 ,,0 ,판매촉진비,0 ,0 ,0 ,0 ,0 ,0 ,0 ,0 ,0 ,0 ,0 ,0 ,0 ,판매촉진비,0 ,0 ,0 ,0 ,0 ,0 ,0 ,0 ,0 ,0 ,0 ,0 ,0 ,판매촉진비,0 ,0 ,0 ,0 ,0 ,0 ,0 ,0 ,0 ,0 ,0 ,0 ,0 
판매수수료,0 ,0 ,0 ,0 ,0 ,0 ,0 ,0 ,,,0 ,,0 ,판매수수료,0 ,0 ,0 ,0 ,0 ,0 ,0 ,0 ,0 ,0 ,0 ,0 ,0 ,판매수수료,0 ,0 ,0 ,0 ,0 ,0 ,0 ,0 ,0 ,0 ,0 ,0 ,0 ,판매수수료,0 ,0 ,0 ,0 ,0 ,0 ,0 ,0 ,0 ,0 ,0 ,0 ,0 
판매장려금,0 ,0 ,0 ,0 ,0 ,0 ,0 ,0 ,,,0 ,,0 ,판매장려금,0 ,0 ,0 ,0 ,0 ,0 ,0 ,0 ,0 ,0 ,0 ,0 ,0 ,판매장려금,0 ,0 ,0 ,0 ,0 ,0 ,0 ,0 ,0 ,0 ,0 ,0 ,0 ,판매장려금,0 ,0 ,0 ,0 ,0 ,0 ,0 ,0 ,0 ,0 ,0 ,0 ,0 
수출제비용,0 ,0 ,0 ,0 ,0 ,0 ,0 ,0 ,,,0 ,,0 ,수출제비용,0 ,0 ,0 ,0 ,0 ,0 ,0 ,0 ,0 ,0 ,0 ,0 ,0 ,수출제비용,0 ,0 ,0 ,0 ,0 ,0 ,0 ,0 ,0 ,0 ,0 ,0 ,0 ,수출제비용,0 ,0 ,0 ,0 ,0 ,0 ,0 ,0 ,0 ,0 ,0 ,0 ,0 
잡비,0 ,0 ,0 ,0 ,0 ,0 ,0 ,0 ,,,0 ,,0 ,잡비,0 ,0 ,0 ,0 ,0 ,0 ,0 ,0 ,0 ,0 ,0 ,0 ,0 ,잡비,0 ,0 ,0 ,0 ,0 ,0 ,0 ,0 ,0 ,0 ,0 ,0 ,0 ,잡비,0 ,0 ,0 ,0 ,0 ,0 ,0 ,0 ,0 ,0 ,0 ,0 ,0 
해외시장개척비,0 ,0 ,0 ,0 ,0 ,0 ,0 ,0 ,,,0 ,,0 ,해외시장개척비,0 ,0 ,0 ,0 ,0 ,0 ,0 ,0 ,0 ,0 ,0 ,0 ,0 ,해외시장개척비,0 ,0 ,0 ,0 ,0 ,0 ,0 ,0 ,0 ,0 ,0 ,0 ,0 ,해외시장개척비,0 ,0 ,0 ,0 ,0 ,0 ,0 ,0 ,0 ,0 ,0 ,0 ,0 
용역료,0 ,0 ,0 ,0 ,0 ,0 ,0 ,0 ,,,0 ,,0 ,용역료,0 ,0 ,0 ,0 ,0 ,0 ,0 ,0 ,0 ,0 ,0 ,0 ,0 ,용역료,0 ,0 ,0 ,0 ,0 ,0 ,0 ,0 ,0 ,0 ,0 ,0 ,0 ,용역료,0 ,0 ,0 ,0 ,0 ,0 ,0 ,0 ,0 ,0 ,0 ,0 ,0 
Ⅴ.영업이익,"95,453,769,573 ","24,681,548,068 ","650,198,485 ","(3,345,611)","(190,650,797)","(2,980,351,911)","2,590,726,490 ","120,201,894,297 ",,,"130,211,001,500 ",,"130,211,001,500 ",Ⅴ.영업이익,"54,078,761,049 ","20,705,507,876 ","496,638,100 ","5,185,214 ","(226,802,142)","(2,471,084,548)","(2,590,726,490)","73,749,866,576 ",0 ,0 ,"222,012,187,081 ","130,211,001,500 ","91,801,185,581 ",Ⅴ.영업이익,"137,103,338,412 ","13,295,593,483 ","455,481,314 ","7,713,792 ","(4,260,063,090)","(1,525,442,167)","3,320,130,121 ","144,644,364,348 ",0 ,0 ,"330,317,053,417 ","222,012,187,081 ","108,304,866,336 ",Ⅴ.영업이익,"115,771,172,574 ","(22,583,672,235)","1,754,247,869 ","35,220,700 ",0 ,"(7,196,593,640)","3,582,404,480 ","91,362,779,748 ",0 ,0 ,"450,737,459,737 ","330,317,053,417 ","120,420,406,320 "
Ⅵ.영업외수익,"9,288,031,115 ","277,982,794 ","77,687,254 ","570,663 ","315,546,626 ","13,780,855 ","6,184,812 ","9,979,784,119 ",,,"9,489,371,243 ",,"9,489,371,243 ",Ⅵ.영업외수익,"11,711,369,124 ","340,635,021 ","76,215,641 ","437,868 ","170,107,412 ","15,165,449 ","(6,184,812)","12,314,457,662 ",0 ,0 ,"20,750,232,760 ","9,489,371,244 ","11,260,861,516 ",Ⅵ.영업외수익,"14,100,730,932 ","174,792,927 ","70,158,831 ","(496,924)","(67,154,188)","14,938,350 ","117,402,582 ","14,403,660,551 ",0 ,0 ,"37,762,972,315 ","20,750,232,761 ","17,012,739,553 ",Ⅵ.영업외수익,"21,559,333,044 ","201,562,441 ","74,903,695 ","2,906,633 ",0 ,"17,068,254 ","965,886 ","21,856,739,953 ",0 ,0 ,"75,924,049,265 ","37,762,972,315 ","38,161,076,950 "
이자수익,"1,714,184,202 ","168,358,432 ","47,020,610 ","1,126 ","101,102,358 ","13,777,376 ","6,184,812 ","2,050,628,916 ","219,036,137 ",,"1,831,592,779 ",,"1,831,592,779 ",이자수익,"1,845,546,519 ","216,677,293 ","47,483,314 ","2,668 ","51,009,278 ","15,163,189 ","(6,184,812)","2,176,409,408 ","227,601,302 ",0 ,"3,780,400,885 ","1,831,592,779 ","1,948,808,106 ",이자수익,"1,615,536,435 ","168,583,464 ","46,730,004 ","3,553 ","34,483,529 ","14,799,488 ","117,402,582 ","1,990,827,096 ","230,442,910 ",0 ,"5,540,785,071 ","3,780,400,885 ","1,760,384,186 ",이자수익,"1,356,637,310 ","186,261,100 ","44,128,867 ","4,344 ",0 ,"17,132,527 ","965,886 ","1,605,130,034 ","380,414,201 ",0 ,"6,765,500,904 ","5,540,785,071 ","1,224,715,833 "
수수료수익,"615,978,385 ",0 ,0 ,0 ,0 ,0 ,0 ,"615,978,385 ","271,073,103 ",,"344,905,282 ",,"344,905,282 ",수수료수익,"632,106,111 ",0 ,0 ,0 ,0 ,0 ,0 ,"632,106,111 ","272,064,843 ",0 ,"704,946,550 ","344,905,282 ","360,041,268 ",수수료수익,"586,729,543 ",0 ,0 ,0 ,0 ,0 ,0 ,"586,729,543 ","258,529,898 ",0 ,"1,033,146,196 ","704,946,550 ","328,199,645 ",수수료수익,"564,676,368 ",0 ,0 ,0 ,0 ,0 ,0 ,"564,676,368 ","165,667,331 ",0 ,"1,432,155,233 ","1,033,146,196 ","399,009,037 "
임대료수익,0 ,0 ,0 ,0 ,0 ,0 ,0 ,0 ,,,0 ,,0 ,임대료수익,0 ,0 ,0 ,0 ,0 ,0 ,0 ,0 ,0 ,0 ,0 ,0 ,0 ,임대료수익,0 ,0 ,0 ,0 ,0 ,0 ,0 ,0 ,0 ,0 ,0 ,0 ,0 ,임대료수익,0 ,0 ,0 ,0 ,0 ,0 ,0 ,0 ,0 ,0 ,0 ,0 ,0 
외화환산이익,"2,743,465,625 ",0 ,0 ,"569,537 ","164,451,799 ",0 ,0 ,"2,908,486,961 ",,,"2,908,486,961 ",,"2,908,486,961 ",외화환산이익,"2,519,815,419 ",0 ,0 ,"435,200 ","25,741,558 ",0 ,0 ,"2,545,992,177 ","553,930,000 ",0 ,"4,900,549,138 ","2,908,486,961 ","1,992,062,177 ",외화환산이익,"(3,269,330,049)",0 ,0 ,"(500,477)","(132,142,003)",0 ,0 ,"(3,401,972,529)","(452,400,000)",0 ,"1,950,976,609 ","4,900,549,138 ","(2,949,572,529)",외화환산이익,"7,688,896,809 ",0 ,0 ,"(504,260)",0 ,0 ,0 ,"7,688,392,549 ","1,162,100,000 ",0 ,"8,477,269,158 ","1,950,976,609 ","6,526,292,549 "
외환차익,"3,297,025,433 ",0 ,"22,892,840 ",0 ,"38,785,426 ",0 ,0 ,"3,358,703,699 ",,,"3,358,703,699 ",,"3,358,703,699 ",외환차익,"1,973,143,527 ",0 ,"20,652,578 ",0 ,"100,505,532 ",0 ,0 ,"2,094,301,637 ",0 ,0 ,"5,453,005,336 ","3,358,703,699 ","2,094,301,637 ",외환차익,"3,736,138,513 ",0 ,"19,742,817 ",0 ,"30,322,735 ","126,064 ",0 ,"3,786,330,129 ",0 ,0 ,"9,239,335,465 ","5,453,005,336 ","3,786,330,129 ",외환차익,"5,174,338,298 ","379,490 ","21,422,467 ","3,405,190 ",0 ,"(126,064)",0 ,"5,199,419,381 ",0 ,0 ,"14,438,754,846 ","9,239,335,465 ","5,199,419,381 "
배당금수익,"61,375,625 ",0 ,0 ,0 ,"913,052 ",0 ,0 ,"62,288,677 ",0 ,,"62,288,677 ",,"62,288,677 ",배당금수익,"2,144,337,089 ",0 ,0 ,0 ,0 ,0 ,0 ,"2,144,337,089 ",0 ,0 ,"2,206,625,766 ","62,288,677 ","2,144,337,089 ",배당금수익,"10,873,124,653 ",0 ,0 ,0 ,0 ,0 ,0 ,"10,873,124,653 ","9,785,000,000 ",0 ,"3,294,750,419 ","2,206,625,766 ","1,088,124,653 ",배당금수익,"(270,600,883)",0 ,0 ,0 ,0 ,0 ,0 ,"(270,600,883)",0 ,0 ,"3,024,149,536 ","3,294,750,419 ","(270,600,883)"
대손충당금환입,0 ,0 ,0 ,0 ,0 ,0 ,0 ,0 ,,,0 ,,0 ,대손충당금환입,0 ,0 ,0 ,0 ,0 ,0 ,0 ,0 ,0 ,0 ,0 ,0 ,0 ,대손충당금환입,0 ,0 ,0 ,0 ,0 ,0 ,0 ,0 ,"(1,890,736,409)",0 ,"1,890,736,409 ",0 ,"1,890,736,409 ",대손충당금환입,0 ,0 ,0 ,0 ,0 ,0 ,0 ,0 ,"(15,555,231)",0 ,"1,906,291,640 ","1,890,736,409 ","15,555,231 "
무형자산손상차손환입,0 ,0 ,0 ,0 ,0 ,0 ,0 ,0 ,,,0 ,,0 ,무형자산손상차손환입,0 ,0 ,0 ,0 ,0 ,0 ,0 ,0 ,0 ,0 ,0 ,0 ,0 ,무형자산손상차손환입,0 ,0 ,0 ,0 ,0 ,0 ,0 ,0 ,0 ,0 ,0 ,0 ,0 ,무형자산손상차손환입,0 ,0 ,0 ,0 ,0 ,0 ,0 ,0 ,0 ,0 ,0 ,0 ,0 
투자부동산처분이익,0 ,0 ,0 ,0 ,0 ,0 ,0 ,0 ,,,0 ,,0 ,투자부동산처분이익,0 ,0 ,0 ,0 ,0 ,0 ,0 ,0 ,0 ,0 ,0 ,0 ,0 ,투자부동산처분이익,0 ,0 ,0 ,0 ,0 ,0 ,0 ,0 ,0 ,0 ,0 ,0 ,0 ,투자부동산처분이익,0 ,0 ,0 ,0 ,0 ,0 ,0 ,0 ,0 ,0 ,0 ,0 ,0 
유형자산처분이익,0 ,0 ,0 ,0 ,0 ,0 ,0 ,0 ,,,0 ,,0 ,유형자산처분이익,0 ,0 ,0 ,0 ,0 ,0 ,0 ,0 ,0 ,0 ,0 ,0 ,0 ,유형자산처분이익,0 ,0 ,0 ,0 ,0 ,0 ,0 ,0 ,0 ,0 ,0 ,0 ,0 ,유형자산처분이익,0 ,0 ,0 ,0 ,0 ,0 ,0 ,0 ,0 ,0 ,0 ,0 ,0 
무형자산처분이익,0 ,0 ,0 ,0 ,0 ,0 ,0 ,0 ,,,0 ,,0 ,무형자산처분이익,0 ,0 ,0 ,0 ,0 ,0 ,0 ,0 ,0 ,0 ,0 ,0 ,0 ,무형자산처분이익,0 ,0 ,0 ,0 ,0 ,0 ,0 ,0 ,0 ,0 ,0 ,0 ,0 ,무형자산처분이익,0 ,0 ,0 ,0 ,0 ,0 ,0 ,0 ,0 ,0 ,0 ,0 ,0 
금융보증부채환입액,0 ,0 ,0 ,0 ,0 ,0 ,0 ,0 ,,,0 ,,0 ,금융보증부채환입액,0 ,0 ,0 ,0 ,0 ,0 ,0 ,0 ,0 ,0 ,0 ,0 ,0 ,금융보증부채환입액,0 ,0 ,0 ,0 ,0 ,0 ,0 ,0 ,0 ,0 ,0 ,0 ,0 ,금융보증부채환입액,0 ,0 ,0 ,0 ,0 ,0 ,0 ,0 ,0 ,0 ,0 ,0 ,0 
잡이익,"380,461,234 ","109,624,362 ","7,773,804 ",0 ,"10,293,991 ","3,479 ",0 ,"508,156,870 ","303,636 ",,"507,853,234 ",,"507,853,234 ",잡이익,"120,364,855 ","123,957,728 ","8,079,749 ",0 ,"(7,148,956)","2,260 ",0 ,"245,255,636 ",0 ,0 ,"753,108,870 ","507,853,235 ","245,255,635 ",잡이익,"251,826,302 ","6,209,463 ","3,686,010 ",0 ,"181,551 ","12,798 ",0 ,"261,916,124 ",0 ,1 ,"1,015,024,995 ","753,108,871 ","261,916,124 ",잡이익,"788,815,720 ","14,921,851 ","9,352,361 ","1,359 ",0 ,"61,791 ",0 ,"813,153,082 ","57,727 ",(1),"1,828,120,349 ","1,015,024,995 ","813,095,354 "
단기매매증권평가이익,0 ,0 ,0 ,0 ,0 ,0 ,0 ,0 ,,,0 ,,0 ,단기매매증권평가이익,0 ,0 ,0 ,0 ,0 ,0 ,0 ,0 ,0 ,0 ,0 ,0 ,0 ,단기매매증권평가이익,0 ,0 ,0 ,0 ,0 ,0 ,0 ,0 ,0 ,0 ,0 ,0 ,0 ,단기매매증권평가이익,0 ,0 ,0 ,0 ,0 ,0 ,0 ,0 ,0 ,0 ,0 ,0 ,0 
단기매매증권처분이익,0 ,0 ,0 ,0 ,0 ,0 ,0 ,0 ,,,0 ,,0 ,단기매매증권처분이익,0 ,0 ,0 ,0 ,0 ,0 ,0 ,0 ,0 ,0 ,0 ,0 ,0 ,단기매매증권처분이익,0 ,0 ,0 ,0 ,0 ,0 ,0 ,0 ,0 ,0 ,0 ,0 ,0 ,단기매매증권처분이익,0 ,0 ,0 ,0 ,0 ,0 ,0 ,0 ,0 ,0 ,0 ,0 ,0 
파생상품평가이익,0 ,0 ,0 ,0 ,0 ,0 ,0 ,0 ,,,0 ,,0 ,파생상품평가이익,0 ,0 ,0 ,0 ,0 ,0 ,0 ,0 ,0 ,0 ,0 ,0 ,0 ,파생상품평가이익,0 ,0 ,0 ,0 ,0 ,0 ,0 ,0 ,0 ,0 ,0 ,0 ,0 ,파생상품평가이익,0 ,0 ,0 ,0 ,0 ,0 ,0 ,0 ,0 ,0 ,0 ,0 ,0 
당기손익-공정가치측정금융자산 평가이익,"116,062,800 ",0 ,0 ,0 ,0 ,0 ,0 ,"116,062,800 ",,,"116,062,800 ",,"116,062,800 ",당기손익-공정가치측정금융자산 평가이익,"1,885,778,689 ",0 ,0 ,0 ,0 ,0 ,0 ,"1,885,778,689 ",0 ,0 ,"2,001,841,489 ","116,062,800 ","1,885,778,689 ",당기손익-공정가치측정금융자산 평가이익,"(24,844,465)",0 ,0 ,0 ,0 ,0 ,0 ,"(24,844,465)",0 ,0 ,"1,976,997,024 ","2,001,841,489 ","(24,844,465)",당기손익-공정가치측정금융자산 평가이익,"967,665,668 ",0 ,0 ,0 ,0 ,0 ,0 ,"967,665,668 ",0 ,0 ,"2,944,662,692 ","1,976,997,024 ","967,665,668 "
당기손익인식금융자산처분이익,"18,481,512 ",0 ,0 ,0 ,0 ,0 ,0 ,"18,481,512 ",,,"18,481,512 ",,"18,481,512 ",당기손익인식금융자산처분이익,"233,565,910 ",0 ,0 ,0 ,0 ,0 ,0 ,"233,565,910 ",0 ,0 ,"252,047,422 ","18,481,512 ","233,565,910 ",당기손익인식금융자산처분이익,0 ,0 ,0 ,0 ,0 ,0 ,0 ,0 ,0 ,0 ,"252,047,422 ","252,047,422 ",0 ,당기손익인식금융자산처분이익,"18,240,000 ",0 ,0 ,0 ,0 ,0 ,0 ,"18,240,000 ",0 ,0 ,"270,287,422 ","252,047,422 ","18,240,000 "
파생상품거래이익,"340,996,299 ",0 ,0 ,0 ,0 ,0 ,0 ,"340,996,299 ",,,"340,996,299 ",,"340,996,299 ",파생상품거래이익,"356,711,005 ",0 ,0 ,0 ,0 ,0 ,0 ,"356,711,005 ",0 ,0 ,"697,707,304 ","340,996,299 ","356,711,005 ",파생상품거래이익,"331,550,000 ",0 ,0 ,0 ,0 ,0 ,0 ,"331,550,000 ",0 ,0 ,"1,029,257,304 ","697,707,304 ","331,550,000 ",파생상품거래이익,"480,725,754 ",0 ,0 ,0 ,0 ,0 ,0 ,"480,725,754 ",0 ,0 ,"1,509,983,058 ","1,029,257,304 ","480,725,754 "
지분법이익,0 ,0 ,0 ,0 ,0 ,0 ,0 ,0 ,,,0 ,,0 ,지분법이익,0 ,0 ,0 ,0 ,0 ,0 ,0 ,0 ,0 ,0 ,0 ,0 ,0 ,지분법이익,0 ,0 ,0 ,0 ,0 ,0 ,0 ,0 ,0 ,"10,539,915,401 ","10,539,915,401 ",0 ,"10,539,915,401 ",지분법이익,0 ,0 ,0 ,0 ,0 ,0 ,0 ,0 ,0 ,"17,705,243,017 ","28,245,158,418 ","10,539,915,401 ","17,705,243,017 "
관계기업투자주식처분이익,0 ,0 ,0 ,0 ,0 ,0 ,0 ,0 ,0 ,0 ,0 ,,0 ,관계기업투자주식처분이익,0 ,0 ,0 ,0 ,0 ,0 ,0 ,0 ,0 ,0 ,0 ,0 ,0 ,관계기업투자주식처분이익,0 ,0 ,0 ,0 ,0 ,0 ,0 ,0 ,0 ,0 ,0 ,0 ,0 ,관계기업투자주식처분이익,0 ,0 ,0 ,0 ,0 ,0 ,0 ,0 ,0 ,0 ,0 ,0 ,0 
염가매수차익,0 ,0 ,0 ,0 ,0 ,0 ,0 ,0 ,,0 ,0 ,,0 ,염가매수차익,0 ,0 ,0 ,0 ,0 ,0 ,0 ,0 ,0 ,0 ,0 ,0 ,0 ,염가매수차익,0 ,0 ,0 ,0 ,0 ,0 ,0 ,0 ,0 ,0 ,0 ,0 ,0 ,염가매수차익,"4,789,938,000 ",0 ,0 ,0 ,0 ,0 ,0 ,"4,789,938,000 ","4,789,938,000 ","5,081,716,009 ","5,081,716,009 ",0 ,"5,081,716,009 "
Ⅶ.영업외비용,"9,490,055,649 ","628,346,288 ","283,397,399 ","329,174 ","34,670,455 ","133,593,551 ","388,002,745 ","10,958,395,261 ",,,"11,541,691,610 ",,"11,541,691,610 ",Ⅶ.영업외비용,"3,113,774,886 ","741,460,750 ","241,979,117 ",0 ,"45,006,824 ","134,542,552 ","(388,002,745)","4,534,287,080 ",0 ,0 ,"16,647,672,654 ","11,541,691,610 ","5,105,981,044 ",Ⅶ.영업외비용,"10,753,691,933 ","821,655,266 ","174,408,627 ",0 ,"111,304,538 ","161,294,248 ","3,885,352,150 ","15,262,181,066 ",0 ,0 ,"32,125,383,315 ","16,647,672,654 ","15,477,710,661 ",Ⅶ.영업외비용,"8,989,870,295 ","1,158,422,707 ","234,707,682 ","10,766,307 ",0 ,"209,742,143 ","6,974,516,065 ","17,578,025,199 ",0 ,0 ,"49,360,421,881 ","32,125,383,315 ","17,235,038,566 "
이자비용,"1,972,831,801 ","627,847,053 ","232,752,002 ",0 ,"14,539,819 ","133,593,544 ","141,366,250 ","3,122,930,469 ",,"219,036,137 ","2,903,894,332 ",,"2,903,894,332 ",이자비용,"1,909,586,130 ","726,771,886 ","206,264,964 ",0 ,"18,520,458 ","134,542,547 ","(141,366,250)","3,124,745,811 ",0 ,"227,601,302 ","5,801,038,841 ","2,903,894,332 ","2,897,144,509 ",이자비용,"1,869,400,948 ","567,558,153 ","195,666,514 ",0 ,"10,902,075 ","161,243,467 ","421,837,597 ","2,956,182,678 ",0 ,"230,442,910 ","8,526,778,609 ","5,801,038,841 ","2,725,739,768 ",이자비용,"2,147,909,129 ","988,302,511 ","183,839,641 ",0 ,0 ,"209,570,703 ","164,002,602 ","3,693,624,586 ",0 ,"380,414,201 ","11,839,988,994 ","8,526,778,609 ","3,313,210,385 "
외화환산손실,"390,765,650 ",0 ,0 ,"329,174 ","16,218,155 ",0 ,0 ,"407,312,979 ",,,"407,312,979 ",,"407,312,979 ",외화환산손실,"170,135,743 ",0 ,0 ,0 ,"4,214,628 ",0 ,0 ,"174,350,371 ",0 ,0 ,"581,663,350 ","407,312,979 ","174,350,371 ",외화환산손실,"459,621,871 ",0 ,0 ,0 ,"60,175,335 ",0 ,"(37,907,371)","481,889,835 ",0 ,0 ,"1,063,553,185 ","581,663,350 ","481,889,835 ",외화환산손실,"1,360,583,181 ",0 ,0 ,"568,524 ",0 ,0 ,"37,907,371 ","1,399,059,076 ",0 ,0 ,"2,462,612,261 ","1,063,553,185 ","1,399,059,076 "
외환차손,"3,126,749,034 ",0 ,"50,645,397 ",0 ,"3,912,479 ",0 ,"153,080,404 ","3,334,387,314 ",,0 ,"3,334,387,314 ",,"3,334,387,314 ",외환차손,"1,097,111,541 ","(159,753)","35,714,153 ",0 ,"17,271,738 ",0 ,"(153,080,404)","1,276,432,888 ",0 ,0 ,"4,610,820,202 ","3,334,387,314 ","1,276,432,888 ",외환차손,"2,983,469,946 ","(96,477)","(21,581,244)",0 ,"40,227,128 ","10,168 ","1,025,201,635 ","3,747,655,543 ",0 ,0 ,"8,358,475,745 ","4,610,820,202 ","3,747,655,543 ",외환차손,"3,467,091,952 ","377,263 ","50,761,832 ","9,610,732 ",0 ,"152,503 ","(422,039,619)","3,105,954,663 ",0 ,0 ,"11,464,430,408 ","8,358,475,745 ","3,105,954,663 "
기타의대손상각비,"57,433,463 ",0 ,0 ,0 ,0 ,0 ,0 ,"57,433,463 ",,,"57,433,463 ",,"57,433,463 ",기타의대손상각비,"(8,908,160)",0 ,0 ,0 ,0 ,0 ,0 ,"(8,908,160)",0 ,0 ,"48,525,303 ","57,433,463 ","(8,908,160)",기타의대손상각비,"119,313,529 ",0 ,0 ,0 ,0 ,0 ,"(1,890,736,409)","(1,771,422,880)",0 ,"(1,890,736,409)","167,838,832 ","48,525,303 ","119,313,529 ",기타의대손상각비,"(85,573,411)",0 ,0 ,0 ,0 ,0 ,"(15,555,231)","(101,128,642)",0 ,"(15,555,231)","82,265,421 ","167,838,832 ","(85,573,411)"
금융보증비용,0 ,0 ,0 ,0 ,0 ,0 ,0 ,0 ,,,0 ,,0 ,금융보증비용,0 ,0 ,0 ,0 ,0 ,0 ,0 ,0 ,0 ,0 ,0 ,0 ,0 ,금융보증비용,0 ,0 ,0 ,0 ,0 ,0 ,0 ,0 ,0 ,0 ,0 ,0 ,0 ,금융보증비용,0 ,0 ,0 ,0 ,0 ,0 ,0 ,0 ,0 ,0 ,0 ,0 ,0 
기타의금융수수료,0 ,0 ,0 ,0 ,0 ,0 ,0 ,0 ,,,0 ,,0 ,기타의금융수수료,0 ,0 ,0 ,0 ,0 ,0 ,0 ,0 ,0 ,0 ,0 ,0 ,0 ,기타의금융수수료,0 ,0 ,0 ,0 ,0 ,0 ,0 ,0 ,0 ,0 ,0 ,0 ,0 ,기타의금융수수료,0 ,0 ,0 ,0 ,0 ,0 ,0 ,0 ,0 ,0 ,0 ,0 ,0 
무형자산폐기손실,0 ,0 ,0 ,0 ,0 ,0 ,0 ,0 ,,,0 ,,0 ,무형자산폐기손실,0 ,0 ,0 ,0 ,0 ,0 ,0 ,0 ,0 ,0 ,0 ,0 ,0 ,무형자산폐기손실,0 ,0 ,0 ,0 ,0 ,0 ,0 ,0 ,0 ,0 ,0 ,0 ,0 ,무형자산폐기손실,0 ,0 ,0 ,0 ,0 ,0 ,0 ,0 ,0 ,0 ,0 ,0 ,0 
무형자산손상차손,0 ,0 ,0 ,0 ,0 ,0 ,0 ,0 ,,,0 ,,0 ,무형자산손상차손,0 ,0 ,0 ,0 ,0 ,0 ,0 ,0 ,0 ,0 ,0 ,0 ,0 ,무형자산손상차손,0 ,0 ,0 ,0 ,0 ,0 ,0 ,0 ,0 ,0 ,0 ,0 ,0 ,무형자산손상차손,0 ,0 ,0 ,0 ,0 ,0 ,0 ,0 ,0 ,0 ,0 ,0 ,0 
재고자산폐기손실,0 ,0 ,0 ,0 ,0 ,0 ,0 ,0 ,,,0 ,,0 ,재고자산폐기손실,0 ,0 ,0 ,0 ,0 ,0 ,0 ,0 ,0 ,0 ,0 ,0 ,0 ,재고자산폐기손실,0 ,0 ,0 ,0 ,0 ,0 ,0 ,0 ,0 ,0 ,0 ,0 ,0 ,재고자산폐기손실,0 ,0 ,0 ,0 ,0 ,0 ,0 ,0 ,0 ,0 ,0 ,0 ,0 
유형자산처분손실,0 ,0 ,0 ,0 ,0 ,0 ,0 ,0 ,,,0 ,,0 ,유형자산처분손실,0 ,"3,893,274 ",0 ,0 ,0 ,0 ,0 ,"3,893,274 ",0 ,0 ,"3,893,274 ",0 ,"3,893,274 ",유형자산처분손실,0 ,"244,053,549 ",0 ,0 ,0 ,0 ,0 ,"244,053,549 ",0 ,0 ,"247,946,823 ","3,893,274 ","244,053,549 ",유형자산처분손실,"32,149,021 ","2,154,680 ",0 ,0 ,0 ,0 ,0 ,"34,303,701 ",0 ,0 ,"282,250,524 ","247,946,823 ","34,303,701 "
유형자산폐기손실,0 ,0 ,0 ,0 ,0 ,0 ,0 ,0 ,,,0 ,,0 ,유형자산폐기손실,"696,015,579 ",0 ,0 ,0 ,0 ,0 ,0 ,"696,015,579 ",0 ,0 ,"696,015,579 ",0 ,"696,015,579 ",유형자산폐기손실,"185,802,573 ",0 ,0 ,0 ,0 ,0 ,0 ,"185,802,573 ",0 ,0 ,"881,818,152 ","696,015,579 ","185,802,573 ",유형자산폐기손실,"502,560,558 ",0 ,0 ,0 ,0 ,0 ,0 ,"502,560,558 ",0 ,0 ,"1,384,378,710 ","881,818,152 ","502,560,558 "
유형자산손상차손,0 ,0 ,0 ,0 ,0 ,0 ,0 ,0 ,,,0 ,,0 ,유형자산손상차손,0 ,0 ,0 ,0 ,0 ,0 ,0 ,0 ,0 ,0 ,0 ,0 ,0 ,유형자산손상차손,0 ,0 ,0 ,0 ,0 ,0 ,0 ,0 ,0 ,0 ,0 ,0 ,0 ,유형자산손상차손,0 ,0 ,0 ,0 ,0 ,0 ,0 ,0 ,0 ,0 ,0 ,0 ,0 
무형자산처분손실,0 ,0 ,0 ,0 ,0 ,0 ,0 ,0 ,,,0 ,,0 ,무형자산처분손실,0 ,0 ,0 ,0 ,0 ,0 ,0 ,0 ,0 ,0 ,0 ,0 ,0 ,무형자산처분손실,0 ,0 ,0 ,0 ,0 ,0 ,0 ,0 ,0 ,0 ,0 ,0 ,0 ,무형자산처분손실,0 ,0 ,0 ,0 ,0 ,0 ,0 ,0 ,0 ,0 ,0 ,0 ,0 
기부금,0 ,0 ,0 ,0 ,0 ,0 ,"93,556,091 ","93,556,091 ",,,"93,556,091 ",,"93,556,091 ",기부금,"402,823,415 ",0 ,0 ,0 ,"5,000,000 ",0 ,"(93,556,091)","409,305,862 ",0 ,0 ,"502,861,953 ","93,556,091 ","409,305,862 ",기부금,"1,909,490,243 ",0 ,0 ,0 ,0 ,0 ,"95,274,461 ","1,909,726,166 ",0 ,0 ,"2,412,588,119 ","502,861,953 ","1,909,726,166 ",기부금,"825,661,559 ",0 ,0 ,0 ,0 ,0 ,"783,831 ","826,445,390 ",0 ,0 ,"3,239,033,509 ","2,412,588,119 ","826,445,390 "
지분법손실,0 ,0 ,0 ,0 ,0 ,0 ,0 ,0 ,,"(802,914,411)","802,914,411 ",,"802,914,411 ",지분법손실,0 ,0 ,0 ,0 ,0 ,0 ,0 ,0 ,0 ,"(799,937,438)","1,602,851,849 ","802,914,411 ","799,937,438 ",지분법손실,0 ,0 ,0 ,0 ,0 ,0 ,0 ,0 ,"160,892,127 ","1,602,851,849 ","160,892,127 ","1,602,851,849 ","(1,441,959,722)",지분법손실,0 ,0 ,0 ,0 ,0 ,0 ,0 ,0 ,"51,985,980 ",0 ,"212,878,107 ","160,892,127 ","51,985,980 "
파생상품평가손실,"51,966,231 ",0 ,0 ,0 ,0 ,0 ,0 ,"51,966,231 ",,,"51,966,231 ",,"51,966,231 ",파생상품평가손실,"(51,966,231)",0 ,0 ,0 ,0 ,0 ,0 ,"(51,966,231)",0 ,0 ,0 ,"51,966,231 ","(51,966,231)",파생상품평가손실,"107,114,696 ",0 ,0 ,0 ,0 ,0 ,0 ,"107,114,696 ",0 ,0 ,"107,114,696 ",0 ,"107,114,696 ",파생상품평가손실,"(107,114,696)",0 ,0 ,0 ,0 ,0 ,0 ,"(107,114,696)",0 ,0 ,0 ,"107,114,696 ","(107,114,696)"
파생상품거래손실,"80,126,550 ",0 ,0 ,0 ,0 ,0 ,0 ,"80,126,550 ",,,"80,126,550 ",,"80,126,550 ",파생상품거래손실,"166,353,479 ",0 ,0 ,0 ,0 ,0 ,0 ,"166,353,479 ",0 ,0 ,"246,480,029 ","80,126,550 ","166,353,479 ",파생상품거래손실,"583,104,937 ",0 ,0 ,0 ,0 ,0 ,0 ,"583,104,937 ",0 ,0 ,"829,584,966 ","246,480,029 ","583,104,937 ",파생상품거래손실,"311,201,034 ",0 ,0 ,0 ,0 ,0 ,0 ,"311,201,034 ",0 ,0 ,"1,140,786,000 ","829,584,966 ","311,201,034 "
잡손실,"2,002,821,758 ","499,235 ",0 ,0 ,2 ,7 ,0 ,"2,003,321,002 ",,"581,925 ","2,002,739,077 ",,"2,002,739,077 ",잡손실,"104,974,446 ","10,955,343 ",0 ,0 ,0 ,5 ,0 ,"116,415,263 ",181 ,"642,353 ","2,118,512,168 ","2,002,739,077 ","115,773,091 ",잡손실,"44,080,417 ","10,140,041 ","323,357 ",0 ,0 ,"40,613 ","4,271,682,237 ","4,325,781,196 ",30 ,"2,804,212 ","6,441,489,182 ","2,118,512,168 ","4,322,977,014 ",잡손실,"676,133,168 ","167,588,253 ","106,209 ","587,051 ",0 ,"18,937 ","7,209,417,111 ","8,053,850,729 ",68 ,"30,113,711 ","14,465,226,268 ","6,441,489,182 ","8,023,737,086 "
소송충당부채전입액,,,,,0 ,,0 ,0 ,,,0 ,,0 ,소송충당부채전입액,0 ,0 ,0 ,0 ,0 ,0 ,0 ,0 ,0 ,0 ,0 ,0 ,0 ,소송충당부채전입액,0 ,0 ,0 ,0 ,0 ,0 ,0 ,0 ,0 ,0 ,0 ,0 ,0 ,소송충당부채전입액,0 ,0 ,0 ,0 ,0 ,0 ,0 ,0 ,0 ,0 ,0 ,0 ,0 
당기손익-공정가치측정금융자산 평가손실,"1,807,361,162 ",0 ,0 ,0 ,0 ,0 ,0 ,"1,807,361,162 ",,,"1,807,361,162 ",,"1,807,361,162 ",당기손익-공정가치측정금융자산 평가손실,"(1,372,351,056)",0 ,0 ,0 ,0 ,0 ,0 ,"(1,372,351,056)",0 ,0 ,"435,010,106 ","1,807,361,162 ","(1,372,351,056)",당기손익-공정가치측정금융자산 평가손실,"140,731,200 ",0 ,0 ,0 ,0 ,0 ,0 ,"140,731,200 ",0 ,0 ,"575,741,306 ","435,010,106 ","140,731,200 ",당기손익-공정가치측정금융자산 평가손실,"(140,731,200)",0 ,0 ,0 ,0 ,0 ,0 ,"(140,731,200)",0 ,0 ,"435,010,106 ","575,741,306 ","(140,731,200)"
종속기업처분손실,0 ,,,,,,0 ,0 ,,,0 ,,0 ,종속기업처분손실,0 ,0 ,0 ,0 ,0 ,0 ,0 ,0 ,0 ,0 ,0 ,0 ,0 ,종속기업처분손실,0 ,0 ,0 ,0 ,0 ,0 ,0 ,0 ,0 ,0 ,0 ,0 ,0 ,종속기업처분손실,0 ,0 ,0 ,0 ,0 ,0 ,0 ,0 ,0 ,0 ,0 ,0 ,0 
당기손익인식금융자산처분손실,0 ,0 ,0 ,0 ,0 ,0 ,0 ,0 ,,,0 ,,0 ,당기손익인식금융자산처분손실,0 ,0 ,0 ,0 ,0 ,0 ,0 ,0 ,0 ,0 ,0 ,0 ,0 ,당기손익인식금융자산처분손실,"2,351,561,573 ",0 ,0 ,0 ,0 ,0 ,0 ,"2,351,561,573 ",0 ,0 ,"2,351,561,573 ",0 ,"2,351,561,573 ",당기손익인식금융자산처분손실,0 ,0 ,0 ,0 ,0 ,0 ,0 ,0 ,0 ,0 ,"2,351,561,573 ","2,351,561,573 ",0 
Ⅷ.법인세비용차감전순이익,"95,251,745,039 ","24,331,184,574 ","444,488,340 ","(3,104,122)","90,225,374 ","(3,100,164,607)","2,208,908,557 ","119,223,283,155 ",,,"128,158,681,133 ",,"128,158,681,133 ",Ⅷ.법인세비용차감전순이익,"62,676,355,287 ","20,304,682,147 ","330,874,624 ","5,623,082 ","(101,701,554)","(2,590,461,651)","(2,208,908,557)","81,530,037,158 ",0 ,0 ,"226,114,747,187 ","128,158,681,134 ","97,956,066,053 ",Ⅷ.법인세비용차감전순이익,"140,450,377,411 ","12,648,731,144 ","351,231,518 ","7,216,868 ","(4,438,521,816)","(1,671,798,065)","(447,819,447)","143,785,843,833 ",0 ,0 ,"335,954,642,417 ","226,114,747,188 ","109,839,895,229 ",Ⅷ.법인세비용차감전순이익,"128,340,635,323 ","(23,540,532,501)","1,594,443,882 ","27,361,026 ",0 ,"(7,389,267,529)","(3,391,145,699)","95,641,494,502 ",0 ,0 ,"477,301,087,121 ","335,954,642,417 ","141,346,444,704 "
Ⅸ.법인세비용,"23,065,067,295 ","6,271,820,797 ","125,508,081 ",0 ,"18,857,103 ","(3,103,908)",0 ,"29,478,149,368 ","2,547,076,872 ","188,443,337 ","31,836,782,903 ",,"31,836,782,903 ",Ⅸ.법인세비용,"14,172,249,775 ","4,955,297,028 ","63,632,960 ",0 ,"661,024,588 ","2,705,535 ",0 ,"19,854,909,886 ","4,344,535,920 ","194,414,567 ","55,841,814,143 ","31,836,782,903 ","24,005,031,239 ",Ⅸ.법인세비용,"34,564,221,340 ","3,170,059,809 ","349,378,019 ",0 ,"259,796,028 ","4,800,980 ","27,618,433 ","38,375,874,609 ","(7,902,778,444)","434,234,204 ","85,880,676,104 ","55,841,814,143 ","30,038,861,961 ",Ⅸ.법인세비용,"31,385,544,343 ","(5,875,210,867)","54,407,137 ",0 ,0 ,"(1,617,661,183)","227,219 ","23,947,306,649 ","11,711,505,261 ","198,219,392 ","121,341,268,621 ","85,880,676,104 ","35,460,592,518 "
 계속사업손익,"72,186,677,744 ","18,059,363,777 ","318,980,259 ","(3,104,122)","71,368,271 ","(3,097,060,699)","2,208,908,557 ","89,745,133,787 ",0 ,,"96,321,898,230 ",,"96,321,898,230 ", 계속사업손익,"48,504,105,512 ","15,349,385,119 ","267,241,664 ","5,623,082 ","(762,726,142)","(2,593,167,186)","(2,208,908,557)","61,675,127,272 ",0 ,0 ,"170,272,933,045 ","96,321,898,231 ","73,951,034,814 ", 계속사업손익,"105,886,156,071 ","9,478,671,335 ","1,853,499 ","7,216,868 ","(4,698,317,844)","(1,676,599,045)","(475,437,880)","105,409,969,224 ",0 ,0 ,"250,073,966,314 ","170,272,933,045 ","79,801,033,268 ", 계속사업손익,"96,955,090,980 ","(17,665,321,634)","1,540,036,745 ","27,361,026 ",0 ,"(5,771,606,346)","(3,391,372,918)","71,694,187,853 ",0 ,0 ,"355,959,818,500 ","250,073,966,314 ","105,885,852,186 "
 중단사업손익,0 ,0 ,0 ,0 ,0 ,,0 ,0 ,,,0 ,,0 , 중단사업손익,0 ,0 ,0 ,0 ,0 ,0 ,0 ,0 ,0 ,0 ,0 ,0 ,0 , 중단사업손익,0 ,0 ,0 ,0 ,0 ,0 ,0 ,0 ,0 ,0 ,0 ,0 ,0 , 중단사업손익,0 ,0 ,0 ,0 ,0 ,0 ,0 ,0 ,0 ,0 ,0 ,0 ,0 
Ⅹ.당기순이익,"72,186,677,744 ","18,059,363,777 ","318,980,259 ","(3,104,122)","71,368,271 ","(3,097,060,699)","2,208,908,557 ","89,745,133,787 ","339,618,615,759 ","346,195,380,202 ","96,321,898,230 ",,"96,321,898,230 ",Ⅹ.당기순이익,"48,504,105,512 ","15,349,385,119 ","267,241,664 ","5,623,082 ","(762,726,142)","(2,593,167,186)","(2,156,783,526)","61,675,127,272 ","183,900,364,533 ","196,176,272,076 ","170,272,933,045 ","96,321,898,231 ","73,951,034,814 ",Ⅹ.당기순이익,"105,886,156,071 ","9,478,671,335 ","1,853,499 ","7,216,868 ","(4,698,317,844)","(1,676,599,045)","(527,562,911)","105,409,969,224 ","458,068,891,067 ","432,459,955,112 ","250,073,966,314 ","170,272,933,045 ","79,801,033,268 ",Ⅹ.당기순이익,"96,955,090,980 ","(17,665,321,634)","1,540,036,745 ","27,361,026 ",0 ,"(5,771,606,346)","(3,391,372,918)","71,694,187,853 ","350,944,614,777 ","385,136,279,110 ","355,959,818,500 ","250,073,966,314 ","105,885,852,186 "
   지배지분,"72,186,677,744 ","18,059,363,777 ","318,980,259 ","(3,104,122)","71,368,271 ","(3,097,060,699)","2,208,908,557 ","89,745,133,787 ","(608,530,727)",,"95,713,367,503 ",,"95,713,367,503 ",   지배지분,"48,504,105,512 ","15,349,385,119 ","267,241,664 ","5,623,082 ","(762,726,142)","(2,593,167,186)","(2,156,783,526)","61,675,127,272 ","243,379,922 ",0 ,"169,907,782,240 ","95,713,367,503 ","74,194,414,737 ",   지배지분,"105,886,156,071 ","9,478,671,335 ","1,853,499 ","7,216,868 ","(4,698,317,844)","(1,676,599,045)","(527,562,911)","105,409,969,224 ","3,695,158,513 ",0 ,"253,403,974,022 ","169,907,782,239 ","83,496,191,783 ",   지배지분,"96,955,090,980 ","(17,665,321,634)","1,540,036,745 ","27,361,026 ",0 ,"(5,771,606,346)","(3,391,372,918)","71,694,187,853 ","1,085,543,843 ",0 ,"360,375,370,051 ","253,403,974,022 ","106,971,396,029 "
   비지배지분,0 ,0 ,0 ,0 ,0 ,,0 ,0 ,"608,530,727 ",,"608,530,727 ",,"608,530,727 ",   비지배지분,0 ,0 ,0 ,0 ,0 ,0 ,0 ,0 ,"(243,379,922)",0 ,"365,150,805 ","608,530,728 ","(243,379,923)",   비지배지분,0 ,0 ,0 ,0 ,0 ,0 ,0 ,0 ,"(3,695,158,513)",0 ,"(3,330,007,708)","365,150,806 ","(3,695,158,514)",   비지배지분,0 ,0 ,0 ,0 ,0 ,0 ,0 ,0 ,"(1,085,543,843)",0 ,"(4,415,551,551)","(3,330,007,708)","(1,085,543,843)"
기타포괄손익:,"233,001,518 ","1,504,096,152 ","(188,909,906)","792,166 ",0 ,0 ,"3,486,970,523 ","5,035,950,453 ",,,"3,897,936,201 ",,"3,897,936,201 ",기타포괄손익:,"(334,653,159)","1,868,193,439 ","(94,118,402)","253,932 ",0 ,"(14,304,276)","(3,486,970,523)","3,782,913,631 ",0 ,0 ,"7,298,827,600 ","3,897,936,201 ","3,400,891,399 ",기타포괄손익:,"63,676,367 ","(872,091,050)","85,158,606 ","(843,843)",0 ,"(22,058,670)","2,801,328,267 ","(3,789,342,943)",0 ,0 ,"2,524,955,892 ","7,298,827,600 ","(4,773,871,708)",기타포괄손익:,"119,512,179 ","4,882,725,806 ","(21,487,755)","5,335,727 ",0 ,"1,284,107 ","7,267,033,267 ","12,254,403,331 ",0 ,0 ,"13,931,679,986 ","2,524,955,892 ","11,406,724,094 "
매도가능금융자산평가손익,,0 ,0 ,0 ,,,0 ,0 ,,,0 ,,0 ,매도가능금융자산평가손익,0 ,0 ,0 ,0 ,0 ,0 ,0 ,0 ,0 ,0 ,0 ,0 ,0 ,매도가능금융자산평가손익,0 ,0 ,0 ,0 ,0 ,0 ,0 ,0 ,0 ,0 ,0 ,0 ,0 ,매도가능금융자산평가손익,0 ,0 ,0 ,0 ,0 ,0 ,0 ,0 ,0 ,0 ,0 ,0 ,0 
법인세효과,,0 ,0 ,0 ,,,0 ,0 ,,,0 ,,0 ,법인세효과,0 ,0 ,0 ,0 ,0 ,0 ,0 ,0 ,0 ,0 ,0 ,0 ,0 ,법인세효과,0 ,0 ,0 ,0 ,0 ,0 ,0 ,0 ,0 ,0 ,0 ,0 ,0 ,법인세효과,0 ,0 ,0 ,0 ,0 ,0 ,0 ,0 ,0 ,0 ,0 ,0 ,0 
법인세효과 차감후 금액,,0 ,0 ,0 ,0 ,0 ,0 ,0 ,,,0 ,,0 ,법인세효과 차감후 금액,0 ,0 ,0 ,0 ,0 ,0 ,0 ,0 ,0 ,0 ,0 ,0 ,0 ,법인세효과 차감후 금액,0 ,0 ,0 ,0 ,0 ,0 ,0 ,0 ,0 ,0 ,0 ,0 ,0 ,법인세효과 차감후 금액,0 ,0 ,0 ,0 ,0 ,0 ,0 ,0 ,0 ,0 ,0 ,0 ,0 
자산재평가이익,,0 ,0 ,0 ,,,0 ,0 ,,,0 ,,0 ,자산재평가이익,0 ,0 ,0 ,0 ,0 ,0 ,0 ,0 ,0 ,0 ,0 ,0 ,0 ,자산재평가이익,0 ,0 ,0 ,0 ,0 ,0 ,0 ,0 ,0 ,0 ,0 ,0 ,0 ,자산재평가이익,0 ,0 ,0 ,0 ,0 ,0 ,0 ,0 ,0 ,0 ,0 ,0 ,0 
법인세효과,,0 ,0 ,0 ,,,0 ,0 ,,,0 ,,0 ,법인세효과,0 ,0 ,0 ,0 ,0 ,0 ,0 ,0 ,0 ,0 ,0 ,0 ,0 ,법인세효과,0 ,0 ,0 ,0 ,0 ,0 ,0 ,0 ,0 ,0 ,0 ,0 ,0 ,법인세효과,0 ,0 ,0 ,0 ,0 ,0 ,0 ,0 ,0 ,0 ,0 ,0 ,0 
법인세효과 차감후 금액,,0 ,0 ,0 ,0 ,0 ,0 ,0 ,,,0 ,,0 ,법인세효과 차감후 금액,0 ,0 ,0 ,0 ,0 ,0 ,0 ,0 ,0 ,0 ,0 ,0 ,0 ,법인세효과 차감후 금액,0 ,0 ,0 ,0 ,0 ,0 ,0 ,0 ,0 ,0 ,0 ,0 ,0 ,법인세효과 차감후 금액,0 ,0 ,0 ,0 ,0 ,0 ,0 ,0 ,0 ,0 ,0 ,0 ,0 
보험수리적손익,"310,668,691 ",0 ,0 ,0 ,,0 ,0 ,"310,668,691 ",,,"310,668,691 ",,"310,668,691 ",보험수리적손익,"(446,204,212)",0 ,0 ,0 ,0 ,"(18,338,816)",0 ,"(464,543,028)",0 ,0 ,"(153,874,337)","310,668,691 ","(464,543,028)",보험수리적손익,"84,901,822 ",0 ,0 ,0 ,0 ,"(28,280,345)",0 ,"56,621,477 ",0 ,0 ,"(97,252,860)","(153,874,337)","56,621,477 ",보험수리적손익,"159,349,572 ",0 ,0 ,0 ,0 ,"1,646,290 ",0 ,"160,995,862 ",0 ,0 ,"63,743,002 ","(97,252,860)","160,995,862 "
법인세효과,"(77,667,173)",0 ,0 ,0 ,,0 ,0 ,"(77,667,173)",,,"(77,667,173)",,"(77,667,173)",법인세효과,"111,551,053 ",0 ,0 ,0 ,0 ,"4,034,540 ",0 ,"115,585,593 ",0 ,0 ,"37,918,420 ","(77,667,173)","115,585,593 ",법인세효과,"(21,225,455)",0 ,0 ,0 ,0 ,"6,221,675 ",0 ,"(15,003,780)",0 ,0 ,"22,914,640 ","37,918,420 ","(15,003,780)",법인세효과,"(39,837,393)",0 ,0 ,0 ,0 ,"(362,183)",0 ,"(40,199,576)",0 ,0 ,"(17,284,936)","22,914,640 ","(40,199,576)"
법인세효과 차감후 금액,"233,001,518 ",0 ,0 ,0 ,0 ,0 ,0 ,"233,001,518 ",,,"233,001,518 ",,"233,001,518 ",법인세효과 차감후 금액,"(334,653,159)",0 ,0 ,0 ,0 ,"(14,304,276)",0 ,"(348,957,435)",0 ,0 ,"(115,955,917)","233,001,518 ","(348,957,435)",법인세효과 차감후 금액,"63,676,367 ",0 ,0 ,0 ,0 ,"(22,058,670)",0 ,"41,617,697 ",0 ,0 ,"(74,338,220)","(115,955,917)","41,617,697 ",법인세효과 차감후 금액,"119,512,179 ",0 ,0 ,0 ,0 ,"1,284,107 ",0 ,"120,796,286 ",0 ,0 ,"46,458,066 ","(74,338,220)","120,796,286 "
지분법자본변동,,0 ,0 ,0 ,,,0 ,0 ,,,0 ,,0 ,지분법자본변동,0 ,0 ,0 ,0 ,0 ,0 ,0 ,0 ,0 ,0 ,0 ,0 ,0 ,지분법자본변동,0 ,0 ,0 ,0 ,0 ,0 ,0 ,0 ,0 ,0 ,0 ,0 ,0 ,지분법자본변동,0 ,0 ,0 ,0 ,0 ,0 ,0 ,0 ,0 ,0 ,0 ,0 ,0 
법인세효과,,0 ,0 ,0 ,,,0 ,0 ,,,0 ,,0 ,법인세효과,0 ,0 ,0 ,0 ,0 ,0 ,0 ,0 ,0 ,0 ,0 ,0 ,0 ,법인세효과,0 ,0 ,0 ,0 ,0 ,0 ,0 ,0 ,0 ,0 ,0 ,0 ,0 ,법인세효과,0 ,0 ,0 ,0 ,0 ,0 ,0 ,0 ,0 ,0 ,0 ,0 ,0 
법인세효과 차감후 금액,,0 ,0 ,0 ,0 ,0 ,0 ,0 ,,,0 ,,0 ,법인세효과 차감후 금액,0 ,0 ,0 ,0 ,0 ,0 ,0 ,0 ,0 ,0 ,0 ,0 ,0 ,법인세효과 차감후 금액,0 ,0 ,0 ,0 ,0 ,0 ,0 ,0 ,0 ,0 ,0 ,0 ,0 ,법인세효과 차감후 금액,0 ,0 ,0 ,0 ,0 ,0 ,0 ,0 ,0 ,0 ,0 ,0 ,0 
지분법이익잉여금,,0 ,0 ,0 ,,,0 ,0 ,,,,,0 ,지분법이익잉여금,0 ,0 ,0 ,0 ,0 ,0 ,0 ,0 ,0 ,0 ,,,0 ,지분법이익잉여금,0 ,0 ,0 ,0 ,0 ,0 ,0 ,0 ,0 ,0 ,,,0 ,지분법이익잉여금,0 ,0 ,0 ,0 ,0 ,0 ,0 ,0 ,0 ,0 ,,,0 
법인세효과,,0 ,0 ,0 ,,,0 ,0 ,,,,,0 ,법인세효과,0 ,0 ,0 ,0 ,0 ,0 ,0 ,0 ,0 ,0 ,,,0 ,법인세효과,0 ,0 ,0 ,0 ,0 ,0 ,0 ,0 ,0 ,0 ,,,0 ,법인세효과,0 ,0 ,0 ,0 ,0 ,0 ,0 ,0 ,0 ,0 ,,,0 
법인세효과 차감후 금액,,0 ,0 ,0 ,0 ,0 ,0 ,0 ,,,0 ,,0 ,법인세효과 차감후 금액,0 ,0 ,0 ,0 ,0 ,0 ,0 ,0 ,0 ,0 ,0 ,0 ,0 ,법인세효과 차감후 금액,0 ,0 ,0 ,0 ,0 ,0 ,0 ,0 ,0 ,0 ,0 ,0 ,0 ,법인세효과 차감후 금액,0 ,0 ,0 ,0 ,0 ,0 ,0 ,0 ,0 ,0 ,0 ,0 ,0 
해외사업장환산차이,,"1,504,096,152 ","(188,909,906)","792,166 ",,,"3,486,970,523 ","4,802,948,935 ","2,353,402,255 ","1,215,388,003 ","3,664,934,683 ",,"3,664,934,683 ",해외사업장환산차이,0 ,"1,868,193,439 ","(94,118,402)","253,932 ",0 ,0 ,"(3,486,970,523)","4,131,871,066 ","2,221,815,164 ","1,839,792,931 ","7,414,783,517 ","3,664,934,683 ","3,749,848,834 ",해외사업장환산차이,0 ,"(872,091,050)","85,158,606 ","(843,843)",0 ,0 ,"2,801,328,267 ","(3,830,960,640)","(735,191,268)","(1,719,720,033)","2,599,294,112 ","7,414,783,517 ","(4,815,489,405)",해외사업장환산차이,0 ,"4,882,725,806 ","(21,487,755)","5,335,727 ",0 ,0 ,"7,267,033,267 ","12,133,607,045 ","6,918,831,733 ","6,071,152,496 ","13,885,221,920 ","2,599,294,112 ","11,285,927,808 "
법인세효과,,0 ,0 ,0 ,,,0 ,0 ,,,0 ,,0 ,법인세효과,0 ,0 ,0 ,0 ,0 ,0 ,0 ,0 ,0 ,0 ,0 ,0 ,0 ,법인세효과,0 ,0 ,0 ,0 ,0 ,0 ,0 ,0 ,0 ,0 ,0 ,0 ,0 ,법인세효과,0 ,0 ,0 ,0 ,0 ,0 ,0 ,0 ,0 ,0 ,0 ,0 ,0 
법인세효과 차감후 금액,,"1,504,096,152 ","(188,909,906)","792,166 ",0 ,0 ,"3,486,970,523 ","4,802,948,935 ",,,"3,664,934,683 ",,"3,664,934,683 ",법인세효과 차감후 금액,0 ,"1,868,193,439 ","(94,118,402)","253,932 ",0 ,0 ,"(3,486,970,523)","4,131,871,066 ",0 ,0 ,"7,414,783,517 ","3,664,934,683 ","3,749,848,834 ",법인세효과 차감후 금액,0 ,"(872,091,050)","85,158,606 ","(843,843)",0 ,0 ,"2,801,328,267 ","(3,830,960,640)",0 ,0 ,"2,599,294,112 ","7,414,783,517 ","(4,815,489,405)",법인세효과 차감후 금액,0 ,"4,882,725,806 ","(21,487,755)","5,335,727 ",0 ,0 ,"7,267,033,267 ","12,133,607,045 ",0 ,0 ,"13,885,221,920 ","2,599,294,112 ","11,285,927,808 "
총포괄이익,"72,419,679,262 ","19,563,459,929 ","130,070,353 ","(2,311,956)","71,368,271 ","(3,097,060,699)","5,695,879,080 ","94,781,084,240 ",,,"100,219,834,431 ",,"100,219,834,431 ",총포괄이익,"48,169,452,353 ","17,217,578,558 ","173,123,262 ","5,877,014 ","(762,726,142)","(2,607,471,462)","(5,695,879,080)","65,458,040,903 ",0 ,0 ,"177,571,760,644 ","100,219,834,432 ","77,351,926,212 ",총포괄이익,"105,949,832,438 ","8,606,580,285 ","87,012,105 ","6,373,025 ","(4,698,317,844)","(1,698,657,715)","2,325,890,387 ","101,620,626,281 ",0 ,0 ,"252,598,922,205 ","177,571,760,645 ","75,027,161,560 ",총포괄이익,"97,074,603,159 ","(12,782,595,828)","1,518,548,990 ","32,696,753 ",0 ,"(5,770,322,239)","3,875,660,349 ","83,948,591,184 ",0 ,0 ,"369,891,498,485 ","252,598,922,205 ","117,292,576,280 "
   지배지분,"72,419,679,262 ","19,563,459,929 ","130,070,353 ","(2,311,956)","71,368,271 ","(3,097,060,699)","5,695,879,080 ","94,781,084,240 ","(3,758,824,693)",0 ,"96,461,009,738 ",,"96,461,009,738 ",   지배지분,"48,169,452,353 ","17,217,578,558 ","173,123,262 ","5,877,014 ","(762,726,142)","(2,607,471,462)","(5,695,879,080)","65,458,040,903 ","(211,713,818)",0 ,"173,601,222,134 ","96,461,009,738 ","77,140,212,395 ",   지배지분,"105,949,832,438 ","8,606,580,285 ","87,012,105 ","6,373,025 ","(4,698,317,844)","(1,698,657,715)","2,325,890,387 ","101,620,626,281 ","3,987,133,261 ",0 ,"252,615,516,955 ","173,601,222,134 ","79,014,294,821 ",   지배지분,"97,074,603,159 ","(12,782,595,828)","1,518,548,990 ","32,696,753 ",0 ,"(5,770,322,239)","3,875,660,349 ","83,948,591,184 ","43,082,693 ",0 ,"369,951,175,928 ","252,615,516,955 ","117,335,658,973 "
   비지배지분,0 ,0 ,0 ,0 ,0 ,0 ,0 ,0 ,"3,758,824,693 ",,"3,758,824,693 ",,"3,758,824,693 ",   비지배지분,0 ,0 ,0 ,0 ,0 ,0 ,0 ,0 ,"211,713,818 ",0 ,"3,970,538,511 ","3,758,824,694 ","211,713,817 ",   비지배지분,0 ,0 ,0 ,0 ,0 ,0 ,0 ,0 ,"(3,987,133,261)",0 ,"(16,594,750)","3,970,538,511 ","(3,987,133,261)",   비지배지분,0 ,0 ,0 ,0 ,0 ,0 ,0 ,0 ,"(43,082,693)",0 ,"(59,677,442)","(16,594,750)","(43,082,693)"
