25.1Q, F&F , F&F Shanghai , FnF HONGKONG , F&F 베트남 , 빅텐츠 , 엔터테인머트 , 세르지오 ,,,, 단순합계 ,연결조정분개,, 연결IS ,,,,,,25.2Q, F&F , F&F Shanghai , FnF HONGKONG , F&F 베트남 , 빅텐츠 , 엔터테인머트 , 세르지오 ,,,, 단순합계 ,연결조정분개,, 연결IS ,,,,,,25.3Q, F&F , F&F Shanghai , FnF HONGKONG , F&F 베트남 , 빅텐츠 , 엔터테인머트 , 세르지오 ,,,, 단순합계 ,연결조정분개,, 연결IS ,,,,,,25.4Q, F&F , F&F Shanghai , FnF HONGKONG , F&F 베트남 , 빅텐츠 , 엔터테인머트 , 세르지오 ,,,, 단순합계 ,연결조정분개,, 연결IS ,,,,,
과  목,별도재무제표,IFRS,IFRS,IFRS,IFRS,IFRS, STIP , STO , Dr , Cr ,IFRS,Dr,Cr,2025년 누적,2025년 전분기 누적,2025년 당분기,2024년 누적,2024년 전분기 누적,2024년 당분기,과  목,별도재무제표,IFRS,IFRS,IFRS,IFRS,IFRS, STIP , STO , Dr , Cr ,IFRS,Dr,Cr,2025년 누적,2025년 전분기 누적,2025년 당분기,2024년 누적,2024년 전분기 누적,2024년 당분기,과  목,별도재무제표,IFRS,IFRS,IFRS,IFRS,IFRS, STIP , STO , Dr , Cr ,IFRS,Dr,Cr,2025년 누적,2025년 전분기 누적,2025년 당분기,2024년 누적,2024년 전분기 누적,2024년 당분기,과  목,별도재무제표,IFRS,IFRS,IFRS,IFRS,IFRS, STIP , STO , Dr , Cr ,IFRS,Dr,Cr,2025년 누적,2025년 전분기 누적,2025년 당분기,2024년 누적,2024년 전분기 누적,2024년 당분기
Ⅰ.매출액,"396,770,288,842 ","258,540,056,726 ","20,662,713,081 ","133,758,569 ",0 ,"761,317,700 ","31,675,033 ","8,505,474,308 ",,0 ,"685,373,609,226 ",,,"505,616,173,458 ",,"505,616,173,458 ","507,028,728,355 ",,"507,028,728,355 ",Ⅰ.매출액,"704,163,100,078 ","429,243,111,053 ","36,404,862,249 ","287,208,944 ",0 ,"1,894,332,916 ","52,180,455 ","17,474,210,738 ",,0 ,"1,189,466,825,978 ",,,"884,486,987,611 ","505,616,173,458 ","378,870,814,153 ","898,501,706,698 ","507,028,728,355 ","391,472,978,343 ",Ⅰ.매출액,"1,214,833,860,358 ","713,162,383,032 ","53,313,156,933 ","424,671,086 ",0 ,"4,629,990,147 ","85,594,490 ","33,405,978,310 ",,0 ,"2,019,770,039,866 ",,,"1,358,744,179,377 ","884,486,987,611 ","474,257,191,766 ","1,349,465,143,792 ","898,501,706,698 ","450,963,437,094 ",Ⅰ.매출액,"1,214,833,860,358 ","713,162,383,032 ","53,313,156,933 ","424,671,086 ",0 ,"4,629,990,147 ","85,594,490 ","33,405,978,310 ",,0 ,"2,019,770,039,866 ",,,"1,358,744,179,377 ","884,486,987,611 ","474,257,191,766 ","1,349,465,143,792 ","898,501,706,698 ","450,963,437,094 "
제품매출,"393,778,668,434 ",0 ,0 ,0 ,0 ,0 ,0 ,0 ,,,"393,778,668,434 ","179,552,105,905 ",,"214,226,562,529 ",,"214,226,562,529 ","232,324,293,274 ",,"232,324,293,274 ",제품매출,"698,781,248,266 ",0 ,0 ,0 ,0 ,0 ,0 ,0 ,,,"698,781,248,266 ","304,242,955,269 ",,"394,538,292,997 ","214,226,562,529 ","180,311,730,468 ","438,810,348,010 ","232,324,293,274 ","206,486,054,736 ",제품매출,"1,206,176,352,586 ",0 ,0 ,0 ,0 ,0 ,0 ,0 ,,,"1,206,176,352,586 ","660,315,894,204 ",,"545,860,458,382 ","394,538,292,997 ","151,322,165,385 ","603,709,813,467 ","438,810,348,010 ","164,899,465,457 ",제품매출,"1,206,176,352,586 ",0 ,0 ,0 ,0 ,0 ,0 ,0 ,,,"1,206,176,352,586 ","660,315,894,204 ",,"545,860,458,382 ","394,538,292,997 ","151,322,165,385 ","603,709,813,467 ","438,810,348,010 ","164,899,465,457 "
상품매출,"2,082,727,180 ","258,540,056,726 ","20,662,713,081 ",0 ,0 ,0 ,0 ,"6,076,220,865 ",,,"287,361,717,852 ",0 ,,"287,361,717,852 ",,"287,361,717,852 ","270,370,565,920 ",,"270,370,565,920 ",상품매출,"3,382,108,573 ","429,243,111,053 ","36,404,862,249 ",0 ,0 ,0 ,0 ,"12,944,324,150 ",,,"481,974,406,025 ","3,575,923 ",,"481,970,830,102 ","287,361,717,852 ","194,609,112,250 ","450,160,302,308 ","270,370,565,920 ","179,789,736,388 ",상품매출,"5,282,113,246 ","713,162,383,032 ","53,313,156,933 ",0 ,0 ,0 ,0 ,"19,259,794,277 ",,,"791,017,447,488 ","23,691,073 ",,"790,993,756,415 ","481,970,830,102 ","309,022,926,313 ","724,140,350,954 ","450,160,302,308 ","273,980,048,646 ",상품매출,"5,282,113,246 ","713,162,383,032 ","53,313,156,933 ",0 ,0 ,0 ,0 ,"19,259,794,277 ",,,"791,017,447,488 ","23,691,073 ",,"790,993,756,415 ","481,970,830,102 ","309,022,926,313 ","724,140,350,954 ","450,160,302,308 ","273,980,048,646 "
수수료매출,"333,425,892 ",0 ,0 ,"133,758,569 ",0 ,0 ,0 ,0 ,,,"467,184,461 ","142,834,610 ",,"324,349,851 ",,"324,349,851 ","359,632,715 ",,"359,632,715 ",수수료매출,"592,781,265 ",0 ,0 ,"287,208,944 ",0 ,0 ,0 ,0 ,,,"879,990,209 ","287,208,944 ",,"592,781,265 ","324,349,851 ","268,431,414 ","715,914,933 ","359,632,715 ","356,282,218 ",수수료매출,"811,042,490 ",0 ,0 ,"424,671,086 ",0 ,0 ,0 ,0 ,,,"1,235,713,576 ","424,671,086 ",,"811,042,490 ","592,781,265 ","218,261,225 ","1,017,823,751 ","715,914,933 ","301,908,818 ",수수료매출,"811,042,490 ",0 ,0 ,"424,671,086 ",0 ,0 ,0 ,0 ,,,"1,235,713,576 ","424,671,086 ",,"811,042,490 ","592,781,265 ","218,261,225 ","1,017,823,751 ","715,914,933 ","301,908,818 "
물류매출,0 ,0 ,0 ,0 ,0 ,0 ,0 ,0 ,,,0 ,,,0 ,,0 ,0 ,,0 ,물류매출,0 ,0 ,0 ,0 ,0 ,0 ,0 ,0 ,,,0 ,,,0 ,0 ,0 ,0 ,0 ,0 ,물류매출,0 ,0 ,0 ,0 ,0 ,0 ,0 ,0 ,,,0 ,,,0 ,0 ,0 ,0 ,0 ,0 ,물류매출,0 ,0 ,0 ,0 ,0 ,0 ,0 ,0 ,,,0 ,,,0 ,0 ,0 ,0 ,0 ,0 
임대매출,"70,856,796 ",0 ,0 ,0 ,0 ,0 ,0 ,0 ,,,"70,856,796 ",,,"70,856,796 ",,"70,856,796 ","68,412,771 ",,"68,412,771 ",임대매출,"449,061,603 ",0 ,0 ,0 ,0 ,0 ,0 ,0 ,,,"449,061,603 ",,,"449,061,603 ","70,856,796 ","378,204,807 ","138,063,729 ","68,412,771 ","69,650,958 ",임대매출,"1,012,960,836 ",0 ,0 ,0 ,0 ,0 ,0 ,0 ,,,"1,012,960,836 ",,,"1,012,960,836 ","449,061,603 ","563,899,233 ","207,749,228 ","138,063,729 ","69,685,499 ",임대매출,"1,012,960,836 ",0 ,0 ,0 ,0 ,0 ,0 ,0 ,,,"1,012,960,836 ",,,"1,012,960,836 ","449,061,603 ","563,899,233 ","207,749,228 ","138,063,729 ","69,685,499 "
기타매출,"504,610,540 ",0 ,0 ,0 ,0 ,"761,317,700 ","31,675,033 ","2,429,253,443 ","31,675,033 ",,"3,695,181,683 ","62,495,253 ",,"3,632,686,430 ",,"3,632,686,430 ","3,905,823,675 ",,"3,905,823,675 ",기타매출,"957,900,371 ",0 ,0 ,0 ,0 ,"1,894,332,916 ","52,180,455 ","4,529,886,588 ","52,180,455 ",,"7,382,119,875 ","446,098,231 ",,"6,936,021,644 ","3,632,686,430 ","3,303,335,214 ","8,677,077,718 ","3,905,823,675 ","4,771,254,043 ",기타매출,"1,551,391,200 ",0 ,0 ,0 ,0 ,"4,629,990,147 ","85,594,490 ","14,146,184,033 ","85,594,490 ",,"20,327,565,380 ","261,604,126 ",,"20,065,961,254 ","6,936,021,644 ","13,129,939,610 ","20,389,406,392 ","8,677,077,718 ","11,712,328,674 ",기타매출,"1,551,391,200 ",0 ,0 ,0 ,0 ,"4,629,990,147 ","85,594,490 ","14,146,184,033 ","85,594,490 ",,"20,327,565,380 ","261,604,126 ",,"20,065,961,254 ","6,936,021,644 ","13,129,939,610 ","20,389,406,392 ","8,677,077,718 ","11,712,328,674 "
Ⅱ.매출원가,"145,093,356,692 ","203,777,800,995 ","9,671,179,051 ","115,046,874 ",0 ,"1,530,162,809 ",0 ,"1,998,020,856 ",,,"362,153,892,244 ",,,"175,882,872,584 ",,"175,882,872,584 ","174,544,756,914 ",,"174,544,756,914 ",Ⅱ.매출원가,"247,870,994,951 ","338,999,597,716 ","16,659,260,566 ","266,462,816 ",0 ,"3,585,643,122 ",0 ,"4,355,748,065 ",,,"611,685,526,781 ",,,"295,847,224,008 ","175,882,872,584 ","119,964,351,424 ","294,719,207,924 ","174,544,756,914 ","120,174,451,010 ",Ⅱ.매출원가,"449,911,877,598 ","547,506,021,133 ","24,678,725,603 ","412,140,429 ",0 ,"8,124,655,289 ",0 ,"7,233,216,045 ",,,"1,037,781,041,607 ",,,"461,149,814,540 ","295,847,224,008 ","165,302,590,532 ","460,761,386,335 ","294,719,207,924 ","166,042,178,411 ",Ⅱ.매출원가,"449,911,877,598 ","547,506,021,133 ","24,678,725,603 ","412,140,429 ",0 ,"8,124,655,289 ",0 ,"7,233,216,045 ",,,"1,037,781,041,607 ",,,"461,149,814,540 ","295,847,224,008 ","165,302,590,532 ","460,761,386,335 ","294,719,207,924 ","166,042,178,411 "
제품매출원가,"142,911,348,597 ",0 ,0 ,0 ,0 ,0 ,0 ,0 ,,,"142,911,348,597 ","213,448,980,046 ","186,155,972,785 ","170,204,355,858 ",,"170,204,355,857 ","165,016,369,668 ",,"165,016,369,668 ",제품매출원가,"244,825,140,208 ",0 ,0 ,0 ,0 ,0 ,0 ,0 ,,,"244,825,140,208 ","355,658,858,282 ","315,571,839,957 ","284,912,158,533 ","170,204,355,857 ","114,707,802,676 ","278,475,738,013 ","165,016,369,668 ","113,459,368,345 ",제품매출원가,"445,041,433,910 ",0 ,0 ,0 ,0 ,0 ,0 ,0 ,,,"445,041,433,910 ","572,184,746,736 ","576,219,086,638 ","441,007,094,008 ","284,912,158,533 ","156,094,935,475 ","427,107,340,390 ","278,475,738,013 ","148,631,602,377 ",제품매출원가,"445,041,433,910 ",0 ,0 ,0 ,0 ,0 ,0 ,0 ,,,"445,041,433,910 ","572,184,746,736 ","576,219,086,638 ","441,007,094,008 ","284,912,158,533 ","156,094,935,475 ","427,107,340,390 ","278,475,738,013 ","148,631,602,377 "
기초제품재고액,,0 ,0 ,0 ,0 ,0 ,0 ,0 ,,,0 ,,,0 ,,0 ,0 ,,0 ,기초제품재고액,,0 ,0 ,0 ,0 ,0 ,0 ,0 ,,,0 ,,,0 ,0 ,0 ,0 ,0 ,0 ,기초제품재고액,,0 ,0 ,0 ,0 ,0 ,0 ,0 ,,,0 ,,,0 ,0 ,0 ,0 ,0 ,0 ,기초제품재고액,,0 ,0 ,0 ,0 ,0 ,0 ,0 ,,,0 ,,,0 ,0 ,0 ,0 ,0 ,0 
당기제품제조원가,,0 ,0 ,0 ,0 ,0 ,0 ,0 ,,,0 ,,,0 ,,0 ,0 ,,0 ,당기제품제조원가,,0 ,0 ,0 ,0 ,0 ,0 ,0 ,,,0 ,,,0 ,0 ,0 ,0 ,0 ,0 ,당기제품제조원가,,0 ,0 ,0 ,0 ,0 ,0 ,0 ,,,0 ,,,0 ,0 ,0 ,0 ,0 ,0 ,당기제품제조원가,,0 ,0 ,0 ,0 ,0 ,0 ,0 ,,,0 ,,,0 ,0 ,0 ,0 ,0 ,0 
타계정대체(제품),,0 ,0 ,0 ,0 ,0 ,0 ,0 ,,,0 ,,,0 ,,0 ,0 ,,0 ,타계정대체(제품),,0 ,0 ,0 ,0 ,0 ,0 ,0 ,,,0 ,,,0 ,0 ,0 ,0 ,0 ,0 ,타계정대체(제품),,0 ,0 ,0 ,0 ,0 ,0 ,0 ,,,0 ,,,0 ,0 ,0 ,0 ,0 ,0 ,타계정대체(제품),,0 ,0 ,0 ,0 ,0 ,0 ,0 ,,,0 ,,,0 ,0 ,0 ,0 ,0 ,0 
관세환급금,,0 ,0 ,0 ,0 ,0 ,0 ,0 ,,,0 ,,,0 ,,0 ,0 ,,0 ,관세환급금,,0 ,0 ,0 ,0 ,0 ,0 ,0 ,,,0 ,,,0 ,0 ,0 ,0 ,0 ,0 ,관세환급금,,0 ,0 ,0 ,0 ,0 ,0 ,0 ,,,0 ,,,0 ,0 ,0 ,0 ,0 ,0 ,관세환급금,,0 ,0 ,0 ,0 ,0 ,0 ,0 ,,,0 ,,,0 ,0 ,0 ,0 ,0 ,0 
기말제품재고액,,0 ,0 ,0 ,0 ,0 ,0 ,0 ,,,0 ,,,0 ,,0 ,0 ,,0 ,기말제품재고액,,0 ,0 ,0 ,0 ,0 ,0 ,0 ,,,0 ,,,0 ,0 ,0 ,0 ,0 ,0 ,기말제품재고액,,0 ,0 ,0 ,0 ,0 ,0 ,0 ,,,0 ,,,0 ,0 ,0 ,0 ,0 ,0 ,기말제품재고액,,0 ,0 ,0 ,0 ,0 ,0 ,0 ,,,0 ,,,0 ,0 ,0 ,0 ,0 ,0 
상품매출원가,"1,593,436,412 ","203,777,800,995 ","9,671,179,051 ",0 ,0 ,0 ,0 ,"2,242,623,408 ",,,"217,285,039,866 ",,"213,448,980,046 ","3,836,059,820 ",,"3,836,059,820 ","5,933,762,584 ",,"5,933,762,584 ",상품매출원가,"1,568,513,165 ","338,999,597,716 ","16,659,260,566 ",0 ,0 ,0 ,0 ,"4,575,143,764 ",,,"361,802,515,211 ",,"355,658,858,282 ","6,143,656,929 ","3,836,059,820 ","2,307,597,109 ","8,381,779,376 ","5,933,762,584 ","2,448,016,792 ",상품매출원가,"2,486,033,370 ","547,506,021,133 ","24,678,725,603 ",0 ,0 ,0 ,0 ,"7,297,804,283 ",,,"581,968,584,389 ",,"572,184,746,736 ","9,783,837,653 ","6,143,656,929 ","3,640,180,724 ","10,931,184,312 ","8,381,779,376 ","2,549,404,936 ",상품매출원가,"2,486,033,370 ","547,506,021,133 ","24,678,725,603 ",0 ,0 ,0 ,0 ,"7,297,804,283 ",,,"581,968,584,389 ",,"572,184,746,736 ","9,783,837,653 ","6,143,656,929 ","3,640,180,724 ","10,931,184,312 ","8,381,779,376 ","2,549,404,936 "
기초상품재고액,,0 ,0 ,0 ,0 ,0 ,0 ,0 ,,,0 ,,,0 ,,0 ,,,0 ,기초상품재고액,,0 ,0 ,0 ,0 ,0 ,0 ,0 ,,,0 ,,,0 ,0 ,0 ,#REF!,#REF!,#REF!,기초상품재고액,,0 ,0 ,0 ,0 ,0 ,0 ,0 ,,,0 ,,,0 ,0 ,0 ,#REF!,#REF!,#REF!,기초상품재고액,,0 ,0 ,0 ,0 ,0 ,0 ,0 ,,,0 ,,,0 ,0 ,0 ,#REF!,#REF!,#REF!
당기매입액,,"203,777,800,995 ",0 ,0 ,0 ,0 ,0 ,0 ,,,"203,777,800,995 ",,,"203,777,800,995 ",,"203,777,800,995 ",,,0 ,당기매입액,,"338,999,597,716 ",0 ,0 ,0 ,0 ,0 ,0 ,,,"338,999,597,716 ",,,"338,999,597,716 ","203,777,800,995 ","135,221,796,721 ",#REF!,#REF!,#REF!,당기매입액,,"547,506,021,133 ",0 ,0 ,0 ,0 ,0 ,0 ,,,"547,506,021,133 ",,,"547,506,021,133 ","338,999,597,716 ","208,506,423,417 ",#REF!,#REF!,#REF!,당기매입액,,"547,506,021,133 ",0 ,0 ,0 ,0 ,0 ,0 ,,,"547,506,021,133 ",,,"547,506,021,133 ","338,999,597,716 ","208,506,423,417 ",#REF!,#REF!,#REF!
타계정대체(상품),,0 ,0 ,0 ,0 ,0 ,0 ,0 ,,,0 ,,,0 ,,0 ,,,0 ,타계정대체(상품),,0 ,0 ,0 ,0 ,0 ,0 ,0 ,,,0 ,,,0 ,0 ,0 ,#REF!,#REF!,#REF!,타계정대체(상품),,0 ,0 ,0 ,0 ,0 ,0 ,0 ,,,0 ,,,0 ,0 ,0 ,#REF!,#REF!,#REF!,타계정대체(상품),,0 ,0 ,0 ,0 ,0 ,0 ,0 ,,,0 ,,,0 ,0 ,0 ,#REF!,#REF!,#REF!
기말상품재고액,,0 ,0 ,0 ,0 ,0 ,0 ,0 ,,,0 ,,,0 ,,0 ,,,0 ,기말상품재고액,,0 ,0 ,0 ,0 ,0 ,0 ,0 ,,,0 ,,,0 ,0 ,0 ,#REF!,#REF!,#REF!,기말상품재고액,,0 ,0 ,0 ,0 ,0 ,0 ,0 ,,,0 ,,,0 ,0 ,0 ,#REF!,#REF!,#REF!,기말상품재고액,,0 ,0 ,0 ,0 ,0 ,0 ,0 ,,,0 ,,,0 ,0 ,0 ,#REF!,#REF!,#REF!
임대원가,0 ,0 ,0 ,0 ,0 ,0 ,0 ,0 ,,,0 ,,,0 ,,0 ,0 ,,0 ,임대원가,"231,793,334 ",0 ,0 ,0 ,0 ,0 ,0 ,0 ,,,"231,793,334 ",,,"231,793,334 ",0 ,"231,793,334 ",0 ,0 ,0 ,임대원가,"410,463,840 ",0 ,0 ,0 ,0 ,0 ,0 ,0 ,,,"410,463,840 ",,,"410,463,840 ","231,793,334 ","178,670,506 ",0 ,0 ,0 ,임대원가,"410,463,840 ",0 ,0 ,0 ,0 ,0 ,0 ,0 ,,,"410,463,840 ",,,"410,463,840 ","231,793,334 ","178,670,506 ",0 ,0 ,0 
물류원가,0 ,0 ,0 ,0 ,0 ,0 ,0 ,0 ,,,0 ,,,0 ,,0 ,0 ,,0 ,물류원가,0 ,0 ,0 ,0 ,0 ,0 ,0 ,0 ,,,0 ,,,0 ,0 ,0 ,0 ,0 ,0 ,물류원가,0 ,0 ,0 ,0 ,0 ,0 ,0 ,0 ,,,0 ,,,0 ,0 ,0 ,0 ,0 ,0 ,물류원가,0 ,0 ,0 ,0 ,0 ,0 ,0 ,0 ,,,0 ,,,0 ,0 ,0 ,0 ,0 ,0 
기타매출원가,"588,571,683 ",0 ,0 ,"115,046,874 ",0 ,"1,530,162,809 ",0 ,"(244,602,552)",,"31,675,033 ","1,957,503,781 ",0 ,"115,046,874 ","1,842,456,907 ",,"1,842,456,907 ","3,594,624,662 ",,"3,594,624,662 ",기타매출원가,"1,245,548,244 ",0 ,0 ,"266,462,816 ",0 ,"3,585,643,122 ",0 ,"(219,395,699)",,"52,180,455 ","4,826,078,028 ",0 ,"266,462,816 ","4,559,615,212 ","1,842,456,907 ","2,717,158,305 ","7,861,690,535 ","3,594,624,662 ","4,267,065,872 ",기타매출원가,"1,973,946,478 ",0 ,0 ,"412,140,429 ",0 ,"8,124,655,289 ",0 ,"(64,588,238)",,"85,594,490 ","10,360,559,468 ",,"412,140,429 ","9,948,419,039 ","4,559,615,212 ","5,388,803,827 ","22,722,861,633 ","7,861,690,535 ","14,861,171,098 ",기타매출원가,"1,973,946,478 ",0 ,0 ,"412,140,429 ",0 ,"8,124,655,289 ",0 ,"(64,588,238)",,"85,594,490 ","10,360,559,468 ",,"412,140,429 ","9,948,419,039 ","4,559,615,212 ","5,388,803,827 ","22,722,861,633 ","7,861,690,535 ","14,861,171,098 "
Ⅲ.매출총이익,"251,676,932,150 ","54,762,255,731 ","10,991,534,030 ","18,711,695 ",0 ,"(768,845,109)","31,675,033 ","6,507,453,452 ",,,"323,219,716,982 ",,,"329,733,300,873 ",,"329,733,300,874 ","332,483,971,441 ",,"332,483,971,441 ",Ⅲ.매출총이익,"456,292,105,127 ","90,243,513,337 ","19,745,601,683 ","20,746,128 ",0 ,"(1,691,310,206)","52,180,455 ","13,118,462,673 ",,,"577,781,299,197 ",,,"588,639,763,603 ","329,733,300,874 ","258,906,462,729 ","603,782,498,774 ","332,483,971,441 ","271,298,527,333 ",Ⅲ.매출총이익,"764,921,982,760 ","165,656,361,899 ","28,634,431,330 ","12,530,657 ",0 ,"(3,494,665,142)","85,594,490 ","26,172,762,265 ",,,"981,988,998,259 ",,,"897,594,364,837 ","588,639,763,603 ","308,954,601,234 ","888,703,757,457 ","603,782,498,774 ","284,921,258,683 ",Ⅲ.매출총이익,"764,921,982,760 ","165,656,361,899 ","28,634,431,330 ","12,530,657 ",0 ,"(3,494,665,142)","85,594,490 ","26,172,762,265 ",,,"981,988,998,259 ",,,"897,594,364,837 ","588,639,763,603 ","308,954,601,234 ","888,703,757,457 ","603,782,498,774 ","284,921,258,683 "
Ⅳ.판매비와관리비,"139,699,386,898 ","48,651,782,890 ","10,988,975,260 ","6,215,987 ",0 ,"768,871,604 ","60,317,683 ","5,482,670,897 ",,0 ,"205,658,221,219 ",,,"206,116,912,814 ",,"206,116,912,814 ","202,272,969,941 ",,"202,272,969,941 ",Ⅳ.판매비와관리비,"263,714,992,967 ","84,473,091,814 ","19,555,733,149 ","12,259,760 ",0 ,"1,601,872,436 ","138,214,182 ","11,042,674,678 ",,0 ,"380,538,838,986 ",,,"380,993,473,664 ","206,116,912,814 ","174,876,560,850 ","381,770,311,693 ","202,272,969,941 ","179,497,341,752 ",Ⅳ.판매비와관리비,"379,777,023,395 ","129,832,864,246 ","29,690,786,560 ","20,545,799 ",0 ,"2,545,454,016 ","191,682,925 ","18,646,994,379 ",,0 ,"560,705,351,320 ",,,"561,928,396,829 ","380,993,473,664 ","180,934,923,165 ","558,386,704,039 ","381,770,311,693 ","176,616,392,346 ",Ⅳ.판매비와관리비,"379,777,023,395 ","129,832,864,246 ","29,690,786,560 ","20,545,799 ",0 ,"2,545,454,016 ","191,682,925 ","18,646,994,379 ",,0 ,"560,705,351,320 ",,,"561,928,396,829 ","380,993,473,664 ","180,934,923,165 ","558,386,704,039 ","381,770,311,693 ","176,616,392,346 "
급여,"8,628,580,129 ","7,850,637,692 ","2,109,398,123 ",0 ,0 ,"390,823,774 ",0 ,"1,088,554,272 ",,,"20,067,993,990 ","108,247,168 ",,"20,176,241,158 ",,"20,176,241,158 ","18,472,184,788 ",,"18,472,184,788 ",급여,"18,239,279,048 ","14,870,251,798 ","3,832,530,401 ",0 ,0 ,"837,004,802 ",0 ,"1,911,408,198 ",,,"39,690,474,247 ","249,160,614 ",,"39,939,634,861 ","20,176,241,158 ","19,763,393,703 ","39,261,900,014 ","18,472,184,788 ","20,789,715,226 ",급여,"26,766,758,561 ","21,604,402,725 ","6,283,545,105 ",0 ,0 ,"1,259,054,243 ",0 ,"2,955,069,324 ",,,"58,868,829,958 ","382,300,590 ",,"59,251,130,548 ","39,939,634,861 ","19,311,495,686 ","58,004,275,331 ","39,261,900,014 ","18,742,375,317 ",급여,"26,766,758,561 ","21,604,402,725 ","6,283,545,105 ",0 ,0 ,"1,259,054,243 ",0 ,"2,955,069,324 ",,,"58,868,829,958 ","382,300,590 ",,"59,251,130,548 ","39,939,634,861 ","19,311,495,686 ","58,004,275,331 ","39,261,900,014 ","18,742,375,317 "
퇴직급여,"1,126,853,049 ",0 ,"300,714,660 ",0 ,0 ,"34,766,007 ",0 ,0 ,,,"1,462,333,716 ",,,"1,462,333,716 ",,"1,462,333,716 ","1,186,177,343 ",,"1,186,177,343 ",퇴직급여,"2,208,958,889 ",0 ,"295,142,590 ",0 ,0 ,"70,612,866 ",0 ,0 ,,,"2,574,714,345 ",,,"2,574,714,345 ","1,462,333,716 ","1,112,380,629 ","2,397,834,446 ","1,186,177,343 ","1,211,657,103 ",퇴직급여,"3,314,762,725 ",0 ,0 ,0 ,0 ,"214,605,160 ",0 ,0 ,,,"3,529,367,885 ",,,"3,529,367,885 ","2,574,714,345 ","954,653,540 ","3,581,389,497 ","2,397,834,446 ","1,183,555,051 ",퇴직급여,"3,314,762,725 ",0 ,0 ,0 ,0 ,"214,605,160 ",0 ,0 ,,,"3,529,367,885 ",,,"3,529,367,885 ","2,574,714,345 ","954,653,540 ","3,581,389,497 ","2,397,834,446 ","1,183,555,051 "
복리후생비,"1,392,752,542 ","2,811,620,235 ","46,223,843 ",0 ,0 ,"44,699,370 ",0 ,"130,906,441 ",,,"4,426,202,431 ",0 ,"2,472,421 ","4,423,730,010 ",,"4,423,730,010 ","3,795,866,461 ",,"3,795,866,461 ",복리후생비,"2,710,126,571 ","5,153,214,324 ","85,114,030 ",0 ,0 ,"95,347,185 ",0 ,"327,000,930 ",,,"8,370,803,040 ",0 ,"3,142,102 ","8,367,660,938 ","4,423,730,010 ","3,943,930,928 ","7,263,207,389 ","3,795,866,461 ","3,467,340,928 ",복리후생비,"3,650,676,910 ","7,723,720,560 ","126,229,333 ",0 ,0 ,"139,812,588 ",0 ,"457,077,377 ",,,"12,097,516,768 ",0 ,"5,075,970 ","12,092,440,798 ","8,367,660,938 ","3,724,779,860 ","11,135,106,234 ","7,263,207,389 ","3,871,898,845 ",복리후생비,"3,650,676,910 ","7,723,720,560 ","126,229,333 ",0 ,0 ,"139,812,588 ",0 ,"457,077,377 ",,,"12,097,516,768 ",0 ,"5,075,970 ","12,092,440,798 ","8,367,660,938 ","3,724,779,860 ","11,135,106,234 ","7,263,207,389 ","3,871,898,845 "
여비교통비,"237,380,279 ","99,639,558 ","26,682,171 ",0 ,0 ,"8,716,739 ",0 ,"48,214,788 ",,,"420,633,535 ",,,"420,633,535 ",,"420,633,535 ","528,325,585 ",,"528,325,585 ",여비교통비,"429,210,091 ","208,875,558 ","45,059,635 ",0 ,0 ,"21,735,741 ",0 ,"72,694,369 ",,,"777,575,394 ",,,"777,575,394 ","420,633,535 ","356,941,859 ","974,522,231 ","528,325,585 ","446,196,646 ",여비교통비,"582,877,421 ","376,459,209 ","81,124,296 ",0 ,0 ,"44,094,981 ",0 ,"76,486,444 ",,,"1,161,042,351 ",,,"1,161,042,351 ","777,575,394 ","383,466,957 ","1,418,303,799 ","974,522,231 ","443,781,568 ",여비교통비,"582,877,421 ","376,459,209 ","81,124,296 ",0 ,0 ,"44,094,981 ",0 ,"76,486,444 ",,,"1,161,042,351 ",,,"1,161,042,351 ","777,575,394 ","383,466,957 ","1,418,303,799 ","974,522,231 ","443,781,568 "
통신비,"154,343,718 ","13,778,595 ","18,494,115 ","27,373 ",0 ,"5,857,514 ",0 ,0 ,,,"192,501,315 ",,,"192,501,315 ",,"192,501,315 ","186,053,416 ",,"186,053,416 ",통신비,"293,227,218 ","25,780,909 ","36,747,363 ","145,385 ",0 ,"12,142,511 ",0 ,0 ,,,"368,043,386 ",,,"368,043,386 ","192,501,315 ","175,542,071 ","394,098,076 ","186,053,416 ","208,044,660 ",통신비,"438,485,931 ","45,973,198 ","55,158,446 ","248,083 ",0 ,"18,868,575 ",0 ,0 ,,,"558,734,233 ",,,"558,734,233 ","368,043,386 ","190,690,847 ","562,254,523 ","394,098,076 ","168,156,447 ",통신비,"438,485,931 ","45,973,198 ","55,158,446 ","248,083 ",0 ,"18,868,575 ",0 ,0 ,,,"558,734,233 ",,,"558,734,233 ","368,043,386 ","190,690,847 ","562,254,523 ","394,098,076 ","168,156,447 "
수도광열비,"613,770,457 ","90,942,305 ","92,927,850 ",0 ,0 ,"5,521,027 ",0 ,"2,967,334 ",,,"806,128,973 ",,,"806,128,973 ",,"806,128,973 ","687,488,923 ",,"687,488,923 ",수도광열비,"1,023,779,640 ","165,544,932 ","194,947,314 ",0 ,0 ,"9,026,299 ",0 ,"5,346,764 ",,,"1,398,644,949 ",,,"1,398,644,949 ","806,128,973 ","592,515,976 ","1,204,188,233 ","687,488,923 ","516,699,310 ",수도광열비,"1,720,517,519 ","259,108,158 ","312,412,723 ",0 ,0 ,"13,765,512 ",0 ,"9,745,991 ",,,"2,315,549,903 ",,,"2,315,549,903 ","1,398,644,949 ","916,904,954 ","2,017,701,689 ","1,204,188,233 ","813,513,456 ",수도광열비,"1,720,517,519 ","259,108,158 ","312,412,723 ",0 ,0 ,"13,765,512 ",0 ,"9,745,991 ",,,"2,315,549,903 ",,,"2,315,549,903 ","1,398,644,949 ","916,904,954 ","2,017,701,689 ","1,204,188,233 ","813,513,456 "
세금과공과,"746,074,062 ","621,246,640 ",0 ,"114,200 ",0 ,"16,852,453 ",0 ,"147,324,187 ",,,"1,531,611,542 ",,,"1,531,611,542 ",,"1,531,611,542 ","1,505,640,485 ",,"1,505,640,485 ",세금과공과,"2,577,447,225 ","886,608,949 ",0 ,"111,200 ",0 ,"32,262,190 ",0 ,"284,951,596 ",,,"3,781,381,160 ",,,"3,781,381,160 ","1,531,611,542 ","2,249,769,618 ","3,249,763,476 ","1,505,640,485 ","1,744,122,991 ",세금과공과,"2,983,224,872 ","1,185,067,435 ",0 ,"109,200 ",0 ,"48,430,140 ",0 ,"393,362,131 ",,,"4,610,193,778 ",,,"4,610,193,778 ","3,781,381,160 ","828,812,618 ","4,274,732,060 ","3,249,763,476 ","1,024,968,584 ",세금과공과,"2,983,224,872 ","1,185,067,435 ",0 ,"109,200 ",0 ,"48,430,140 ",0 ,"393,362,131 ",,,"4,610,193,778 ",,,"4,610,193,778 ","3,781,381,160 ","828,812,618 ","4,274,732,060 ","3,249,763,476 ","1,024,968,584 "
임차료,"5,846,303,420 ","1,301,286,715 ","2,014,914,944 ",0 ,0 ,0 ,0 ,0 ,,,"9,162,505,079 ","6,799,706 ",,"9,169,304,785 ",,"9,169,304,785 ","8,218,611,448 ",,"8,218,611,448 ",임차료,"10,312,310,436 ","867,480,699 ","4,056,990,535 ",0 ,0 ,0 ,0 ,0 ,,,"15,236,781,670 ","17,302,202 ",,"15,254,083,872 ","9,169,304,785 ","6,084,779,087 ","14,403,207,725 ","8,218,611,448 ","6,184,596,277 ",임차료,"14,441,034,967 ","2,915,753,102 ","5,567,586,505 ",0 ,0 ,0 ,0 ,0 ,,,"22,924,374,574 ","29,839,839 ",,"22,954,214,413 ","15,254,083,872 ","7,700,130,542 ","20,652,616,941 ","14,403,207,725 ","6,249,409,216 ",임차료,"14,441,034,967 ","2,915,753,102 ","5,567,586,505 ",0 ,0 ,0 ,0 ,0 ,,,"22,924,374,574 ","29,839,839 ",,"22,954,214,413 ","15,254,083,872 ","7,700,130,542 ","20,652,616,941 ","14,403,207,725 ","6,249,409,216 "
대손상각비,"(222,188,194)",0 ,0 ,0 ,0 ,0 ,0 ,"760,095,512 ",,,"537,907,318 ",,,"537,907,318 ",,"537,907,318 ","64,301,741 ",,"64,301,741 ",대손상각비,"(517,152,699)",0 ,0 ,0 ,0 ,"3,300,000 ",0 ,"1,483,357,036 ",,,"969,504,337 ",,,"969,504,337 ","537,907,318 ","431,597,019 ","490,268,898 ","64,301,741 ","425,967,157 ",대손상각비,"(487,983,793)",0 ,0 ,0 ,0 ,"3,300,000 ",0 ,"4,081,555,679 ",,,"3,596,871,886 ",,,"3,596,871,886 ","969,504,337 ","2,627,367,549 ","1,000,775,727 ","490,268,898 ","510,506,829 ",대손상각비,"(487,983,793)",0 ,0 ,0 ,0 ,"3,300,000 ",0 ,"4,081,555,679 ",,,"3,596,871,886 ",,,"3,596,871,886 ","969,504,337 ","2,627,367,549 ","1,000,775,727 ","490,268,898 ","510,506,829 "
보험료,"173,497,691 ","4,647,654 ","106,873,711 ",0 ,0 ,"4,960,070 ",0 ,"9,120,134 ",,,"299,099,260 ",,,"299,099,260 ",,"299,099,260 ","349,780,860 ",,"349,780,860 ",보험료,"307,064,772 ","118,907,730 ","223,598,195 ",0 ,0 ,"5,365,770 ",0 ,"28,451,076 ",,,"683,387,543 ",,,"683,387,543 ","299,099,260 ","384,288,283 ","748,091,311 ","349,780,860 ","398,310,451 ",보험료,"441,810,103 ","118,673,513 ","347,475,322 ",0 ,0 ,"5,365,770 ",0 ,"51,918,267 ",,,"965,242,975 ",,,"965,242,975 ","683,387,543 ","281,855,432 ","1,055,265,055 ","748,091,311 ","307,173,744 ",보험료,"441,810,103 ","118,673,513 ","347,475,322 ",0 ,0 ,"5,365,770 ",0 ,"51,918,267 ",,,"965,242,975 ",,,"965,242,975 ","683,387,543 ","281,855,432 ","1,055,265,055 ","748,091,311 ","307,173,744 "
광고선전비,"8,142,667,811 ","14,553,644,003 ","533,656,492 ",0 ,0 ,0 ,0 ,"1,379,107,960 ",,,"24,609,076,266 ",,,"24,609,076,266 ",,"24,609,076,266 ","24,096,577,900 ",,"24,096,577,900 ",광고선전비,"16,630,918,662 ","23,672,408,629 ","1,087,781,174 ",0 ,0 ,0 ,0 ,"2,765,360,499 ",,,"44,156,468,964 ",,"8,143,000 ","44,148,325,964 ","24,609,076,266 ","19,539,249,698 ","41,052,061,107 ","24,096,577,900 ","16,955,483,207 ",광고선전비,"23,314,258,534 ","40,000,171,938 ","1,672,757,179 ",0 ,0 ,0 ,0 ,"4,227,474,083 ",,,"69,214,661,734 ",,"34,698,182 ","69,179,963,552 ","44,148,325,964 ","25,031,637,588 ","60,954,134,367 ","41,052,061,107 ","19,902,073,260 ",광고선전비,"23,314,258,534 ","40,000,171,938 ","1,672,757,179 ",0 ,0 ,0 ,0 ,"4,227,474,083 ",,,"69,214,661,734 ",,"34,698,182 ","69,179,963,552 ","44,148,325,964 ","25,031,637,588 ","60,954,134,367 ","41,052,061,107 ","19,902,073,260 "
차량유지비,"131,034,980 ","29,310,601 ",0 ,0 ,0 ,"3,202,200 ",0 ,0 ,,,"163,547,781 ",,,"163,547,781 ",,"163,547,781 ","193,169,477 ",,"193,169,477 ",차량유지비,"265,275,484 ","51,550,930 ",0 ,0 ,0 ,"6,847,758 ",0 ,0 ,,,"323,674,172 ",,,"323,674,172 ","163,547,781 ","160,126,391 ","379,741,836 ","193,169,477 ","186,572,359 ",차량유지비,"373,819,688 ","79,035,466 ",0 ,0 ,0 ,"11,780,304 ",0 ,0 ,,,"464,635,458 ",,,"464,635,458 ","323,674,172 ","140,961,286 ","562,476,220 ","379,741,836 ","182,734,384 ",차량유지비,"373,819,688 ","79,035,466 ",0 ,0 ,0 ,"11,780,304 ",0 ,0 ,,,"464,635,458 ",,,"464,635,458 ","323,674,172 ","140,961,286 ","562,476,220 ","379,741,836 ","182,734,384 "
교육훈련비,0 ,0 ,0 ,0 ,0 ,0 ,0 ,0 ,,,0 ,,,0 ,,0 ,0 ,,0 ,교육훈련비,0 ,0 ,0 ,0 ,0 ,0 ,0 ,0 ,,,0 ,,,0 ,0 ,0 ,0 ,0 ,0 ,교육훈련비,0 ,0 ,0 ,0 ,0 ,0 ,0 ,0 ,,,0 ,,,0 ,0 ,0 ,0 ,0 ,0 ,교육훈련비,0 ,0 ,0 ,0 ,0 ,0 ,0 ,0 ,,,0 ,,,0 ,0 ,0 ,0 ,0 ,0 
접대비,"108,351,791 ","18,958,169 ",0 ,"544,539 ",0 ,"4,219,367 ",0 ,0 ,,,"132,073,866 ",,,"132,073,866 ",,"132,073,866 ","108,674,826 ",,"108,674,826 ",접대비,"185,835,120 ","28,302,808 ",0 ,"530,235 ",0 ,"7,298,287 ",0 ,0 ,,,"221,966,450 ",,,"221,966,450 ","132,073,866 ","89,892,584 ","214,419,240 ","108,674,826 ","105,744,414 ",접대비,"284,620,206 ","53,485,904 ",0 ,"520,698 ",0 ,"12,682,897 ",0 ,0 ,,,"351,309,705 ",,,"351,309,705 ","221,966,450 ","129,343,255 ","346,980,646 ","214,419,240 ","132,561,406 ",접대비,"284,620,206 ","53,485,904 ",0 ,"520,698 ",0 ,"12,682,897 ",0 ,0 ,,,"351,309,705 ",,,"351,309,705 ","221,966,450 ","129,343,255 ","346,980,646 ","214,419,240 ","132,561,406 "
운반비,0 ,"4,353,186,101 ","1,216,857,502 ",0 ,0 ,0 ,0 ,"357,750,588 ",,,"5,927,794,191 ",,,"5,927,794,191 ",,"5,927,794,191 ","6,120,455,293 ",,"6,120,455,293 ",운반비,0 ,"7,519,113,052 ","2,165,978,458 ",0 ,0 ,0 ,0 ,"758,729,850 ",,,"10,443,821,360 ",,,"10,443,821,360 ","5,927,794,191 ","4,516,027,169 ","9,960,587,862 ","6,120,455,293 ","3,840,132,569 ",운반비,0 ,"12,387,466,988 ","3,184,397,101 ",0 ,0 ,0 ,0 ,"1,189,142,955 ",,,"16,761,007,044 ",,,"16,761,007,044 ","10,443,821,360 ","6,317,185,684 ","15,655,258,244 ","9,960,587,862 ","5,694,670,382 ",운반비,0 ,"12,387,466,988 ","3,184,397,101 ",0 ,0 ,0 ,0 ,"1,189,142,955 ",,,"16,761,007,044 ",,,"16,761,007,044 ","10,443,821,360 ","6,317,185,684 ","15,655,258,244 ","9,960,587,862 ","5,694,670,382 "
소모품비,"1,678,005,433 ","474,922,109 ","105,656,228 ","369,934 ",0 ,"4,085,789 ",0 ,"371,332,959 ",,,"2,634,372,452 ",,0 ,"2,634,372,452 ",,"2,634,372,452 ","3,359,748,839 ",,"3,359,748,839 ",소모품비,"2,856,744,083 ","1,313,363,799 ","229,148,236 ","723,764 ",0 ,"6,835,106 ",0 ,"770,953,831 ",,,"5,177,768,819 ",,"46,156,692 ","5,131,612,127 ","2,634,372,452 ","2,497,239,675 ","6,149,852,281 ","3,359,748,839 ","2,790,103,442 ",소모품비,"3,994,411,556 ","1,857,570,547 ","437,951,580 ","1,067,756 ",0 ,"12,278,278 ",0 ,"1,199,668,467 ",,,"7,502,948,184 ",,"72,711,874 ","7,430,236,310 ","5,131,612,127 ","2,298,624,183 ","9,267,557,697 ","6,149,852,281 ","3,117,705,416 ",소모품비,"3,994,411,556 ","1,857,570,547 ","437,951,580 ","1,067,756 ",0 ,"12,278,278 ",0 ,"1,199,668,467 ",,,"7,502,948,184 ",,"72,711,874 ","7,430,236,310 ","5,131,612,127 ","2,298,624,183 ","9,267,557,697 ","6,149,852,281 ","3,117,705,416 "
지급수수료,"98,102,027,353 ","8,798,507,132 ","1,124,243,210 ","5,159,941 ",0 ,"31,642,612 ","51,799,052 ","1,076,825,764 ",,,"109,190,205,064 ",,"329,818,947 ","108,860,386,117 ",,"108,860,386,117 ","112,649,640,349 ",,"112,649,640,349 ",지급수수료,"180,123,137,159 ","15,841,343,714 ","2,016,291,681 ","10,749,176 ",0 ,"66,525,795 ","121,466,845 ","2,410,298,192 ",,,"200,589,812,562 ",,"1,083,253,633 ","199,506,558,929 ","108,860,386,117 ","90,646,172,812 ","211,145,962,889 ","112,649,640,349 ","98,496,322,540 ",지급수수료,"258,952,447,434 ","22,007,374,268 ","3,218,465,244 ","18,600,062 ",0 ,"110,187,750 ","166,828,445 ","3,671,016,476 ",,,"288,144,919,679 ",,"1,048,761,523 ","287,096,158,156 ","199,506,558,929 ","87,589,599,227 ","301,915,220,426 ","211,145,962,889 ","90,769,257,537 ",지급수수료,"258,952,447,434 ","22,007,374,268 ","3,218,465,244 ","18,600,062 ",0 ,"110,187,750 ","166,828,445 ","3,671,016,476 ",,,"288,144,919,679 ",,"1,048,761,523 ","287,096,158,156 ","199,506,558,929 ","87,589,599,227 ","301,915,220,426 ","211,145,962,889 ","90,769,257,537 "
관리수수료,0 ,0 ,0 ,0 ,0 ,0 ,0 ,0 ,,,0 ,,,0 ,,0 ,0 ,,0 ,관리수수료,0 ,0 ,0 ,0 ,0 ,0 ,0 ,0 ,,,0 ,,,0 ,0 ,0 ,0 ,0 ,0 ,관리수수료,0 ,0 ,0 ,0 ,0 ,0 ,0 ,0 ,,,0 ,,,0 ,0 ,0 ,0 ,0 ,0 ,관리수수료,0 ,0 ,0 ,0 ,0 ,0 ,0 ,0 ,,,0 ,,,0 ,0 ,0 ,0 ,0 ,0 
영업운영비,0 ,0 ,0 ,0 ,0 ,0 ,0 ,0 ,,,0 ,,,0 ,,0 ,0 ,,0 ,영업운영비,0 ,0 ,0 ,0 ,0 ,0 ,0 ,0 ,,,0 ,,,0 ,0 ,0 ,0 ,0 ,0 ,영업운영비,0 ,0 ,0 ,0 ,0 ,0 ,0 ,0 ,,,0 ,,,0 ,0 ,0 ,0 ,0 ,0 ,영업운영비,0 ,0 ,0 ,0 ,0 ,0 ,0 ,0 ,,,0 ,,,0 ,0 ,0 ,0 ,0 ,0 
감가상각비,"9,949,258,258 ","7,530,108,354 ","3,123,263,271 ",0 ,0 ,"157,118,578 ",0 ,"110,470,958 ",,,"20,870,219,419 ",,,"20,870,219,419 ",,"20,870,219,419 ","18,718,342,892 ",,"18,718,342,892 ",감가상각비,"20,348,231,403 ","13,552,492,281 ","4,999,738,735 ",0 ,0 ,"319,295,357 ",0 ,"224,122,337 ",,,"39,443,880,113 ",,,"39,443,880,113 ","20,870,219,419 ","18,573,660,694 ","38,091,611,319 ","18,718,342,892 ","19,373,268,427 ",감가상각비,"30,388,548,319 ","18,922,539,705 ","8,005,386,939 ",0 ,0 ,"481,642,324 ",0 ,"334,477,185 ",,,"58,132,594,472 ",,,"58,132,594,472 ","39,443,880,113 ","18,688,714,359 ","57,437,262,002 ","38,091,611,319 ","19,345,650,683 ",감가상각비,"30,388,548,319 ","18,922,539,705 ","8,005,386,939 ",0 ,0 ,"481,642,324 ",0 ,"334,477,185 ",,,"58,132,594,472 ",,,"58,132,594,472 ","39,443,880,113 ","18,688,714,359 ","57,437,262,002 ","38,091,611,319 ","19,345,650,683 "
무형자산상각비,"2,846,079,182 ","99,347,027 ",0 ,0 ,0 ,"7,950,000 ","8,518,631 ",0 ,,,"2,961,894,840 ","675,936,089 ",0 ,"3,637,830,929 ",,"3,637,830,929 ","1,846,820,001 ",,"1,846,820,001 ",무형자산상각비,"5,620,116,607 ","197,851,702 ",0 ,0 ,0 ,"15,900,000 ","16,747,337 ",0 ,,,"5,850,615,646 ","1,328,867,289 ",0 ,"7,179,482,935 ","3,637,830,929 ","3,541,652,006 ","4,011,174,545 ","1,846,820,001 ","2,164,354,544 ",무형자산상각비,"8,430,062,372 ","296,061,530 ","3,537,733 ",0 ,0 ,"26,046,150 ","24,854,480 ",0 ,,,"8,780,562,265 ","1,972,152,629 ",,"10,752,714,894 ","7,179,482,935 ","3,573,231,959 ","7,932,616,506 ","4,011,174,545 ","3,921,441,961 ",무형자산상각비,"8,430,062,372 ","296,061,530 ","3,537,733 ",0 ,0 ,"26,046,150 ","24,854,480 ",0 ,,,"8,780,562,265 ","1,972,152,629 ",,"10,752,714,894 ","7,179,482,935 ","3,573,231,959 ","7,932,616,506 ","4,011,174,545 ","3,921,441,961 "
도서인쇄비,"44,594,937 ",0 ,0 ,0 ,0 ,"127,540 ",0 ,0 ,,,"44,722,477 ",,,"44,722,477 ",,"44,722,477 ","60,976,204 ",,"60,976,204 ",도서인쇄비,"61,550,258 ",0 ,0 ,0 ,0 ,"274,205 ",0 ,0 ,,,"61,824,463 ",,,"61,824,463 ","44,722,477 ","17,101,986 ","94,319,589 ","60,976,204 ","33,343,385 ",도서인쇄비,"118,208,614 ",0 ,0 ,0 ,0 ,"423,810 ",0 ,0 ,,,"118,632,424 ",,,"118,632,424 ","61,824,463 ","56,807,961 ","147,825,074 ","94,319,589 ","53,505,485 ",도서인쇄비,"118,208,614 ",0 ,0 ,0 ,0 ,"423,810 ",0 ,0 ,,,"118,632,424 ",,,"118,632,424 ","61,824,463 ","56,807,961 ","147,825,074 ","94,319,589 ","53,505,485 "
경상개발비,0 ,0 ,0 ,0 ,0 ,0 ,0 ,0 ,,,0 ,,,0 ,,0 ,0 ,,0 ,경상개발비,0 ,0 ,0 ,0 ,0 ,0 ,0 ,0 ,,,0 ,,,0 ,0 ,0 ,0 ,0 ,0 ,경상개발비,0 ,0 ,0 ,0 ,0 ,0 ,0 ,0 ,,,0 ,,,0 ,0 ,0 ,0 ,0 ,0 ,경상개발비,0 ,0 ,0 ,0 ,0 ,0 ,0 ,0 ,,,0 ,,,0 ,0 ,0 ,0 ,0 ,0 
수선비,0 ,0 ,"169,069,140 ",0 ,0 ,0 ,0 ,0 ,,,"169,069,140 ",,,"169,069,140 ",,"169,069,140 ","78,329,837 ",,"78,329,837 ",수선비,"38,933,000 ",0 ,"286,664,802 ",0 ,0 ,0 ,0 ,0 ,,,"325,597,802 ",,,"325,597,802 ","169,069,140 ","156,528,662 ","202,968,526 ","78,329,837 ","124,638,689 ",수선비,"68,481,456 ",0 ,"394,759,054 ",0 ,0 ,0 ,0 ,0 ,,,"463,240,510 ",,,"463,240,510 ","325,597,802 ","137,642,708 ","341,112,334 ","202,968,526 ","138,143,808 ",수선비,"68,481,456 ",0 ,"394,759,054 ",0 ,0 ,0 ,0 ,0 ,,,"463,240,510 ",,,"463,240,510 ","325,597,802 ","137,642,708 ","341,112,334 ","202,968,526 ","138,143,808 "
아티스트개발비,0 ,0 ,0 ,0 ,0 ,"48,328,564 ",0 ,0 ,,,"48,328,564 ",,,"48,328,564 ",,"48,328,564 ","45,803,273 ",,"45,803,273 ",아티스트개발비,0 ,0 ,0 ,0 ,0 ,"92,098,564 ",0 ,0 ,,,"92,098,564 ",,,"92,098,564 ","48,328,564 ","43,770,000 ","80,530,700 ","45,803,273 ","34,727,427 ",아티스트개발비,0 ,0 ,0 ,0 ,0 ,"143,115,534 ",0 ,0 ,,,"143,115,534 ",,,"143,115,534 ","92,098,564 ","51,016,970 ","123,839,667 ","80,530,700 ","43,308,967 ",아티스트개발비,0 ,0 ,0 ,0 ,0 ,"143,115,534 ",0 ,0 ,,,"143,115,534 ",,,"143,115,534 ","92,098,564 ","51,016,970 ","123,839,667 ","80,530,700 ","43,308,967 "
판매촉진비,0 ,0 ,0 ,0 ,0 ,0 ,0 ,0 ,,,0 ,,,0 ,,0 ,0 ,,0 ,판매촉진비,0 ,0 ,0 ,0 ,0 ,0 ,0 ,0 ,,,0 ,,,0 ,0 ,0 ,0 ,0 ,0 ,판매촉진비,0 ,0 ,0 ,0 ,0 ,0 ,0 ,0 ,,,0 ,,,0 ,0 ,0 ,0 ,0 ,0 ,판매촉진비,0 ,0 ,0 ,0 ,0 ,0 ,0 ,0 ,,,0 ,,,0 ,0 ,0 ,0 ,0 ,0 
판매수수료,0 ,0 ,0 ,0 ,0 ,0 ,0 ,0 ,,,0 ,,,0 ,,0 ,0 ,,0 ,판매수수료,0 ,0 ,0 ,0 ,0 ,0 ,0 ,0 ,,,0 ,,,0 ,0 ,0 ,0 ,0 ,0 ,판매수수료,0 ,0 ,0 ,0 ,0 ,0 ,0 ,0 ,,,0 ,,,0 ,0 ,0 ,0 ,0 ,0 ,판매수수료,0 ,0 ,0 ,0 ,0 ,0 ,0 ,0 ,,,0 ,,,0 ,0 ,0 ,0 ,0 ,0 
판매장려금,0 ,0 ,0 ,0 ,0 ,0 ,0 ,0 ,,,0 ,,,0 ,,0 ,0 ,,0 ,판매장려금,0 ,0 ,0 ,0 ,0 ,0 ,0 ,0 ,,,0 ,,,0 ,0 ,0 ,0 ,0 ,0 ,판매장려금,0 ,0 ,0 ,0 ,0 ,0 ,0 ,0 ,,,0 ,,,0 ,0 ,0 ,0 ,0 ,0 ,판매장려금,0 ,0 ,0 ,0 ,0 ,0 ,0 ,0 ,,,0 ,,,0 ,0 ,0 ,0 ,0 ,0 
수출제비용,0 ,0 ,0 ,0 ,0 ,0 ,0 ,0 ,,,0 ,,,0 ,,0 ,0 ,,0 ,수출제비용,0 ,0 ,0 ,0 ,0 ,0 ,0 ,0 ,,,0 ,,,0 ,0 ,0 ,0 ,0 ,0 ,수출제비용,0 ,0 ,0 ,0 ,0 ,0 ,0 ,0 ,,,0 ,,,0 ,0 ,0 ,0 ,0 ,0 ,수출제비용,0 ,0 ,0 ,0 ,0 ,0 ,0 ,0 ,,,0 ,,,0 ,0 ,0 ,0 ,0 ,0 
잡비,0 ,0 ,0 ,0 ,0 ,0 ,0 ,0 ,,,0 ,,,0 ,,0 ,0 ,,0 ,잡비,0 ,0 ,0 ,0 ,0 ,0 ,0 ,0 ,,,0 ,,,0 ,0 ,0 ,0 ,0 ,0 ,잡비,0 ,0 ,0 ,0 ,0 ,0 ,0 ,0 ,,,0 ,,,0 ,0 ,0 ,0 ,0 ,0 ,잡비,0 ,0 ,0 ,0 ,0 ,0 ,0 ,0 ,,,0 ,,,0 ,0 ,0 ,0 ,0 ,0 
해외시장개척비,0 ,0 ,0 ,0 ,0 ,0 ,0 ,0 ,,,0 ,,,0 ,,0 ,0 ,,0 ,해외시장개척비,0 ,0 ,0 ,0 ,0 ,0 ,0 ,0 ,,,0 ,,,0 ,0 ,0 ,0 ,0 ,0 ,해외시장개척비,0 ,0 ,0 ,0 ,0 ,0 ,0 ,0 ,,,0 ,,,0 ,0 ,0 ,0 ,0 ,0 ,해외시장개척비,0 ,0 ,0 ,0 ,0 ,0 ,0 ,0 ,,,0 ,,,0 ,0 ,0 ,0 ,0 ,0 
용역료,0 ,0 ,0 ,0 ,0 ,0 ,0 ,0 ,,,0 ,,,0 ,,0 ,0 ,,0 ,용역료,0 ,0 ,0 ,0 ,0 ,0 ,0 ,0 ,,,0 ,,,0 ,0 ,0 ,0 ,0 ,0 ,용역료,0 ,0 ,0 ,0 ,0 ,0 ,0 ,0 ,,,0 ,,,0 ,0 ,0 ,0 ,0 ,0 ,용역료,0 ,0 ,0 ,0 ,0 ,0 ,0 ,0 ,,,0 ,,,0 ,0 ,0 ,0 ,0 ,0 
Ⅴ.영업이익,"111,977,545,252 ","6,110,472,841 ","2,558,770 ","12,495,708 ",0 ,"(1,537,716,713)","(28,642,650)","1,024,782,555 ",,0 ,"117,561,495,763 ",,,"123,616,388,059 ",,"123,616,388,060 ","130,211,001,500 ",,"130,211,001,500 ",Ⅴ.영업이익,"192,577,112,160 ","5,770,421,523 ","189,868,534 ","8,486,368 ",0 ,"(3,293,182,642)","(86,033,727)","2,075,787,995 ",,0 ,"197,242,460,211 ",,,"207,646,289,939 ","123,616,388,060 ","84,029,901,879 ","222,012,187,081 ","130,211,001,500 ","91,801,185,581 ",Ⅴ.영업이익,"385,144,959,365 ","35,823,497,653 ","(1,056,355,230)","(8,015,142)",0 ,"(6,040,119,158)","(106,088,435)","7,525,767,886 ",,0 ,"421,283,646,939 ",,,"335,665,968,008 ","207,646,289,939 ","128,019,678,069 ","330,317,053,417 ","222,012,187,081 ","108,304,866,337 ",Ⅴ.영업이익,"385,144,959,365 ","35,823,497,653 ","(1,056,355,230)","(8,015,142)",0 ,"(6,040,119,158)","(106,088,435)","7,525,767,886 ",,0 ,"421,283,646,939 ",,,"335,665,968,008 ","207,646,289,939 ","128,019,678,069 ","330,317,053,417 ","222,012,187,081 ","108,304,866,337 "
Ⅵ.영업외수익,"12,691,643,137 ","977,547,590 ","71,474,920 ","180,760 ",0 ,"21,043,340 ",0 ,"15,213,374 ",,0 ,"13,777,103,121 ",,,"12,514,628,551 ",,"12,514,628,551 ","9,489,371,244 ",,"9,489,371,244 ",Ⅵ.영업외수익,"26,724,441,982 ","1,369,689,221 ","304,343,446 ","58,382 ",0 ,"43,276,034 ",0 ,"(172,598,249)",,0 ,"28,269,210,816 ",,,"26,459,306,159 ","12,514,628,551 ","13,944,677,608 ","20,750,232,761 ","9,489,371,244 ","11,260,861,517 ",Ⅵ.영업외수익,"40,809,159,835 ","1,512,935,457 ","322,845,157 ","76,117 ",0 ,"63,677,239 ",0 ,"(162,287,032)",,0 ,"42,546,406,773 ",,,"41,878,312,353 ","26,459,306,159 ","15,419,006,194 ","37,762,972,315 ","20,750,232,761 ","17,012,739,553 ",Ⅵ.영업외수익,"40,809,159,835 ","1,512,935,457 ","322,845,157 ","76,117 ",0 ,"63,677,239 ",0 ,"(162,287,032)",,0 ,"42,546,406,773 ",,,"41,878,312,353 ","26,459,306,159 ","15,419,006,194 ","37,762,972,315 ","20,750,232,761 ","17,012,739,553 "
이자수익,"1,101,527,270 ","228,929,219 ","40,226,099 ","4,757 ",0 ,"19,611,856 ",0 ,"15,213,374 ",,,"1,405,512,575 ","391,738,822 ",,"1,013,773,753 ",,"1,013,773,753 ","1,831,592,779 ",,"1,831,592,779 ",이자수익,"1,927,194,168 ","394,087,229 ","81,028,262 ","8,934 ",0 ,"41,268,995 ",0 ,"(172,598,249)",,,"2,270,989,339 ","777,884,650 ",,"1,493,104,689 ","1,013,773,753 ","479,330,936 ","3,780,400,885 ","1,831,592,779 ","1,948,808,106 ",이자수익,"3,231,264,178 ","512,495,904 ","122,635,445 ","20,134 ",0 ,"61,544,175 ",0 ,"(162,287,032)",,,"3,765,672,804 ","1,357,703,713 ",,"2,407,969,091 ","1,493,104,689 ","914,864,402 ","5,540,785,071 ","3,780,400,885 ","1,760,384,186 ",이자수익,"3,231,264,178 ","512,495,904 ","122,635,445 ","20,134 ",0 ,"61,544,175 ",0 ,"(162,287,032)",,,"3,765,672,804 ","1,357,703,713 ",,"2,407,969,091 ","1,493,104,689 ","914,864,402 ","5,540,785,071 ","3,780,400,885 ","1,760,384,186 "
수수료수익,"543,500,473 ",0 ,0 ,0 ,0 ,0 ,0 ,0 ,,,"543,500,473 ","170,832,061 ",,"372,668,412 ",,"372,668,412 ","344,905,282 ",,"344,905,282 ",수수료수익,"1,079,849,991 ",0 ,0 ,0 ,0 ,0 ,0 ,0 ,,,"1,079,849,991 ","331,942,886 ",,"747,907,105 ","372,668,412 ","375,238,693 ","704,946,550 ","344,905,282 ","360,041,268 ",수수료수익,"539,459,076 ",0 ,0 ,0 ,0 ,0 ,0 ,0 ,,,"539,459,076 ","(685,560,382)",,"1,225,019,458 ","747,907,105 ","477,112,353 ","1,033,146,196 ","704,946,550 ","328,199,645 ",수수료수익,"539,459,076 ",0 ,0 ,0 ,0 ,0 ,0 ,0 ,,,"539,459,076 ","(685,560,382)",,"1,225,019,458 ","747,907,105 ","477,112,353 ","1,033,146,196 ","704,946,550 ","328,199,645 "
임대료수익,0 ,0 ,0 ,0 ,0 ,0 ,0 ,0 ,,,0 ,,,0 ,,0 ,0 ,,0 ,임대료수익,0 ,0 ,0 ,0 ,0 ,0 ,0 ,0 ,,,0 ,,,0 ,0 ,0 ,0 ,0 ,0 ,임대료수익,0 ,0 ,0 ,0 ,0 ,0 ,0 ,0 ,,,0 ,,,0 ,0 ,0 ,0 ,0 ,0 ,임대료수익,0 ,0 ,0 ,0 ,0 ,0 ,0 ,0 ,,,0 ,,,0 ,0 ,0 ,0 ,0 ,0 
외화환산이익,"1,001,353,115 ",0 ,0 ,0 ,0 ,0 ,0 ,0 ,,,"1,001,353,115 ",,,"1,001,353,115 ",,"1,001,353,115 ","2,908,486,961 ",,"2,908,486,961 ",외화환산이익,"1,168,365,290 ",0 ,0 ,0 ,0 ,0 ,0 ,0 ,,,"1,168,365,290 ",,,"1,168,365,290 ","1,001,353,115 ","167,012,175 ","4,900,549,138 ","2,908,486,961 ","1,992,062,177 ",외화환산이익,"2,092,975,894 ",0 ,0 ,0 ,0 ,0 ,0 ,0 ,,,"2,092,975,894 ","62,600,000 ",,"2,030,375,894 ","1,168,365,290 ","862,010,604 ","1,950,976,609 ","4,900,549,138 ","(2,949,572,529)",외화환산이익,"2,092,975,894 ",0 ,0 ,0 ,0 ,0 ,0 ,0 ,,,"2,092,975,894 ","62,600,000 ",,"2,030,375,894 ","1,168,365,290 ","862,010,604 ","1,950,976,609 ","4,900,549,138 ","(2,949,572,529)"
외환차익,"8,278,280,003 ",0 ,"21,042,650 ","176,003 ",0 ,"1,410,715 ",0 ,0 ,,,"8,300,909,371 ",,,"8,300,909,371 ",,"8,300,909,371 ","3,358,703,699 ",,"3,358,703,699 ",외환차익,"11,284,256,656 ",0 ,"205,774,696 ","49,059 ",0 ,"1,971,917 ",0 ,0 ,,,"11,492,052,328 ",,,"11,492,052,328 ","8,300,909,371 ","3,191,142,957 ","5,453,005,336 ","3,358,703,699 ","2,094,301,637 ",외환차익,"18,095,133,193 ",0 ,"175,869,510 ","48,177 ",0 ,"2,092,288 ",0 ,0 ,,,"18,273,143,168 ",,,"18,273,143,168 ","11,492,052,328 ","6,781,090,840 ","9,239,335,465 ","5,453,005,336 ","3,786,330,129 ",외환차익,"18,095,133,193 ",0 ,"175,869,510 ","48,177 ",0 ,"2,092,288 ",0 ,0 ,,,"18,273,143,168 ",,,"18,273,143,168 ","11,492,052,328 ","6,781,090,840 ","9,239,335,465 ","5,453,005,336 ","3,786,330,129 "
배당금수익,"336,911,656 ",0 ,0 ,0 ,0 ,0 ,0 ,0 ,,,"336,911,656 ",0 ,,"336,911,656 ",,"336,911,656 ","62,288,677 ",,"62,288,677 ",배당금수익,"373,459,809 ",0 ,0 ,0 ,0 ,0 ,0 ,0 ,,,"373,459,809 ",0 ,,"373,459,809 ","336,911,656 ","36,548,153 ","2,206,625,766 ","62,288,677 ","2,144,337,089 ",배당금수익,"10,640,050,104 ",0 ,0 ,0 ,0 ,0 ,0 ,0 ,,,"10,640,050,104 ","9,785,000,000 ",,"855,050,104 ","373,459,809 ","481,590,295 ","3,294,750,419 ","2,206,625,766 ","1,088,124,653 ",배당금수익,"10,640,050,104 ",0 ,0 ,0 ,0 ,0 ,0 ,0 ,,,"10,640,050,104 ","9,785,000,000 ",,"855,050,104 ","373,459,809 ","481,590,295 ","3,294,750,419 ","2,206,625,766 ","1,088,124,653 "
대손충당금환입,"4,409,166 ",0 ,0 ,0 ,0 ,0 ,0 ,0 ,,,"4,409,166 ",0 ,,"4,409,166 ",,"4,409,166 ",0 ,,0 ,대손충당금환입,0 ,0 ,0 ,0 ,0 ,0 ,0 ,0 ,,,0 ,0 ,,0 ,"4,409,166 ","(4,409,166)",0 ,0 ,0 ,대손충당금환입,0 ,0 ,0 ,0 ,0 ,0 ,0 ,0 ,,,0 ,0 ,,0 ,0 ,0 ,"1,890,736,409 ",0 ,"1,890,736,409 ",대손충당금환입,0 ,0 ,0 ,0 ,0 ,0 ,0 ,0 ,,,0 ,0 ,,0 ,0 ,0 ,"1,890,736,409 ",0 ,"1,890,736,409 "
무형자산손상차손환입,0 ,0 ,0 ,0 ,0 ,0 ,0 ,0 ,,,0 ,,,0 ,,0 ,0 ,,0 ,무형자산손상차손환입,0 ,0 ,0 ,0 ,0 ,0 ,0 ,0 ,,,0 ,,,0 ,0 ,0 ,0 ,0 ,0 ,무형자산손상차손환입,0 ,0 ,0 ,0 ,0 ,0 ,0 ,0 ,,,0 ,,,0 ,0 ,0 ,0 ,0 ,0 ,무형자산손상차손환입,0 ,0 ,0 ,0 ,0 ,0 ,0 ,0 ,,,0 ,,,0 ,0 ,0 ,0 ,0 ,0 
투자부동산처분이익,0 ,0 ,0 ,0 ,0 ,0 ,0 ,0 ,,,0 ,,,0 ,,0 ,0 ,,0 ,투자부동산처분이익,0 ,0 ,0 ,0 ,0 ,0 ,0 ,0 ,,,0 ,,,0 ,0 ,0 ,0 ,0 ,0 ,투자부동산처분이익,0 ,0 ,0 ,0 ,0 ,0 ,0 ,0 ,,,0 ,,,0 ,0 ,0 ,0 ,0 ,0 ,투자부동산처분이익,0 ,0 ,0 ,0 ,0 ,0 ,0 ,0 ,,,0 ,,,0 ,0 ,0 ,0 ,0 ,0 
유형자산처분이익,0 ,0 ,0 ,0 ,0 ,0 ,0 ,0 ,,,0 ,,,0 ,,0 ,0 ,,0 ,유형자산처분이익,0 ,0 ,0 ,0 ,0 ,0 ,0 ,0 ,,,0 ,,,0 ,0 ,0 ,0 ,0 ,0 ,유형자산처분이익,0 ,0 ,0 ,0 ,0 ,0 ,0 ,0 ,,,0 ,,,0 ,0 ,0 ,0 ,0 ,0 ,유형자산처분이익,0 ,0 ,0 ,0 ,0 ,0 ,0 ,0 ,,,0 ,,,0 ,0 ,0 ,0 ,0 ,0 
무형자산처분이익,0 ,0 ,0 ,0 ,0 ,0 ,0 ,0 ,,,0 ,,,0 ,,0 ,0 ,,0 ,무형자산처분이익,0 ,0 ,0 ,0 ,0 ,0 ,0 ,0 ,,,0 ,,,0 ,0 ,0 ,0 ,0 ,0 ,무형자산처분이익,0 ,0 ,0 ,0 ,0 ,0 ,0 ,0 ,,,0 ,,,0 ,0 ,0 ,0 ,0 ,0 ,무형자산처분이익,0 ,0 ,0 ,0 ,0 ,0 ,0 ,0 ,,,0 ,,,0 ,0 ,0 ,0 ,0 ,0 
금융보증부채환입액,0 ,0 ,0 ,0 ,0 ,0 ,0 ,0 ,,,0 ,,,0 ,,0 ,0 ,,0 ,금융보증부채환입액,0 ,0 ,0 ,0 ,0 ,0 ,0 ,0 ,,,0 ,,,0 ,0 ,0 ,0 ,0 ,0 ,금융보증부채환입액,0 ,0 ,0 ,0 ,0 ,0 ,0 ,0 ,,,0 ,,,0 ,0 ,0 ,0 ,0 ,0 ,금융보증부채환입액,0 ,0 ,0 ,0 ,0 ,0 ,0 ,0 ,,,0 ,,,0 ,0 ,0 ,0 ,0 ,0 
잡이익,"1,204,678,292 ","748,618,371 ","10,206,171 ",0 ,0 ,"20,769 ",0 ,0 ,,,"1,963,523,603 ","699,903,687 ",,"1,263,619,916 ",,"1,263,619,916 ","507,853,235 ",,"507,853,235 ",잡이익,"1,987,248,248 ","975,601,992 ","17,540,488 ",389 ,0 ,"35,122 ",0 ,0 ,,,"2,980,426,239 ","700,077,121 ",,"2,280,349,118 ","1,263,619,916 ","1,016,729,202 ","753,108,871 ","507,853,235 ","245,255,636 ",잡이익,"2,705,765,754 ","1,000,439,553 ","24,340,202 ","7,806 ",0 ,"40,776 ",0 ,0 ,,,"3,730,594,091 ","700,005,050 ",293 ,"3,030,589,334 ","2,280,349,118 ","750,240,216 ","1,015,024,995 ","753,108,871 ","261,916,124 ",잡이익,"2,705,765,754 ","1,000,439,553 ","24,340,202 ","7,806 ",0 ,"40,776 ",0 ,0 ,,,"3,730,594,091 ","700,005,050 ",293 ,"3,030,589,334 ","2,280,349,118 ","750,240,216 ","1,015,024,995 ","753,108,871 ","261,916,124 "
단기매매증권평가이익,0 ,0 ,0 ,0 ,0 ,0 ,0 ,0 ,,,0 ,,,0 ,,0 ,0 ,,0 ,단기매매증권평가이익,0 ,0 ,0 ,0 ,0 ,0 ,0 ,0 ,,,0 ,,,0 ,0 ,0 ,0 ,0 ,0 ,단기매매증권평가이익,0 ,0 ,0 ,0 ,0 ,0 ,0 ,0 ,,,0 ,,,0 ,0 ,0 ,0 ,0 ,0 ,단기매매증권평가이익,0 ,0 ,0 ,0 ,0 ,0 ,0 ,0 ,,,0 ,,,0 ,0 ,0 ,0 ,0 ,0 
단기매매증권처분이익,0 ,0 ,0 ,0 ,0 ,0 ,0 ,0 ,,,0 ,,,0 ,,0 ,0 ,,0 ,단기매매증권처분이익,0 ,0 ,0 ,0 ,0 ,0 ,0 ,0 ,,,0 ,,,0 ,0 ,0 ,0 ,0 ,0 ,단기매매증권처분이익,0 ,0 ,0 ,0 ,0 ,0 ,0 ,0 ,,,0 ,,,0 ,0 ,0 ,0 ,0 ,0 ,단기매매증권처분이익,0 ,0 ,0 ,0 ,0 ,0 ,0 ,0 ,,,0 ,,,0 ,0 ,0 ,0 ,0 ,0 
파생상품평가이익,0 ,0 ,0 ,0 ,0 ,0 ,0 ,0 ,,,0 ,,,0 ,,0 ,0 ,,0 ,파생상품평가이익,"7,820,651,231 ",0 ,0 ,0 ,0 ,0 ,0 ,0 ,,,"7,820,651,231 ",,,"7,820,651,231 ",0 ,"7,820,651,231 ",0 ,0 ,0 ,파생상품평가이익,"1,170,430,298 ",0 ,0 ,0 ,0 ,0 ,0 ,0 ,,,"1,170,430,298 ",,,"1,170,430,298 ","7,820,651,231 ","(6,650,220,933)",0 ,0 ,0 ,파생상품평가이익,"1,170,430,298 ",0 ,0 ,0 ,0 ,0 ,0 ,0 ,,,"1,170,430,298 ",,,"1,170,430,298 ","7,820,651,231 ","(6,650,220,933)",0 ,0 ,0 
당기손익-공정가치측정금융자산 평가이익,0 ,0 ,0 ,0 ,0 ,0 ,0 ,0 ,,,0 ,,,0 ,,0 ,"116,062,800 ",,"116,062,800 ",당기손익-공정가치측정금융자산 평가이익,0 ,0 ,0 ,0 ,0 ,0 ,0 ,0 ,,,0 ,,,0 ,0 ,0 ,"2,001,841,489 ","116,062,800 ","1,885,778,689 ",당기손익-공정가치측정금융자산 평가이익,0 ,0 ,0 ,0 ,0 ,0 ,0 ,0 ,,,0 ,,,0 ,0 ,0 ,"1,976,997,024 ","2,001,841,489 ","(24,844,465)",당기손익-공정가치측정금융자산 평가이익,0 ,0 ,0 ,0 ,0 ,0 ,0 ,0 ,,,0 ,,,0 ,0 ,0 ,"1,976,997,024 ","2,001,841,489 ","(24,844,465)"
당기손익인식금융자산처분이익,"159,469,175 ",0 ,0 ,0 ,0 ,0 ,0 ,0 ,,,"159,469,175 ",,,"159,469,175 ",,"159,469,175 ","18,481,512 ",,"18,481,512 ",당기손익인식금융자산처분이익,"159,469,175 ",0 ,0 ,0 ,0 ,0 ,0 ,0 ,,,"159,469,175 ",,,"159,469,175 ","159,469,175 ",0 ,"252,047,422 ","18,481,512 ","233,565,910 ",당기손익인식금융자산처분이익,"243,626,108 ",0 ,0 ,0 ,0 ,0 ,0 ,0 ,,,"243,626,108 ",,,"243,626,108 ","159,469,175 ","84,156,933 ","252,047,422 ","252,047,422 ",0 ,당기손익인식금융자산처분이익,"243,626,108 ",0 ,0 ,0 ,0 ,0 ,0 ,0 ,,,"243,626,108 ",,,"243,626,108 ","159,469,175 ","84,156,933 ","252,047,422 ","252,047,422 ",0 
파생상품거래이익,"61,513,987 ",0 ,0 ,0 ,0 ,0 ,0 ,0 ,,,"61,513,987 ",,,"61,513,987 ",,"61,513,987 ","340,996,299 ",,"340,996,299 ",파생상품거래이익,"923,947,414 ",0 ,0 ,0 ,0 ,0 ,0 ,0 ,,,"923,947,414 ",,,"923,947,414 ","61,513,987 ","862,433,427 ","697,707,304 ","340,996,299 ","356,711,005 ",파생상품거래이익,"2,090,455,230 ",0 ,0 ,0 ,0 ,0 ,0 ,0 ,,,"2,090,455,230 ",,,"2,090,455,230 ","923,947,414 ","1,166,507,816 ","1,029,257,304 ","697,707,304 ","331,550,000 ",파생상품거래이익,"2,090,455,230 ",0 ,0 ,0 ,0 ,0 ,0 ,0 ,,,"2,090,455,230 ",,,"2,090,455,230 ","923,947,414 ","1,166,507,816 ","1,029,257,304 ","697,707,304 ","331,550,000 "
지분법이익,0 ,0 ,0 ,0 ,0 ,0 ,0 ,0 ,,,0 ,,,0 ,,0 ,0 ,,0 ,지분법이익,0 ,0 ,0 ,0 ,0 ,0 ,0 ,0 ,,,0 ,,,0 ,0 ,0 ,0 ,0 ,0 ,지분법이익,0 ,0 ,0 ,0 ,0 ,0 ,0 ,0 ,,,0 ,,"10,551,653,668 ","10,551,653,668 ",0 ,"10,551,653,668 ","10,539,915,401 ",0 ,"10,539,915,401 ",지분법이익,0 ,0 ,0 ,0 ,0 ,0 ,0 ,0 ,,,0 ,,"10,551,653,668 ","10,551,653,668 ",0 ,"10,551,653,668 ","10,539,915,401 ",0 ,"10,539,915,401 "
관계기업투자주식처분이익,0 ,0 ,0 ,0 ,0 ,0 ,0 ,0 ,,,0 ,0 ,0 ,0 ,,0 ,0 ,,0 ,관계기업투자주식처분이익,0 ,0 ,0 ,0 ,0 ,0 ,0 ,0 ,,,0 ,0 ,0 ,0 ,0 ,0 ,0 ,0 ,0 ,관계기업투자주식처분이익,0 ,0 ,0 ,0 ,0 ,0 ,0 ,0 ,,,0 ,0 ,0 ,0 ,0 ,0 ,0 ,0 ,0 ,관계기업투자주식처분이익,0 ,0 ,0 ,0 ,0 ,0 ,0 ,0 ,,,0 ,0 ,0 ,0 ,0 ,0 ,0 ,0 ,0 
종속기업투자주식처분이익,0 ,0 ,0 ,0 ,0 ,0 ,0 ,0 ,,,0 ,0 ,0 ,0 ,,0 ,0 ,,0 ,종속기업투자주식처분이익,0 ,0 ,0 ,0 ,0 ,0 ,0 ,0 ,,,0 ,0 ,0 ,0 ,0 ,0 ,0 ,0 ,0 ,종속기업투자주식처분이익,0 ,0 ,0 ,0 ,0 ,0 ,0 ,0 ,,,0 ,0 ,0 ,0 ,0 ,0 ,0 ,0 ,0 ,종속기업투자주식처분이익,0 ,0 ,0 ,0 ,0 ,0 ,0 ,0 ,,,0 ,0 ,0 ,0 ,0 ,0 ,0 ,0 ,0 
Ⅶ.영업외비용,"19,386,622,299 ","2,102,888,200 ","223,014,139 ","53,448 ",0 ,"238,620,166 ",0 ,"3,890,129,295 ",,0 ,"25,841,327,547 ",,,"25,467,663,703 ",,"25,467,663,703 ","11,541,691,610 ",,"11,541,691,610 ",Ⅶ.영업외비용,"27,058,676,182 ","4,055,216,878 ","229,499,902 ","563,200 ",0 ,"506,622,912 ",0 ,"6,885,835,093 ",,0 ,"38,736,414,167 ",,,"37,359,382,071 ","25,467,663,703 ","11,891,718,368 ","16,647,672,654 ","11,541,691,610 ","5,105,981,044 ",Ⅶ.영업외비용,"31,861,169,825 ","5,340,191,765 ","388,844,808 ","807,720 ",0 ,"812,436,185 ",0 ,"9,719,406,450 ",,0 ,"48,122,856,753 ",,,"45,520,265,515 ","37,359,382,071 ","8,160,883,444 ","32,125,383,315 ","16,647,672,654 ","15,477,710,661 ",Ⅶ.영업외비용,"31,861,169,825 ","5,340,191,765 ","388,844,808 ","807,720 ",0 ,"812,436,185 ",0 ,"9,719,406,450 ",,0 ,"48,122,856,753 ",,,"45,520,265,515 ","37,359,382,071 ","8,160,883,444 ","32,125,383,315 ","16,647,672,654 ","15,477,710,661 "
이자비용,"2,073,471,212 ","1,013,253,858 ","200,756,592 ",0 ,0 ,"237,435,490 ",0 ,"213,184,857 ",,,"3,738,102,009 ",,"391,738,822 ","3,346,363,187 ",,"3,346,363,187 ","2,903,894,332 ",,"2,903,894,332 ",이자비용,"3,973,863,245 ","1,559,443,504 ","168,269,105 ",0 ,0 ,"505,312,992 ",0 ,"454,582,843 ",,,"6,661,471,689 ",,"777,884,650 ","5,883,587,039 ","3,346,363,187 ","2,537,223,852 ","5,801,038,841 ","2,903,894,332 ","2,897,144,509 ",이자비용,"5,665,757,258 ","2,264,105,583 ","326,924,032 ",0 ,0 ,"807,136,714 ",0 ,"742,263,774 ",,,"9,806,187,361 ",,"1,357,703,713 ","8,448,483,648 ","5,883,587,039 ","2,564,896,609 ","8,526,778,609 ","5,801,038,841 ","2,725,739,768 ",이자비용,"5,665,757,258 ","2,264,105,583 ","326,924,032 ",0 ,0 ,"807,136,714 ",0 ,"742,263,774 ",,,"9,806,187,361 ",,"1,357,703,713 ","8,448,483,648 ","5,883,587,039 ","2,564,896,609 ","8,526,778,609 ","5,801,038,841 ","2,725,739,768 "
외화환산손실,"1,102,061,548 ",0 ,0 ,0 ,0 ,0 ,0 ,0 ,,,"1,102,061,548 ",,"44,500,000 ","1,057,561,548 ",,"1,057,561,548 ","407,312,979 ",,"407,312,979 ",외화환산손실,"6,143,565,307 ",0 ,0 ,0 ,0 ,0 ,0 ,0 ,,,"6,143,565,307 ",,"1,475,800,000 ","4,667,765,307 ","1,057,561,548 ","3,610,203,759 ","581,663,350 ","407,312,979 ","174,350,371 ",외화환산손실,"3,687,070,239 ",0 ,0 ,0 ,0 ,0 ,0 ,0 ,,,"3,687,070,239 ",,"880,400,000 ","2,806,670,239 ","4,667,765,307 ","(1,861,095,068)","1,063,553,185 ","581,663,350 ","481,889,835 ",외화환산손실,"3,687,070,239 ",0 ,0 ,0 ,0 ,0 ,0 ,0 ,,,"3,687,070,239 ",,"880,400,000 ","2,806,670,239 ","4,667,765,307 ","(1,861,095,068)","1,063,553,185 ","581,663,350 ","481,889,835 "
외환차손,"11,418,816,616 ","54,772 ","22,114,932 ","53,448 ",0 ,"1,184,665 ",0 ,"105,190,755 ",,,"11,547,415,188 ",,0 ,"11,547,415,188 ",,"11,547,415,188 ","3,334,387,314 ",,"3,334,387,314 ",외환차손,"14,537,650,277 ","54,024 ","16,682,621 ","563,200 ",0 ,"1,309,513 ",0 ,"269,005,000 ",,,"14,825,264,635 ",,0 ,"14,825,264,635 ","11,547,415,188 ","3,277,849,447 ","4,610,820,202 ","3,334,387,314 ","1,276,432,888 ",외환차손,"18,161,180,563 ","53,795 ","17,698,614 ","771,371 ",0 ,"5,299,061 ",0 ,"93,118,972 ",,,"18,278,122,376 ","199,843,919 ",,"18,477,966,295 ","14,825,264,635 ","3,652,701,660 ","8,358,475,745 ","4,610,820,202 ","3,747,655,543 ",외환차손,"18,161,180,563 ","53,795 ","17,698,614 ","771,371 ",0 ,"5,299,061 ",0 ,"93,118,972 ",,,"18,278,122,376 ","199,843,919 ",,"18,477,966,295 ","14,825,264,635 ","3,652,701,660 ","8,358,475,745 ","4,610,820,202 ","3,747,655,543 "
기타의대손상각비,0 ,0 ,0 ,0 ,0 ,0 ,0 ,0 ,,,0 ,,0 ,0 ,,0 ,"57,433,463 ",,"57,433,463 ",기타의대손상각비,"9,272,320 ",0 ,0 ,0 ,0 ,0 ,0 ,0 ,,,"9,272,320 ",,0 ,"9,272,320 ",0 ,"9,272,320 ","48,525,303 ","57,433,463 ","(8,908,160)",기타의대손상각비,"34,758,473 ",0 ,0 ,0 ,0 ,0 ,0 ,0 ,,,"34,758,473 ",,0 ,"34,758,473 ","9,272,320 ","25,486,153 ","167,838,832 ","48,525,303 ","119,313,529 ",기타의대손상각비,"34,758,473 ",0 ,0 ,0 ,0 ,0 ,0 ,0 ,,,"34,758,473 ",,0 ,"34,758,473 ","9,272,320 ","25,486,153 ","167,838,832 ","48,525,303 ","119,313,529 "
금융보증비용,0 ,0 ,0 ,0 ,0 ,0 ,0 ,0 ,,,0 ,,,0 ,,0 ,0 ,,0 ,금융보증비용,0 ,0 ,0 ,0 ,0 ,0 ,0 ,0 ,,,0 ,,,0 ,0 ,0 ,0 ,0 ,0 ,금융보증비용,0 ,0 ,0 ,0 ,0 ,0 ,0 ,0 ,,,0 ,,,0 ,0 ,0 ,0 ,0 ,0 ,금융보증비용,0 ,0 ,0 ,0 ,0 ,0 ,0 ,0 ,,,0 ,,,0 ,0 ,0 ,0 ,0 ,0 
기타의금융수수료,0 ,0 ,0 ,0 ,0 ,0 ,0 ,0 ,,,0 ,,,0 ,,0 ,0 ,,0 ,기타의금융수수료,0 ,0 ,0 ,0 ,0 ,0 ,0 ,0 ,,,0 ,,,0 ,0 ,0 ,0 ,0 ,0 ,기타의금융수수료,0 ,0 ,0 ,0 ,0 ,0 ,0 ,0 ,,,0 ,,,0 ,0 ,0 ,0 ,0 ,0 ,기타의금융수수료,0 ,0 ,0 ,0 ,0 ,0 ,0 ,0 ,,,0 ,,,0 ,0 ,0 ,0 ,0 ,0 
무형자산폐기손실,0 ,0 ,0 ,0 ,0 ,0 ,0 ,0 ,,,0 ,,,0 ,,0 ,0 ,,0 ,무형자산폐기손실,0 ,0 ,0 ,0 ,0 ,0 ,0 ,0 ,,,0 ,,,0 ,0 ,0 ,0 ,0 ,0 ,무형자산폐기손실,"426,500,000 ",0 ,0 ,0 ,0 ,0 ,0 ,0 ,,,"426,500,000 ",,,"426,500,000 ",0 ,"426,500,000 ",0 ,0 ,0 ,무형자산폐기손실,"426,500,000 ",0 ,0 ,0 ,0 ,0 ,0 ,0 ,,,"426,500,000 ",,,"426,500,000 ",0 ,"426,500,000 ",0 ,0 ,0 
무형자산손상차손,0 ,0 ,0 ,0 ,0 ,0 ,0 ,0 ,,,0 ,,,0 ,,0 ,0 ,,0 ,무형자산손상차손,0 ,0 ,0 ,0 ,0 ,0 ,0 ,0 ,,,0 ,,,0 ,0 ,0 ,0 ,0 ,0 ,무형자산손상차손,0 ,0 ,0 ,0 ,0 ,0 ,0 ,0 ,,,0 ,,,0 ,0 ,0 ,0 ,0 ,0 ,무형자산손상차손,0 ,0 ,0 ,0 ,0 ,0 ,0 ,0 ,,,0 ,,,0 ,0 ,0 ,0 ,0 ,0 
재고자산폐기손실,0 ,0 ,0 ,0 ,0 ,0 ,0 ,0 ,,,0 ,,,0 ,,0 ,0 ,,0 ,재고자산폐기손실,0 ,0 ,0 ,0 ,0 ,0 ,0 ,0 ,,,0 ,,,0 ,0 ,0 ,0 ,0 ,0 ,재고자산폐기손실,0 ,0 ,0 ,0 ,0 ,0 ,0 ,0 ,,,0 ,,,0 ,0 ,0 ,0 ,0 ,0 ,재고자산폐기손실,0 ,0 ,0 ,0 ,0 ,0 ,0 ,0 ,,,0 ,,,0 ,0 ,0 ,0 ,0 ,0 
유형자산처분손실,"23,614,412 ","12,159,262 ",0 ,0 ,0 ,0 ,0 ,0 ,,,"35,773,674 ",,,"35,773,674 ",,"35,773,674 ",0 ,,0 ,유형자산처분손실,"23,614,412 ","1,081,671,503 ",0 ,0 ,0 ,0 ,0 ,0 ,,,"1,105,285,915 ",,,"1,105,285,915 ","35,773,674 ","1,069,512,241 ","3,893,274 ",0 ,"3,893,274 ",유형자산처분손실,"23,614,412 ","1,100,000,494 ","44,072,607 ",0 ,0 ,0 ,0 ,0 ,,,"1,167,687,513 ",,,"1,167,687,513 ","1,105,285,915 ","62,401,598 ","247,946,823 ","3,893,274 ","244,053,549 ",유형자산처분손실,"23,614,412 ","1,100,000,494 ","44,072,607 ",0 ,0 ,0 ,0 ,0 ,,,"1,167,687,513 ",,,"1,167,687,513 ","1,105,285,915 ","62,401,598 ","247,946,823 ","3,893,274 ","244,053,549 "
유형자산폐기손실,"187,600,548 ",0 ,0 ,0 ,0 ,0 ,0 ,0 ,,,"187,600,548 ",,,"187,600,548 ",,"187,600,548 ",0 ,,0 ,유형자산폐기손실,"420,302,116 ",0 ,"44,403,816 ",0 ,0 ,0 ,0 ,0 ,,,"464,705,932 ",,,"464,705,932 ","187,600,548 ","277,105,384 ","696,015,579 ",0 ,"696,015,579 ",유형자산폐기손실,"1,053,527,457 ",0 ,0 ,0 ,0 ,0 ,0 ,0 ,,,"1,053,527,457 ",,,"1,053,527,457 ","464,705,932 ","588,821,525 ","881,818,152 ","696,015,579 ","185,802,573 ",유형자산폐기손실,"1,053,527,457 ",0 ,0 ,0 ,0 ,0 ,0 ,0 ,,,"1,053,527,457 ",,,"1,053,527,457 ","464,705,932 ","588,821,525 ","881,818,152 ","696,015,579 ","185,802,573 "
유형자산손상차손,0 ,0 ,0 ,0 ,0 ,0 ,0 ,0 ,,,0 ,,,0 ,,0 ,0 ,,0 ,유형자산손상차손,0 ,0 ,0 ,0 ,0 ,0 ,0 ,0 ,,,0 ,,,0 ,0 ,0 ,0 ,0 ,0 ,유형자산손상차손,0 ,0 ,0 ,0 ,0 ,0 ,0 ,0 ,,,0 ,,,0 ,0 ,0 ,0 ,0 ,0 ,유형자산손상차손,0 ,0 ,0 ,0 ,0 ,0 ,0 ,0 ,,,0 ,,,0 ,0 ,0 ,0 ,0 ,0 
무형자산처분손실,0 ,0 ,0 ,0 ,0 ,0 ,0 ,0 ,,,0 ,,,0 ,,0 ,0 ,,0 ,무형자산처분손실,0 ,0 ,0 ,0 ,0 ,0 ,0 ,0 ,,,0 ,,,0 ,0 ,0 ,0 ,0 ,0 ,무형자산처분손실,0 ,0 ,0 ,0 ,0 ,0 ,0 ,0 ,,,0 ,,,0 ,0 ,0 ,0 ,0 ,0 ,무형자산처분손실,0 ,0 ,0 ,0 ,0 ,0 ,0 ,0 ,,,0 ,,,0 ,0 ,0 ,0 ,0 ,0 
기부금,"5,074,502 ",0 ,0 ,0 ,0 ,0 ,0 ,0 ,,,"5,074,502 ",,,"5,074,502 ",,"5,074,502 ","93,556,091 ",,"93,556,091 ",기부금,"5,074,502 ",0 ,0 ,0 ,0 ,0 ,0 ,0 ,,,"5,074,502 ",,,"5,074,502 ","5,074,502 ",0 ,"502,861,953 ","93,556,091 ","409,305,862 ",기부금,"82,941,660 ",0 ,0 ,0 ,0 ,0 ,0 ,0 ,,,"82,941,660 ",,,"82,941,660 ","5,074,502 ","77,867,158 ","2,412,588,119 ","502,861,953 ","1,909,726,166 ",기부금,"82,941,660 ",0 ,0 ,0 ,0 ,0 ,0 ,0 ,,,"82,941,660 ",,,"82,941,660 ","5,074,502 ","77,867,158 ","2,412,588,119 ","502,861,953 ","1,909,726,166 "
지분법손실,0 ,0 ,0 ,0 ,0 ,0 ,0 ,0 ,,,0 ,"766,159,937 ",,"766,159,937 ",,"766,159,937 ","802,914,411 ",,"802,914,411 ",지분법손실,0 ,0 ,0 ,0 ,0 ,0 ,0 ,0 ,,,0 ,"1,594,148,331 ",,"1,594,148,331 ","766,159,937 ","827,988,394 ","1,602,851,849 ","802,914,411 ","799,937,438 ",지분법손실,0 ,0 ,0 ,0 ,0 ,0 ,0 ,0 ,,,0 ,"158,697,676 ",,"158,697,676 ","1,594,148,331 ","(1,435,450,655)","160,892,127 ","1,602,851,849 ","(1,441,959,722)",지분법손실,0 ,0 ,0 ,0 ,0 ,0 ,0 ,0 ,,,0 ,"158,697,676 ",,"158,697,676 ","1,594,148,331 ","(1,435,450,655)","160,892,127 ","1,602,851,849 ","(1,441,959,722)"
파생상품평가손실,"3,114,962,224 ",0 ,0 ,0 ,0 ,0 ,0 ,0 ,,,"3,114,962,224 ",,,"3,114,962,224 ",,"3,114,962,224 ","51,966,231 ",,"51,966,231 ",파생상품평가손실,0 ,0 ,0 ,0 ,0 ,0 ,0 ,0 ,,,0 ,,,0 ,"3,114,962,224 ","(3,114,962,224)",0 ,"51,966,231 ","(51,966,231)",파생상품평가손실,0 ,0 ,0 ,0 ,0 ,0 ,0 ,0 ,,,0 ,,,0 ,0 ,0 ,"107,114,696 ",0 ,"107,114,696 ",파생상품평가손실,0 ,0 ,0 ,0 ,0 ,0 ,0 ,0 ,,,0 ,,,0 ,0 ,0 ,"107,114,696 ",0 ,"107,114,696 "
파생상품거래손실,"280,408,753 ",0 ,0 ,0 ,0 ,0 ,0 ,0 ,,,"280,408,753 ",,,"280,408,753 ",,"280,408,753 ","80,126,550 ",,"80,126,550 ",파생상품거래손실,"349,603,638 ",0 ,0 ,0 ,0 ,0 ,0 ,0 ,,,"349,603,638 ",,,"349,603,638 ","280,408,753 ","69,194,885 ","246,480,029 ","80,126,550 ","166,353,479 ",파생상품거래손실,"439,895,782 ",0 ,0 ,0 ,0 ,0 ,0 ,0 ,,,"439,895,782 ",,,"439,895,782 ","349,603,638 ","90,292,144 ","829,584,966 ","246,480,029 ","583,104,937 ",파생상품거래손실,"439,895,782 ",0 ,0 ,0 ,0 ,0 ,0 ,0 ,,,"439,895,782 ",,,"439,895,782 ","349,603,638 ","90,292,144 ","829,584,966 ","246,480,029 ","583,104,937 "
잡손실,"211,026,043 ","1,077,420,308 ","142,615 ",0 ,0 ,11 ,0 ,"3,571,753,683 ",,,"4,860,342,660 ",1 ,"703,584,960 ","4,156,757,701 ",,"4,156,757,701 ","2,002,739,077 ",,"2,002,739,077 ",잡손실,"671,646,531 ","1,414,047,847 ","144,360 ",0 ,0 ,407 ,0 ,"6,162,247,250 ",,,"8,248,086,395 ",,"717,495,777 ","7,530,590,618 ","4,156,757,701 ","3,373,832,917 ","2,118,512,168 ","2,002,739,077 ","115,773,091 ",잡손실,"777,605,628 ","1,976,031,893 ","149,555 ","36,349 ",0 ,410 ,0 ,"8,884,023,704 ",,,"11,637,847,539 ",,"723,029,120 ","10,914,818,419 ","7,530,590,618 ","3,384,227,801 ","6,441,489,182 ","2,118,512,168 ","4,322,977,014 ",잡손실,"777,605,628 ","1,976,031,893 ","149,555 ","36,349 ",0 ,410 ,0 ,"8,884,023,704 ",,,"11,637,847,539 ",,"723,029,120 ","10,914,818,419 ","7,530,590,618 ","3,384,227,801 ","6,441,489,182 ","2,118,512,168 ","4,322,977,014 "
소송충당부채전입액,,,,,0 ,,,,,,0 ,,,0 ,,0 ,0 ,,0 ,소송충당부채전입액,,,,,0 ,,,,,,0 ,,,0 ,0 ,0 ,0 ,0 ,0 ,소송충당부채전입액,,,,,0 ,,,,,,0 ,,,0 ,0 ,0 ,0 ,0 ,0 ,소송충당부채전입액,,,,,0 ,,,,,,0 ,,,0 ,0 ,0 ,0 ,0 ,0 
당기손익-공정가치측정금융자산 평가손실,"932,510,941 ",0 ,0 ,0 ,0 ,0 ,0 ,0 ,,,"932,510,941 ",,,"932,510,941 ",,"932,510,941 ","1,807,361,162 ",,"1,807,361,162 ",당기손익-공정가치측정금융자산 평가손실,"887,008,334 ",0 ,0 ,0 ,0 ,0 ,0 ,0 ,,,"887,008,334 ",,,"887,008,334 ","932,510,941 ","(45,502,607)","435,010,106 ","1,807,361,162 ","(1,372,351,056)",당기손익-공정가치측정금융자산 평가손실,"1,508,318,353 ",0 ,0 ,0 ,0 ,0 ,0 ,0 ,,,"1,508,318,353 ",,,"1,508,318,353 ","887,008,334 ","621,310,019 ","575,741,306 ","435,010,106 ","140,731,200 ",당기손익-공정가치측정금융자산 평가손실,"1,508,318,353 ",0 ,0 ,0 ,0 ,0 ,0 ,0 ,,,"1,508,318,353 ",,,"1,508,318,353 ","887,008,334 ","621,310,019 ","575,741,306 ","435,010,106 ","140,731,200 "
종속기업처분손실,0 ,,,,,,,,,,0 ,,,0 ,,0 ,0 ,,0 ,종속기업처분손실,0 ,,,,,,,,,,0 ,,,0 ,0 ,0 ,0 ,0 ,0 ,종속기업처분손실,0 ,,,,,,,,,,0 ,,,0 ,0 ,0 ,0 ,0 ,0 ,종속기업처분손실,0 ,,,,,,,,,,0 ,,,0 ,0 ,0 ,0 ,0 ,0 
당기손익인식금융자산처분손실,"37,075,500 ",0 ,0 ,0 ,0 ,0 ,0 ,0 ,,,"37,075,500 ",,,"37,075,500 ",,"37,075,500 ",0 ,,0 ,당기손익인식금융자산처분손실,"37,075,500 ",0 ,0 ,0 ,0 ,0 ,0 ,0 ,,,"37,075,500 ",,,"37,075,500 ","37,075,500 ",0 ,0 ,0 ,0 ,당기손익인식금융자산처분손실,0 ,0 ,0 ,0 ,0 ,0 ,0 ,0 ,,,0 ,,,0 ,"37,075,500 ","(37,075,500)","2,351,561,573 ",0 ,"2,351,561,573 ",당기손익인식금융자산처분손실,0 ,0 ,0 ,0 ,0 ,0 ,0 ,0 ,,,0 ,,,0 ,"37,075,500 ","(37,075,500)","2,351,561,573 ",0 ,"2,351,561,573 "
Ⅷ.법인세비용차감전순이익,"105,282,566,090 ","4,985,132,231 ","(148,980,449)","12,623,020 ",0 ,"(1,755,293,539)","(28,642,650)","(2,850,133,366)",,0 ,"105,497,271,337 ",,,"110,663,352,907 ",,"110,663,352,908 ","128,158,681,134 ",,"128,158,681,134 ",Ⅷ.법인세비용차감전순이익,"192,242,877,960 ","3,084,893,866 ","264,712,078 ","7,981,550 ",0 ,"(3,756,529,520)","(86,033,727)","(4,982,645,347)",,0 ,"186,775,256,860 ",,,"196,746,214,027 ","110,663,352,908 ","86,082,861,119 ","226,114,747,188 ","128,158,681,134 ","97,956,066,054 ",Ⅷ.법인세비용차감전순이익,"394,092,949,375 ","31,996,241,345 ","(1,122,354,881)","(8,746,745)",0 ,"(6,788,878,104)","(106,088,435)","(2,355,925,596)",,0 ,"415,707,196,959 ",,,"332,024,014,846 ","196,746,214,027 ","135,277,800,819 ","335,954,642,417 ","226,114,747,188 ","109,839,895,230 ",Ⅷ.법인세비용차감전순이익,"394,092,949,375 ","31,996,241,345 ","(1,122,354,881)","(8,746,745)",0 ,"(6,788,878,104)","(106,088,435)","(2,355,925,596)",,0 ,"415,707,196,959 ",,,"332,024,014,846 ","196,746,214,027 ","135,277,800,819 ","335,954,642,417 ","226,114,747,188 ","109,839,895,230 "
Ⅸ.법인세비용,"25,444,446,825 ","1,292,291,289 ","24,182,142 ",0 ,0 ,"(20,278,554)",0 ,"174,487,839 ",,,"26,915,129,541 ","1,361,321,343 ","182,502,744 ","28,093,948,140 ",,"28,093,948,140 ","31,836,782,903 ",,"31,836,782,903 ",Ⅸ.법인세비용,"48,198,413,526 ","849,187,222 ","40,415,622 ",0 ,0 ,"(29,013,971)",0 ,"503,142,694 ",,,"49,562,145,093 ","2,334,779,760 ","358,794,169 ","51,538,130,684 ","28,093,948,140 ","23,444,182,544 ","55,841,814,143 ","31,836,782,903 ","24,005,031,239 ",Ⅸ.법인세비용,"99,106,156,325 ","8,074,594,781 ","(35,141,398)",0 ,0 ,"(59,354,817)",0 ,"349,962,550 ",,,"107,436,217,441 ","(20,782,825,194)","532,481,210 ","86,120,911,037 ","51,538,130,684 ","34,582,780,354 ","85,880,676,104 ","55,841,814,143 ","30,038,861,961 ",Ⅸ.법인세비용,"99,106,156,325 ","8,074,594,781 ","(35,141,398)",0 ,0 ,"(59,354,817)",0 ,"349,962,550 ",,,"107,436,217,441 ","(20,782,825,194)","532,481,210 ","86,120,911,037 ","51,538,130,684 ","34,582,780,354 ","85,880,676,104 ","55,841,814,143 ","30,038,861,961 "
 계속사업손익,"79,838,119,265 ","3,692,840,942 ","(173,162,591)","12,623,020 ",0 ,"(1,735,014,985)","(28,642,650)","(3,024,621,205)",,0 ,"78,582,141,796 ",0 ,,"82,569,404,767 ",,"82,569,404,768 ","96,321,898,231 ",,"96,321,898,231 ", 계속사업손익,"144,044,464,434 ","2,235,706,644 ","224,296,456 ","7,981,550 ",0 ,"(3,727,515,549)","(86,033,727)","(5,485,788,041)",,0 ,"137,213,111,767 ",0 ,,"145,208,083,343 ","82,569,404,768 ","62,638,678,575 ","170,272,933,045 ","96,321,898,231 ","73,951,034,815 ", 계속사업손익,"294,986,793,050 ","23,921,646,564 ","(1,087,213,483)","(8,746,745)",0 ,"(6,729,523,287)","(106,088,435)","(2,705,888,146)",,0 ,"308,270,979,518 ",0 ,,"245,903,103,809 ","145,208,083,343 ","100,695,020,465 ","250,073,966,314 ","170,272,933,045 ","79,801,033,269 ", 계속사업손익,"294,986,793,050 ","23,921,646,564 ","(1,087,213,483)","(8,746,745)",0 ,"(6,729,523,287)","(106,088,435)","(2,705,888,146)",,0 ,"308,270,979,518 ",0 ,,"245,903,103,809 ","145,208,083,343 ","100,695,020,465 ","250,073,966,314 ","170,272,933,045 ","79,801,033,269 "
 중단사업손익,0 ,0 ,0 ,0 ,0 ,,,,,,0 ,,,0 ,,0 ,0 ,,0 , 중단사업손익,0 ,0 ,0 ,0 ,0 ,,,,,,0 ,,,0 ,0 ,0 ,0 ,0 ,0 , 중단사업손익,0 ,0 ,0 ,0 ,0 ,,,,,,0 ,,,0 ,0 ,0 ,0 ,0 ,0 , 중단사업손익,0 ,0 ,0 ,0 ,0 ,,,,,,0 ,,,0 ,0 ,0 ,0 ,0 ,0 
Ⅹ.당기순이익,"79,838,119,265 ","3,692,840,942 ","(173,162,591)","12,623,020 ",0 ,"(1,735,014,985)","(28,642,650)","(3,024,621,205)","31,675,033 ","31,675,033 ","78,582,141,796 ","397,387,354,628 ","401,374,617,599 ","82,569,404,767 ",,"82,569,404,768 ","96,321,898,231 ",,"96,321,898,231 ",Ⅹ.당기순이익,"144,044,464,434 ","2,235,706,644 ","224,296,456 ","7,981,550 ",0 ,"(3,727,515,549)","(86,033,727)","(5,485,788,041)","52,180,455 ","52,180,455 ","137,213,111,767 ","667,972,859,502 ","675,967,831,078 ","145,208,083,343 ","82,569,404,768 ","62,638,678,575 ","170,272,933,045 ","96,321,898,231 ","73,951,034,815 ",Ⅹ.당기순이익,"294,986,793,050 ","23,921,646,564 ","(1,087,213,483)","(8,746,745)",0 ,"(6,729,523,287)","(106,088,435)","(2,705,888,146)","85,594,490 ","85,594,490 ","308,270,979,518 ","1,226,390,365,065 ","1,164,022,489,356 ","245,903,103,809 ","145,208,083,343 ","100,695,020,465 ","250,073,966,314 ","170,272,933,045 ","79,801,033,269 ",Ⅹ.당기순이익,"294,986,793,050 ","23,921,646,564 ","(1,087,213,483)","(8,746,745)",0 ,"(6,729,523,287)","(106,088,435)","(2,705,888,146)","85,594,490 ","85,594,490 ","308,270,979,518 ","1,226,390,365,065 ","1,164,022,489,356 ","245,903,103,809 ","145,208,083,343 ","100,695,020,465 ","250,073,966,314 ","170,272,933,045 ","79,801,033,269 "
   지배지분,"79,838,119,265 ","3,692,840,942 ","(173,162,591)","12,623,020 ",0 ,"(1,735,014,985)","(28,642,650)","(3,024,621,205)","31,675,033 ","31,675,033 ","78,582,141,796 ","441,200,837 ",,"83,010,605,604 ",,"83,010,605,605 ","95,713,367,503 ",,"95,713,367,503 ",   지배지분,"144,044,464,434 ","2,235,706,644 ","224,296,456 ","7,981,550 ",0 ,"(3,727,515,549)","(86,033,727)","(5,485,788,041)","52,180,455 ","52,180,455 ","137,213,111,767 ","620,050,877 ",,"145,828,134,220 ","83,010,605,605 ","62,817,528,615 ","169,907,782,239 ","95,713,367,503 ","74,194,414,736 ",   지배지분,"294,986,793,050 ","23,921,646,564 ","(1,087,213,483)","(8,746,745)",0 ,"(6,729,523,287)","(106,088,435)","(2,705,888,146)","85,594,490 ","85,594,490 ","308,270,979,518 ","(1,915,194,418)",,"243,987,909,391 ","145,828,134,220 ","98,159,775,171 ","253,403,974,022 ","169,907,782,239 ","83,496,191,783 ",   지배지분,"294,986,793,050 ","23,921,646,564 ","(1,087,213,483)","(8,746,745)",0 ,"(6,729,523,287)","(106,088,435)","(2,705,888,146)","85,594,490 ","85,594,490 ","308,270,979,518 ","(1,915,194,418)",,"243,987,909,391 ","145,828,134,220 ","98,159,775,171 ","253,403,974,022 ","169,907,782,239 ","83,496,191,783 "
   비지배지분,0 ,0 ,0 ,0 ,0 ,,,,,,0 ,"(441,200,837)",,"(441,200,837)",,"(441,200,837)","608,530,728 ",,"608,530,728 ",   비지배지분,0 ,0 ,0 ,0 ,0 ,,,,,,0 ,"(620,050,877)",,"(620,050,877)","(441,200,837)","(178,850,040)","365,150,806 ","608,530,728 ","(243,379,922)",   비지배지분,0 ,0 ,0 ,0 ,0 ,,,,,,0 ,"1,915,194,418 ",,"1,915,194,418 ","(620,050,877)","2,535,245,295 ","(3,330,007,708)","365,150,806 ","(3,695,158,514)",   비지배지분,0 ,0 ,0 ,0 ,0 ,,,,,,0 ,"1,915,194,418 ",,"1,915,194,418 ","(620,050,877)","2,535,245,295 ","(3,330,007,708)","365,150,806 ","(3,695,158,514)"
기타포괄손익:,"(212,664,765)","214,066,816 ","(105,352,501)","(520,789)",0 ,"(25,663)","(190,631,222)","(1,581,782,632)",,,"(1,876,910,756)",,,"(1,923,682,080)",,"(1,923,682,080)","3,897,936,201 ",,"3,897,936,201 ",기타포괄손익:,"(676,928,425)","(5,121,592,313)","766,950,528 ","(8,568,099)",0 ,"(10,880,280)","(6,175,346,071)","54,324,550 ",,,"(11,172,040,110)",,,"(10,496,045,017)","(1,923,682,079)","(8,572,362,938)","7,298,827,600 ","3,897,936,201 ","3,400,891,399 ",기타포괄손익:,"(280,229,761)","(1,691,821,783)","464,349,331 ","(6,257,251)",0 ,"77,107,167 ","(3,687,925,835)","(225,880,427)",,,"(5,350,658,559)",,,"(5,766,544,670)","(10,496,045,017)","4,729,500,347 ","2,524,955,892 ","7,298,827,600 ","(4,773,871,708)",기타포괄손익:,"(280,229,761)","(1,691,821,783)","464,349,331 ","(6,257,251)",0 ,"77,107,167 ","(3,687,925,835)","(225,880,427)",,,"(5,350,658,559)",,,"(5,766,544,670)","(10,496,045,017)","4,729,500,347 ","2,524,955,892 ","7,298,827,600 ","(4,773,871,708)"
매도가능금융자산평가손익,,0 ,0 ,0 ,,,,,,,0 ,,,0 ,,0 ,0 ,,0 ,매도가능금융자산평가손익,,0 ,0 ,0 ,,,,,,,0 ,,,0 ,0 ,0 ,0 ,0 ,0 ,매도가능금융자산평가손익,,0 ,0 ,0 ,,,,,,,0 ,,,0 ,0 ,0 ,0 ,0 ,0 ,매도가능금융자산평가손익,,0 ,0 ,0 ,,,,,,,0 ,,,0 ,0 ,0 ,0 ,0 ,0 
법인세효과,,0 ,0 ,0 ,,,,,,,0 ,,,0 ,,0 ,0 ,,0 ,법인세효과,,0 ,0 ,0 ,,,,,,,0 ,,,0 ,0 ,0 ,0 ,0 ,0 ,법인세효과,,0 ,0 ,0 ,,,,,,,0 ,,,0 ,0 ,0 ,0 ,0 ,0 ,법인세효과,,0 ,0 ,0 ,,,,,,,0 ,,,0 ,0 ,0 ,0 ,0 ,0 
법인세효과 차감후 금액,,0 ,0 ,0 ,0 ,0 ,0 ,0 ,,,0 ,,,0 ,,0 ,0 ,,0 ,법인세효과 차감후 금액,,0 ,0 ,0 ,0 ,0 ,0 ,0 ,,,0 ,,,0 ,0 ,0 ,0 ,0 ,0 ,법인세효과 차감후 금액,,0 ,0 ,0 ,0 ,0 ,0 ,0 ,,,0 ,,,0 ,0 ,0 ,0 ,0 ,0 ,법인세효과 차감후 금액,,0 ,0 ,0 ,0 ,0 ,0 ,0 ,,,0 ,,,0 ,0 ,0 ,0 ,0 ,0 
자산재평가이익,,0 ,0 ,0 ,,,,,,,0 ,,,0 ,,0 ,0 ,,0 ,자산재평가이익,,0 ,0 ,0 ,,,,,,,0 ,,,0 ,0 ,0 ,0 ,0 ,0 ,자산재평가이익,,0 ,0 ,0 ,,,,,,,0 ,,,0 ,0 ,0 ,0 ,0 ,0 ,자산재평가이익,,0 ,0 ,0 ,,,,,,,0 ,,,0 ,0 ,0 ,0 ,0 ,0 
법인세효과,,0 ,0 ,0 ,,,,,,,0 ,,,0 ,,0 ,0 ,,0 ,법인세효과,,0 ,0 ,0 ,,,,,,,0 ,,,0 ,0 ,0 ,0 ,0 ,0 ,법인세효과,,0 ,0 ,0 ,,,,,,,0 ,,,0 ,0 ,0 ,0 ,0 ,0 ,법인세효과,,0 ,0 ,0 ,,,,,,,0 ,,,0 ,0 ,0 ,0 ,0 ,0 
법인세효과 차감후 금액,,0 ,0 ,0 ,0 ,0 ,0 ,0 ,,,0 ,,,0 ,,0 ,0 ,,0 ,법인세효과 차감후 금액,,0 ,0 ,0 ,0 ,0 ,0 ,0 ,,,0 ,,,0 ,0 ,0 ,0 ,0 ,0 ,법인세효과 차감후 금액,,0 ,0 ,0 ,0 ,0 ,0 ,0 ,,,0 ,,,0 ,0 ,0 ,0 ,0 ,0 ,법인세효과 차감후 금액,,0 ,0 ,0 ,0 ,0 ,0 ,0 ,,,0 ,,,0 ,0 ,0 ,0 ,0 ,0 
보험수리적손익,"(283,553,020)",0 ,0 ,0 ,,"(32,901)",,,,,"(283,585,921)",,,"(283,585,921)",,"(283,585,921)","310,668,691 ",,"310,668,691 ",보험수리적손익,"(902,571,233)",0 ,0 ,0 ,,"(13,949,077)",,,,,"(916,520,310)",,,"(916,520,310)","(283,585,921)","(632,934,389)","(153,874,337)","310,668,691 ","(464,543,028)",보험수리적손익,"(373,639,682)",0 ,0 ,0 ,,"98,855,342 ",,,,,"(274,784,340)",,,"(274,784,340)","(916,520,310)","641,735,970 ","(97,252,860)","(153,874,337)","56,621,477 ",보험수리적손익,"(373,639,682)",0 ,0 ,0 ,,"98,855,342 ",,,,,"(274,784,340)",,,"(274,784,340)","(916,520,310)","641,735,970 ","(97,252,860)","(153,874,337)","56,621,477 "
법인세효과,"70,888,255 ",0 ,0 ,0 ,,"7,238 ",,,,,"70,895,493 ",,,"70,895,493 ",,"70,895,493 ","(77,667,173)",,"(77,667,173)",법인세효과,"225,642,808 ",0 ,0 ,0 ,,"3,068,797 ",,,,,"228,711,605 ",,,"228,711,605 ","70,895,493 ","157,816,112 ","37,918,420 ","(77,667,173)","115,585,593 ",법인세효과,"93,409,921 ",0 ,0 ,0 ,,"(21,748,175)",,,,,"71,661,746 ",,,"71,661,746 ","228,711,605 ","(157,049,859)","22,914,640 ","37,918,420 ","(15,003,780)",법인세효과,"93,409,921 ",0 ,0 ,0 ,,"(21,748,175)",,,,,"71,661,746 ",,,"71,661,746 ","228,711,605 ","(157,049,859)","22,914,640 ","37,918,420 ","(15,003,780)"
법인세효과 차감후 금액,"(212,664,765)",0 ,0 ,0 ,0 ,"(25,663)",0 ,0 ,,,"(212,690,428)",,,"(212,690,428)",,"(212,690,428)","233,001,518 ",,"233,001,518 ",법인세효과 차감후 금액,"(676,928,425)",0 ,0 ,0 ,0 ,"(10,880,280)",0 ,0 ,,,"(687,808,705)",,,"(687,808,705)","(212,690,428)","(475,118,277)","(115,955,917)","233,001,518 ","(348,957,435)",법인세효과 차감후 금액,"(280,229,761)",0 ,0 ,0 ,0 ,"77,107,167 ",0 ,0 ,,,"(203,122,594)",,,"(203,122,594)","(687,808,705)","484,686,111 ","(74,338,220)","(115,955,917)","41,617,697 ",법인세효과 차감후 금액,"(280,229,761)",0 ,0 ,0 ,0 ,"77,107,167 ",0 ,0 ,,,"(203,122,594)",,,"(203,122,594)","(687,808,705)","484,686,111 ","(74,338,220)","(115,955,917)","41,617,697 "
지분법자본변동,,0 ,0 ,0 ,,,,,,,0 ,,,0 ,,0 ,0 ,,0 ,지분법자본변동,,0 ,0 ,0 ,,,,,,,0 ,,,0 ,0 ,0 ,0 ,0 ,0 ,지분법자본변동,,0 ,0 ,0 ,,,,,,,0 ,,,0 ,0 ,0 ,0 ,0 ,0 ,지분법자본변동,,0 ,0 ,0 ,,,,,,,0 ,,,0 ,0 ,0 ,0 ,0 ,0 
법인세효과,,0 ,0 ,0 ,,,,,,,0 ,,,0 ,,0 ,0 ,,0 ,법인세효과,,0 ,0 ,0 ,,,,,,,0 ,,,0 ,0 ,0 ,0 ,0 ,0 ,법인세효과,,0 ,0 ,0 ,,,,,,,0 ,,,0 ,0 ,0 ,0 ,0 ,0 ,법인세효과,,0 ,0 ,0 ,,,,,,,0 ,,,0 ,0 ,0 ,0 ,0 ,0 
법인세효과 차감후 금액,,0 ,0 ,0 ,0 ,0 ,0 ,0 ,,,0 ,,,0 ,,0 ,0 ,,0 ,법인세효과 차감후 금액,,0 ,0 ,0 ,0 ,0 ,0 ,0 ,,,0 ,,,0 ,0 ,0 ,0 ,0 ,0 ,법인세효과 차감후 금액,,0 ,0 ,0 ,0 ,0 ,0 ,0 ,,,0 ,,,0 ,0 ,0 ,0 ,0 ,0 ,법인세효과 차감후 금액,,0 ,0 ,0 ,0 ,0 ,0 ,0 ,,,0 ,,,0 ,0 ,0 ,0 ,0 ,0 
지분법이익잉여금,,0 ,0 ,0 ,,,,,,,0 ,,,,,0 ,0 ,,0 ,지분법이익잉여금,,0 ,0 ,0 ,,,,,,,0 ,,,,,0 ,,,0 ,지분법이익잉여금,,0 ,0 ,0 ,,,,,,,0 ,,,,,0 ,,,0 ,지분법이익잉여금,,0 ,0 ,0 ,,,,,,,0 ,,,,,0 ,,,0 
법인세효과,,0 ,0 ,0 ,,,,,,,0 ,,,,,0 ,0 ,,0 ,법인세효과,,0 ,0 ,0 ,,,,,,,0 ,,,,,0 ,,,0 ,법인세효과,,0 ,0 ,0 ,,,,,,,0 ,,,,,0 ,,,0 ,법인세효과,,0 ,0 ,0 ,,,,,,,0 ,,,,,0 ,,,0 
법인세효과 차감후 금액,,0 ,0 ,0 ,0 ,0 ,0 ,0 ,,,0 ,,,0 ,,0 ,0 ,,0 ,법인세효과 차감후 금액,,0 ,0 ,0 ,0 ,0 ,0 ,0 ,,,0 ,,,0 ,0 ,0 ,0 ,0 ,0 ,법인세효과 차감후 금액,,0 ,0 ,0 ,0 ,0 ,0 ,0 ,,,0 ,,,0 ,0 ,0 ,0 ,0 ,0 ,법인세효과 차감후 금액,,0 ,0 ,0 ,0 ,0 ,0 ,0 ,,,0 ,,,0 ,0 ,0 ,0 ,0 ,0 
해외사업장환산차이,,"214,066,816 ","(105,352,501)","(520,789)",,,"(190,631,222)","(1,581,782,632)",,,"(1,664,220,328)","4,042,308,151 ","3,995,536,827 ","(1,710,991,652)",,"(1,710,991,652)","3,664,934,683 ",,"3,664,934,683 ",해외사업장환산차이,,"(5,121,592,313)","766,950,528 ","(8,568,099)",,,"(6,175,346,071)","54,324,550 ",,,"(10,484,231,405)","(921,817,813)","(245,822,720)","(9,808,236,312)","(1,710,991,651)","(8,097,244,661)","7,414,783,517 ","3,664,934,683 ","3,749,848,834 ",해외사업장환산차이,,"(1,691,821,783)","464,349,331 ","(6,257,251)",,,"(3,687,925,835)","(225,880,427)",,,"(5,147,535,965)","2,454,609,608 ","2,038,723,497 ","(5,563,422,076)","(9,808,236,312)","4,244,814,236 ","2,599,294,112 ","7,414,783,517 ","(4,815,489,405)",해외사업장환산차이,,"(1,691,821,783)","464,349,331 ","(6,257,251)",,,"(3,687,925,835)","(225,880,427)",,,"(5,147,535,965)","2,454,609,608 ","2,038,723,497 ","(5,563,422,076)","(9,808,236,312)","4,244,814,236 ","2,599,294,112 ","7,414,783,517 ","(4,815,489,405)"
법인세효과,,0 ,0 ,0 ,,,,0 ,,,0 ,,,0 ,,0 ,0 ,,0 ,법인세효과,,0 ,0 ,0 ,,,,0 ,,,0 ,,,0 ,0 ,0 ,0 ,0 ,0 ,법인세효과,,0 ,0 ,0 ,,,,0 ,,,0 ,,,0 ,0 ,0 ,0 ,0 ,0 ,법인세효과,,0 ,0 ,0 ,,,,0 ,,,0 ,,,0 ,0 ,0 ,0 ,0 ,0 
법인세효과 차감후 금액,,"214,066,816 ","(105,352,501)","(520,789)",0 ,0 ,"(190,631,222)","(1,581,782,632)",,,"(1,664,220,328)",,,"(1,710,991,652)",,"(1,710,991,652)","3,664,934,683 ",,"3,664,934,683 ",법인세효과 차감후 금액,,"(5,121,592,313)","766,950,528 ","(8,568,099)",0 ,0 ,"(6,175,346,071)","54,324,550 ",,,"(10,484,231,405)",,,"(9,808,236,312)","(1,710,991,651)","(8,097,244,661)","7,414,783,517 ","3,664,934,683 ","3,749,848,834 ",법인세효과 차감후 금액,,"(1,691,821,783)","464,349,331 ","(6,257,251)",0 ,0 ,"(3,687,925,835)","(225,880,427)",,,"(5,147,535,965)",,,"(5,563,422,076)","(9,808,236,312)","4,244,814,236 ","2,599,294,112 ","7,414,783,517 ","(4,815,489,405)",법인세효과 차감후 금액,,"(1,691,821,783)","464,349,331 ","(6,257,251)",0 ,0 ,"(3,687,925,835)","(225,880,427)",,,"(5,147,535,965)",,,"(5,563,422,076)","(9,808,236,312)","4,244,814,236 ","2,599,294,112 ","7,414,783,517 ","(4,815,489,405)"
총포괄이익,"79,625,454,500 ","3,906,907,758 ","(278,515,092)","12,102,231 ",0 ,"(1,735,040,648)","(219,273,872)","(4,606,403,837)",,,"76,705,231,040 ",,,"80,645,722,688 ",,"80,645,722,689 ","100,219,834,432 ",,"100,219,834,432 ",총포괄이익,"143,367,536,009 ","(2,885,885,669)","991,246,984 ","(586,549)",0 ,"(3,738,395,829)","(6,261,379,798)","(5,431,463,491)",,,"126,041,071,657 ",,,"134,712,038,325 ","80,645,722,689 ","54,066,315,637 ","177,571,760,645 ","100,219,834,432 ","77,351,926,214 ",총포괄이익,"294,706,563,289 ","22,229,824,781 ","(622,864,152)","(15,003,996)",0 ,"(6,652,416,120)","(3,794,014,270)","(2,931,768,573)",,,"302,920,320,959 ",,,"240,136,559,139 ","134,712,038,325 ","105,424,520,813 ","252,598,922,205 ","177,571,760,645 ","75,027,161,561 ",총포괄이익,"294,706,563,289 ","22,229,824,781 ","(622,864,152)","(15,003,996)",0 ,"(6,652,416,120)","(3,794,014,270)","(2,931,768,573)",,,"302,920,320,959 ",,,"240,136,559,139 ","134,712,038,325 ","105,424,520,813 ","252,598,922,205 ","177,571,760,645 ","75,027,161,561 "
   지배지분,"79,625,454,500 ","3,906,907,758 ","(278,515,092)","12,102,231 ",0 ,"(1,735,040,648)","(219,273,872)","(4,606,403,837)",,0 ,"76,705,231,040 ","1,298,753,637 ",0 ,"81,944,476,326 ",,"81,944,476,326 ","96,461,009,738 ",,"96,461,009,738 ",   지배지분,"143,367,536,009 ","(2,885,885,669)","991,246,984 ","(586,549)",0 ,"(3,738,395,829)","(6,261,379,798)","(5,431,463,491)",,0 ,"126,041,071,657 ","1,973,849,278 ",0 ,"136,685,887,603 ","81,944,476,326 ","54,741,411,278 ","173,601,222,134 ","96,461,009,738 ","77,140,212,395 ",   지배지분,"294,706,563,289 ","22,229,824,781 ","(622,864,152)","(15,003,996)",0 ,"(6,652,416,120)","(3,794,014,270)","(2,931,768,573)",,0 ,"302,920,320,959 ","(910,975,798)",0 ,"239,225,583,341 ","136,685,887,603 ","102,539,695,737 ","252,615,516,955 ","173,601,222,134 ","79,014,294,821 ",   지배지분,"294,706,563,289 ","22,229,824,781 ","(622,864,152)","(15,003,996)",0 ,"(6,652,416,120)","(3,794,014,270)","(2,931,768,573)",,0 ,"302,920,320,959 ","(910,975,798)",0 ,"239,225,583,341 ","136,685,887,603 ","102,539,695,737 ","252,615,516,955 ","173,601,222,134 ","79,014,294,821 "
   비지배지분,0 ,0 ,0 ,0 ,0 ,0 ,,0 ,,,0 ,"(1,298,753,637)",,"(1,298,753,638)",,"(1,298,753,637)","3,758,824,694 ",,"3,758,824,694 ",   비지배지분,0 ,0 ,0 ,0 ,0 ,0 ,,0 ,,,0 ,"(1,973,849,278)",,"(1,973,849,278)","(1,298,753,637)","(675,095,641)","3,970,538,511 ","3,758,824,694 ","211,713,817 ",   비지배지분,0 ,0 ,0 ,0 ,0 ,0 ,,0 ,,,0 ,"910,975,798 ",,"910,975,798 ","(1,973,849,278)","2,884,825,076 ","(16,594,750)","3,970,538,511 ","(3,987,133,261)",   비지배지분,0 ,0 ,0 ,0 ,0 ,0 ,,0 ,,,0 ,"910,975,798 ",,"910,975,798 ","(1,973,849,278)","2,884,825,076 ","(16,594,750)","3,970,538,511 ","(3,987,133,261)"
