25.1Q, F&F , F&F Shanghai , FnF HONGKONG , F&F 베트남 , 빅텐츠 , 엔터테인먼트 , 세르지오 , 단순합계 ,연결분개 DR,연결분개 CR,Dr,Cr,2025년 03월 31일,2024년 12월 31일,25.2Q, F&F , F&F Shanghai , FnF HONGKONG , F&F 베트남 , 빅텐츠 , 엔터테인먼트 , 세르지오 , 단순합계 ,연결분개 DR,연결분개 CR,Dr,Cr,2025년 06월 30일,2024년 12월 31일,25.3Q, F&F , F&F Shanghai , FnF HONGKONG , F&F 베트남 , 빅텐츠 , 엔터테인먼트 , 세르지오 , 단순합계 ,연결분개 DR,연결분개 CR,Dr,Cr,2025년 09월 30일,2024년 12월 31일,과  목, F&F , F&F Shanghai , FnF HONGKONG , F&F 베트남 , 빅텐츠 , 엔터테인먼트 , 세르지오 , 단순합계 ,연결분개 DR,연결분개 CR,Dr,Cr,2025년 12월 31일,2024년 12월 31일
Ⅰ.유동자산,"452,307,440,260","220,601,566,875","46,719,250,972","112,263,400",0,"2,418,454,195","36,563,615,310","758,722,591,012",,,,,"621,430,482,596","636,793,849,985",Ⅰ.유동자산,"408,047,402,218","167,130,021,699","41,048,325,495","107,927,131",0,"3,125,003,679","33,539,129,100","652,997,809,322",,,,,"539,401,386,176","636,793,849,985",Ⅰ.유동자산,"664,251,470,089","430,259,230,469","45,030,393,730","92,579,570",0,"2,225,758,405","43,158,252,737","1,185,017,685,000",,,,,"861,218,494,683","636,793,849,985",Ⅰ.유동자산,"664,251,470,089","430,259,230,469","45,030,393,730","92,579,570",0,"2,225,758,405","43,158,252,737","1,185,017,685,000",,,,,"861,218,494,683","636,793,849,985"
(1)당좌자산,"237,400,823,465","92,094,888,334","13,166,315,481","112,263,400",0,"2,373,065,817","25,659,990,567","370,807,347,064",,,,,"301,232,532,561","308,616,293,091",(1)당좌자산,"200,418,281,129","53,308,459,914","11,788,011,803","107,927,131",0,"3,079,630,886","22,445,612,003","291,147,922,866",,,,,"235,908,802,652","308,616,293,091",(1)당좌자산,"420,675,019,866","148,286,431,192","10,864,917,626","92,579,570",0,"2,159,934,433","28,977,128,660","611,056,011,347",,,,,"443,950,666,775","308,616,293,091",(1)당좌자산,"420,675,019,866","148,286,431,192","10,864,917,626","92,579,570",0,"2,159,934,433","28,977,128,660","611,056,011,347",,,,,"443,950,666,775","308,616,293,091"
현금및현금성자산,"79,495,598,457","60,403,717,502","7,022,462,133","59,736,800",0,"778,985,781","16,283,463,009","164,043,963,682",0,0,,,"164,043,963,682","119,832,549,324",현금및현금성자산,"88,734,511,932","20,310,935,986","4,732,115,842","60,350,607",0,"360,631,119","12,241,086,888","126,439,632,374",0,0,,,"126,439,632,374","119,832,549,324",현금및현금성자산,"182,075,014,512","9,318,297,765","4,446,405,823","62,051,081",0,"983,516,231","11,399,745,852","208,285,031,264",0,0,,,"208,285,031,264","119,832,549,324",현금및현금성자산,"182,075,014,512","9,318,297,765","4,446,405,823","62,051,081",0,"983,516,231","11,399,745,852","208,285,031,264",0,0,,,"208,285,031,264","119,832,549,324"
기타유동금융자산,0,0,0,0,0,0,0,0,,,,,0,"6,388,100,000",기타유동금융자산,0,0,0,0,0,0,0,0,,,,,0,"6,388,100,000",기타유동금융자산,0,"27,554,800,000",0,0,0,0,0,"27,554,800,000",,,,,"27,554,800,000","6,388,100,000",기타유동금융자산,0,"27,554,800,000",0,0,0,0,0,"27,554,800,000",,,,,"27,554,800,000","6,388,100,000"
통화선도,0,0,0,0,0,0,0,0,,,,,0,0,통화선도,0,0,0,0,0,0,0,0,,,,,0,0,통화선도,0,0,0,0,0,0,0,0,,,,,0,0,통화선도,0,0,0,0,0,0,0,0,,,,,0,0
(유동)당기손익-공정가치측정금융자산,0,0,0,0,0,0,0,0,,,,,0,0,(유동)당기손익-공정가치측정금융자산,0,0,0,0,0,0,0,0,,,,,0,0,(유동)당기손익-공정가치측정금융자산,0,0,0,0,0,0,0,0,,,,,0,0,(유동)당기손익-공정가치측정금융자산,0,0,0,0,0,0,0,0,,,,,0,0
매출채권,"123,192,933,095","20,895,952,759","2,465,185,086","45,731,725",0,"470,814,944","8,620,687,026","155,691,304,635",,"64,452,451,666",,,"91,238,852,969","137,982,242,258",매출채권,"81,952,788,031","8,792,608,921","3,323,877,568","44,184,698",0,"544,120,142","7,117,396,279","101,774,975,639",,"40,596,723,108",,,"61,178,252,531","137,982,242,258",매출채권,"205,308,960,481","97,531,240,886","2,871,156,413","28,225,603",0,"514,577,410","16,277,397,007","322,531,557,800",,"163,422,991,610",,,"159,108,566,190","137,982,242,258",매출채권,"205,308,960,481","97,531,240,886","2,871,156,413","28,225,603",0,"514,577,410","16,277,397,007","322,531,557,800",,"163,422,991,610",,,"159,108,566,190","137,982,242,258"
매출채권대손충당금,"-1,799,297,854",0,0,0,0,0,"-4,317,129,782","-6,116,427,636",,,,,"-6,116,427,636","-4,156,184,511",매출채권대손충당금,"-1,504,333,349",0,0,0,0,"-3,300,000","-2,151,829,601","-3,659,462,950",,,,,"-3,659,462,950","-4,156,184,511",매출채권대손충당금,"-1,533,502,255",0,0,0,0,"-3,300,000","-4,779,059,235","-6,315,861,490",,,,,"-6,315,861,490","-4,156,184,511",매출채권대손충당금,"-1,533,502,255",0,0,0,0,"-3,300,000","-4,779,059,235","-6,315,861,490",,,,,"-6,315,861,490","-4,156,184,511"
미수금,"19,387,674,115",0,"3,512,819","3,444,441",0,"188,386,325","2,771,342,500","22,354,360,200",,"2,927,854,289",,,"19,426,505,911","19,384,660,745",미수금,"17,007,365,716","6,493,892,375","3,311,700","2,033,845",0,"164,406,595","3,053,980,541","26,724,990,772",,"2,729,798,583",,,"23,995,192,189","19,384,660,745",미수금,"19,937,459,286","4,667,949,482","13,330,929","2,076,868",0,"51,710,345","3,274,013,022","27,946,539,932",,"1,196,978,432",,,"26,749,561,500","19,384,660,745",미수금,"19,937,459,286","4,667,949,482","13,330,929","2,076,868",0,"51,710,345","3,274,013,022","27,946,539,932",,"1,196,978,432",,,"26,749,561,500","19,384,660,745"
미수금대손충당금,"-138,218,849",0,0,0,0,0,0,"-138,218,849",,,,,"-138,218,849","-142,628,015",미수금대손충당금,"-151,900,335",0,0,0,0,0,0,"-151,900,335",,,,,"-151,900,335","-142,628,015",미수금대손충당금,"-177,386,488",0,0,0,0,0,0,"-177,386,488",,,,,"-177,386,488","-142,628,015",미수금대손충당금,"-177,386,488",0,0,0,0,0,0,"-177,386,488",,,,,"-177,386,488","-142,628,015"
유동성보증금,"5,368,899,357","2,251,949,829","2,741,804,297",0,0,0,"135,595,450","10,498,248,933",,,,,"10,498,248,933","10,609,414,351",유동성보증금,"3,612,891,357","1,546,728,576","2,874,641,701",0,0,0,"67,493,596","8,101,755,230",,,,,"8,101,755,230","10,609,414,351",유동성보증금,"4,322,891,357","2,390,335,846","2,539,880,367",0,0,0,"501,465,351","9,754,572,921",,,,,"9,754,572,921","10,609,414,351",유동성보증금,"4,322,891,357","2,390,335,846","2,539,880,367",0,0,0,"501,465,351","9,754,572,921",,,,,"9,754,572,921","10,609,414,351"
현재가치할인차금(유동),"-68,140,765","-196,567,920",0,0,0,0,0,"-264,708,685",,,,,"-264,708,685","-340,348,978",현재가치할인차금(유동),"-13,590,776","-165,864,839",0,0,0,0,0,"-179,455,615",,,,,"-179,455,615","-340,348,978",현재가치할인차금(유동),"-21,080,598","-176,133,764",0,0,0,0,0,"-197,214,362",,,,,"-197,214,362","-340,348,978",현재가치할인차금(유동),"-21,080,598","-176,133,764",0,0,0,0,0,"-197,214,362",,,,,"-197,214,362","-340,348,978"
유동리스채권(순투자),"395,298,915",0,0,0,0,0,0,"395,298,915",,,,,"395,298,915","552,326,500",유동리스채권(순투자),"19,472,295",0,0,0,0,0,0,"19,472,295",,,,,"19,472,295","552,326,500",유동리스채권(순투자),"19,847,355",0,0,0,0,0,0,"19,847,355",,,,,"19,847,355","552,326,500",유동리스채권(순투자),"19,847,355",0,0,0,0,0,0,"19,847,355",,,,,"19,847,355","552,326,500"
단기대여금,0,0,0,0,0,0,"3,879,071,628","3,879,071,628",,0,,,"3,879,071,628","3,888,329,556",단기대여금,0,0,0,0,0,0,"3,587,843,680","3,587,843,680",,0,,,"3,587,843,680","3,888,329,556",단기대여금,0,0,0,0,0,0,"3,708,990,274","3,708,990,274",,0,,,"3,708,990,274","3,888,329,556",단기대여금,0,0,0,0,0,0,"3,708,990,274","3,708,990,274",,0,,,"3,708,990,274","3,888,329,556"
단기대여금대손충당금,0,0,0,0,0,0,"-3,879,071,628","-3,879,071,628",,,,,"-3,879,071,628","-3,888,329,556",단기대여금대손충당금,0,0,0,0,0,0,"-3,587,843,680","-3,587,843,680",,,,,"-3,587,843,680","-3,888,329,556",단기대여금대손충당금,0,0,0,0,0,0,"-3,708,990,274","-3,708,990,274",,,,,"-3,708,990,274","-3,888,329,556",단기대여금대손충당금,0,0,0,0,0,0,"-3,708,990,274","-3,708,990,274",,,,,"-3,708,990,274","-3,888,329,556"
미수수익,"1,085,913,842",0,0,0,0,0,0,"1,085,913,842",,"1,085,913,842",,,0,"930,329",미수수익,"1,472,059,670",0,0,0,0,0,0,"1,472,059,670",,"1,472,059,670",,,0,"930,329",미수수익,"1,541,190,515",0,0,0,0,0,0,"1,541,190,515",,"1,541,190,515",,,0,"930,329",미수수익,"1,541,190,515",0,0,0,0,0,0,"1,541,190,515",,"1,541,190,515",,,0,"930,329"
미수수익대손충당금,0,0,0,0,0,0,0,0,,,,,0,0,미수수익대손충당금,0,0,0,0,0,0,0,0,,,,,0,0,미수수익대손충당금,0,0,0,0,0,0,0,0,,,,,0,0,미수수익대손충당금,0,0,0,0,0,0,0,0,,,,,0,0
선급부가세,0,0,0,0,0,0,0,0,,,,,0,0,선급부가세,0,0,0,0,0,0,0,0,,,,,0,0,선급부가세,0,0,0,0,0,0,0,0,,,,,0,0,선급부가세,0,0,0,0,0,0,0,0,,,,,0,0
선급금,"273,308,624","526,932,208",0,"2,612,943",0,"117,140,867",0,"919,994,642",,0,,,"919,994,642","7,060,483,979",선급금,"1,048,662,342","10,609,318,842",0,"918,048",0,"96,354,809",0,"11,755,254,041",,"9,707,404,125",,,"2,047,849,916","7,060,483,979",선급금,"961,816,557","1,456,242,027",0,0,0,"2,317,171",0,"2,420,375,755",,0,,,"2,420,375,755","7,060,483,979",선급금,"961,816,557","1,456,242,027",0,0,0,"2,317,171",0,"2,420,375,755",,0,,,"2,420,375,755","7,060,483,979"
선급금대손충당금,0,,,,0,0,0,0,,,,,0,0,선급금대손충당금,0,,,,0,0,0,0,,,,,0,0,선급금대손충당금,0,,,,0,0,0,0,,,,,0,0,선급금대손충당금,0,,,,0,0,0,0,,,,,0,0
선급비용,"10,206,854,528","8,212,903,956","933,351,146","737,491",0,"817,737,900","2,166,032,364","22,337,617,385",,"1,108,594,706",,,"21,229,022,679","11,444,747,109",선급비용,"8,240,354,246","5,720,840,053","854,064,992","439,933",0,"1,917,418,221","2,117,484,300","18,850,601,745",,"733,134,728",,,"18,117,467,017","11,444,747,109",선급비용,"8,239,809,144","5,543,698,950","994,144,094","226,018",0,"611,113,276","2,303,566,663","17,692,558,145",,"944,184,015",,,"16,748,374,130","11,444,747,109",선급비용,"8,239,809,144","5,543,698,950","994,144,094","226,018",0,"611,113,276","2,303,566,663","17,692,558,145",,"944,184,015",,,"16,748,374,130","11,444,747,109"
미완성프로그램,0,0,0,0,0,0,0,0,,,,,0,0,미완성프로그램,0,0,0,0,0,0,0,0,,,,,0,0,미완성프로그램,0,0,0,0,0,0,0,0,,,,,0,0,미완성프로그램,0,0,0,0,0,0,0,0,,,,,0,0
완성프로그램,0,0,0,0,0,0,0,0,,0,,,0,0,완성프로그램,0,0,0,0,0,0,0,0,,0,,,0,0,완성프로그램,0,0,0,0,0,0,0,0,,,,,0,0,완성프로그램,0,0,0,0,0,0,0,0,,,,,0,0
완성프로그램-대손충당금,0,0,0,0,0,0,0,0,,,,,0,0,완성프로그램-대손충당금,0,0,0,0,0,0,0,0,,,,,0,0,완성프로그램-대손충당금,0,0,0,0,0,0,0,0,,,,,0,0,완성프로그램-대손충당금,0,0,0,0,0,0,0,0,,,,,0,0
출연료선급금,0,0,0,0,0,0,0,0,,,,,0,0,출연료선급금,0,0,0,0,0,0,0,0,,,,,0,0,출연료선급금,0,0,0,0,0,0,0,0,,,,,0,0,출연료선급금,0,0,0,0,0,0,0,0,,,,,0,0
출연료선급금-대손충당금,0,0,0,0,0,0,0,0,,,,,0,0,출연료선급금-대손충당금,0,0,0,0,0,0,0,0,,,,,0,0,출연료선급금-대손충당금,0,0,0,0,0,0,0,0,,,,,0,0,출연료선급금-대손충당금,0,0,0,0,0,0,0,0,,,,,0,0
(2)재고자산,"214,606,831,954","123,617,042,432","33,552,935,491",0,0,0,"9,992,916,292","381,769,726,169",,,,,"314,052,432,256","324,991,830,383",(2)재고자산,"199,308,435,635","113,821,561,785","29,260,313,692",0,0,0,"9,316,783,093","351,707,094,205",,,,,"293,349,791,273","324,991,830,383",(2)재고자산,"242,023,766,740","281,972,799,277","34,165,476,104",0,0,0,"12,557,803,998","570,719,846,119",,,,,"414,026,000,374","324,991,830,383",(2)재고자산,"242,023,766,740","281,972,799,277","34,165,476,104",0,0,0,"12,557,803,998","570,719,846,119",,,,,"414,026,000,374","324,991,830,383"
상품,"3,771,600,571","174,837,217,664","34,656,976,598",0,0,0,"9,836,864,781","223,102,659,614",,"209,494,194,262",,,"13,608,465,352","10,215,622,387",상품,"3,857,046,488","154,711,367,348","30,530,008,002",0,0,0,"8,159,910,836","197,258,332,674",,"185,241,375,350",,,"12,016,957,324","10,215,622,387",상품,"2,679,702,961","314,006,756,852","35,944,682,902",0,0,0,"12,922,577,284","365,553,719,999",,"349,951,439,754",,,"15,602,280,245","10,215,622,387",상품,"2,679,702,961","314,006,756,852","35,944,682,902",0,0,0,"12,922,577,284","365,553,719,999",,"349,951,439,754",,,"15,602,280,245","10,215,622,387"
상품평가손실충당금,"-2,310,667,606","-58,429,709,654","-1,104,041,107",0,0,0,"-456,013,748","-62,300,432,115",,"-59,533,750,761",,,"-2,766,681,354","-2,696,561,846",상품평가손실충당금,"-1,451,593,410","-59,536,141,904","-1,269,694,310",0,0,0,"-340,768,386","-62,598,198,010",,"-60,805,836,214",,,"-1,792,361,796","-2,696,561,846",상품평가손실충당금,"-1,162,607,521","-61,427,396,874","-1,779,206,798",0,0,0,"-366,296,720","-64,735,507,913",,"-63,206,603,672",,,"-1,528,904,241","-2,696,561,846",상품평가손실충당금,"-1,162,607,521","-61,427,396,874","-1,779,206,798",0,0,0,"-366,296,720","-64,735,507,913",,"-63,206,603,672",,,"-1,528,904,241","-2,696,561,846"
제품,"212,719,361,992",0,0,0,0,0,0,"212,719,361,992","103,577,239,892",,,,"316,296,601,884","319,869,849,734",제품,"194,938,035,536",0,0,0,0,0,0,"194,938,035,536","104,102,747,798",,,,"299,040,783,334","319,869,849,734",제품,"240,564,547,128",0,0,0,0,0,0,"240,564,547,128","179,483,561,780",,,,"420,048,108,908","319,869,849,734",제품,"240,564,547,128",0,0,0,0,0,0,"240,564,547,128","179,483,561,780",,,,"420,048,108,908","319,869,849,734"
제품평가손실충당금,"-12,513,675,885",0,0,0,0,0,0,"-12,513,675,885","-14,124,555,882",,,,"-26,638,231,767","-20,610,389,078",제품평가손실충당금,"-9,550,009,642",0,0,0,0,0,0,"-9,550,009,642","-19,378,175,253",,,,"-28,928,184,895","-20,610,389,078",제품평가손실충당금,"-12,104,185,360",0,0,0,0,0,0,"-12,104,185,360","-20,039,132,144",,,,"-32,143,317,504","-20,610,389,078",제품평가손실충당금,"-12,104,185,360",0,0,0,0,0,0,"-12,104,185,360","-20,039,132,144",,,,"-32,143,317,504","-20,610,389,078"
재공품,0,0,0,0,0,0,0,0,,,,,0,0,재공품,0,0,0,0,0,0,0,0,,,,,0,0,재공품,0,0,0,0,0,0,0,0,,,,,0,0,재공품,0,0,0,0,0,0,0,0,,,,,0,0
재공품평가손실충당금,0,0,0,0,0,0,0,0,,,,,0,0,재공품평가손실충당금,0,0,0,0,0,0,0,0,,,,,0,0,재공품평가손실충당금,0,0,0,0,0,0,0,0,,,,,0,0,재공품평가손실충당금,0,0,0,0,0,0,0,0,,,,,0,0
원재료,0,0,0,0,0,0,0,0,,,,,0,0,원재료,0,0,0,0,0,0,0,0,,,,,0,0,원재료,0,0,0,0,0,0,0,0,,,,,0,0,원재료,0,0,0,0,0,0,0,0,,,,,0,0
원재료평가손실충당금,0,0,0,0,0,0,0,0,,,,,0,0,원재료평가손실충당금,0,0,0,0,0,0,0,0,,,,,0,0,원재료평가손실충당금,0,0,0,0,0,0,0,0,,,,,0,0,원재료평가손실충당금,0,0,0,0,0,0,0,0,,,,,0,0
저장품,"2,766,075,137",0,0,0,0,0,0,"2,766,075,137",,,,,"2,766,075,137","3,050,535,232",저장품,"2,743,105,568",0,0,0,0,0,0,"2,743,105,568",,,,,"2,743,105,568","3,050,535,232",저장품,"2,983,804,825",0,0,0,0,0,0,"2,983,804,825",,,,,"2,983,804,825","3,050,535,232",저장품,"2,983,804,825",0,0,0,0,0,0,"2,983,804,825",,,,,"2,983,804,825","3,050,535,232"
부재료,"5,838,002,849",0,0,0,0,0,0,"5,838,002,849",,,,,"5,838,002,849","6,609,529,488",부재료,"5,934,112,974",0,0,0,0,0,0,"5,934,112,974",,,,,"5,934,112,974","6,609,529,488",부재료,"6,119,268,612",0,0,0,0,0,0,"6,119,268,612",,,,,"6,119,268,612","6,609,529,488",부재료,"6,119,268,612",0,0,0,0,0,0,"6,119,268,612",,,,,"6,119,268,612","6,609,529,488"
미착품,"4,336,134,896","7,209,534,422",0,0,0,0,"612,065,259","12,157,734,577",,"7,209,534,422",,,"4,948,200,155","8,553,244,466",미착품,"2,837,738,121","18,646,336,341",0,0,0,0,"1,497,640,643","22,981,715,105",,"18,646,336,341",,,"4,335,378,764","8,553,244,466",미착품,"2,943,236,095","29,393,439,299",0,0,0,0,"1,523,434","32,338,198,828",,"29,393,439,299",,,"2,944,759,529","8,553,244,466",미착품,"2,943,236,095","29,393,439,299",0,0,0,0,"1,523,434","32,338,198,828",,"29,393,439,299",,,"2,944,759,529","8,553,244,466"
미완성프로그램_재고,0,0,0,0,0,0,0,0,,,,,0,0,미완성프로그램_재고,0,0,0,0,0,0,0,0,,,,,0,0,미완성프로그램_재고,0,0,0,0,0,0,0,0,,,,,0,0,미완성프로그램_재고,0,0,0,0,0,0,0,0,,,,,0,0
완성프로그램_재고,,,,,0,,0,0,,,,,0,0,완성프로그램_재고,,,,,0,,0,0,,,,,0,0,완성프로그램_재고,,,,,0,,0,0,,,,,0,0,완성프로그램_재고,,,,,0,,0,0,,,,,0,0
(3)반품회수자산,"299,784,841",0,0,0,0,0,0,"299,784,841",,,,,"299,784,841","522,813,107",(3)반품회수자산,"500,034,223",0,0,0,0,0,0,"500,034,223",,,,,"500,034,223","522,813,107",(3)반품회수자산,"382,253,185",0,0,0,0,0,0,"382,253,185",,,,,"382,253,185","522,813,107",(3)반품회수자산,"382,253,185",0,0,0,0,0,0,"382,253,185",,,,,"382,253,185","522,813,107"
(4)당기법인세자산,0,"4,889,636,109",0,0,0,"45,388,378","910,708,451","5,845,732,938",,,,,"5,845,732,938","2,662,913,404",(4)당기법인세자산,0,0,0,0,0,"45,372,793","1,776,734,004","1,822,106,797",,,,,"1,822,106,797","2,662,913,404",(4)당기법인세자산,0,0,0,0,0,"65,823,972","1,623,320,079","1,689,144,051",,,,,"1,689,144,051","2,662,913,404",(4)당기법인세자산,0,0,0,0,0,"65,823,972","1,623,320,079","1,689,144,051",,,,,"1,689,144,051","2,662,913,404"
파생상품자산,0,0,0,0,0,0,0,0,,,,,0,0,파생상품자산,"7,820,651,231",0,0,0,0,0,0,"7,820,651,231",,,,,"7,820,651,231",0,파생상품자산,"1,170,430,298",0,0,0,0,0,0,"1,170,430,298",,,,,"1,170,430,298",0,파생상품자산,"1,170,430,298",0,0,0,0,0,0,"1,170,430,298",,,,,"1,170,430,298",0
매각예정비유동자산,0,0,0,0,0,0,0,0,,,,,0,0,매각예정비유동자산,0,0,0,0,0,0,0,0,,,,,0,0,매각예정비유동자산,0,0,0,0,0,0,0,0,,,,,0,0,매각예정비유동자산,0,0,0,0,0,0,0,0,,,,,0,0
Ⅱ.비유동자산,"1,492,196,834,830","69,471,550,833","18,311,009,854","17,841,382",0,"5,189,210,715","71,798,312,431","1,656,984,760,045",,,,,"1,636,519,146,743","1,649,110,888,699",Ⅱ.비유동자산,"1,483,356,444,587","64,553,016,068","15,262,602,634","15,969,424",0,"5,122,862,192","66,122,380,027","1,634,433,274,932",,,,,"1,611,298,882,720","1,649,110,888,699",Ⅱ.비유동자산,"1,480,945,002,521","65,505,440,732","26,190,826,781","16,080,840",0,"5,196,328,296","68,238,789,546","1,646,092,468,716",,,,,"1,639,443,470,696","1,649,110,888,699",Ⅱ.비유동자산,"1,480,945,002,521","65,505,440,732","26,190,826,781","16,080,840",0,"5,196,328,296","68,238,789,546","1,646,092,468,716",,,,,"1,639,443,470,696","1,649,110,888,699"
(1)투자자산,"713,076,306,539",0,0,0,0,0,0,"713,076,306,539",,,,,"662,711,113,123","665,564,420,616",(1)투자자산,"714,228,931,464",0,0,0,0,0,0,"714,228,931,464",,,,,"661,967,049,654","665,564,420,616",(1)투자자산,"720,011,086,303",0,0,0,0,0,0,"720,011,086,303",,,,,"662,247,108,816","665,564,420,616",(1)투자자산,"720,011,086,303",0,0,0,0,0,0,"720,011,086,303",,,,,"662,247,108,816","665,564,420,616"
장기금융상품,"3,000,000",0,0,0,0,0,0,"3,000,000",,,,,"3,000,000","3,000,000",장기금융상품,"3,000,000",0,0,0,0,0,0,"3,000,000",,,,,"3,000,000","3,000,000",장기금융상품,"3,000,000",0,0,0,0,0,0,"3,000,000",,,,,"3,000,000","3,000,000",장기금융상품,"3,000,000",0,0,0,0,0,0,"3,000,000",,,,,"3,000,000","3,000,000"
장기대여금,"39,764,500,000",0,0,0,0,0,0,"39,764,500,000",,"39,764,500,000",,,0,0,장기대여금,"40,833,200,000",0,0,0,0,0,0,"40,833,200,000",,"40,833,200,000",,,0,0,장기대여금,"48,537,400,000",0,0,0,0,0,0,"48,537,400,000",,"48,537,400,000",,,0,0,장기대여금,"48,537,400,000",0,0,0,0,0,0,"48,537,400,000",,"48,537,400,000",,,0,0
장기대여금대손충당금,0,0,0,0,0,0,0,0,,,,,0,0,장기대여금대손충당금,0,0,0,0,0,0,0,0,,,,,0,0,장기대여금대손충당금,0,0,0,0,0,0,0,0,,,,,0,0,장기대여금대손충당금,0,0,0,0,0,0,0,0,,,,,0,0
당기손익-공정가치측정금융자산,"10,963,464,738",0,0,0,0,0,0,"10,963,464,738",,,,,"10,963,464,738","13,087,916,336",당기손익-공정가치측정금융자산,"11,008,967,345",0,0,0,0,0,0,"11,008,967,345",,,,,"11,008,967,345","13,087,916,336",당기손익-공정가치측정금융자산,"9,086,922,184",0,0,0,0,0,0,"9,086,922,184",,,,,"9,086,922,184","13,087,916,336",당기손익-공정가치측정금융자산,"9,086,922,184",0,0,0,0,0,0,"9,086,922,184",,,,,"9,086,922,184","13,087,916,336"
기타포괄손익-공정가치측정금융자산,0,0,0,0,0,0,0,0,,,,,0,0,기타포괄손익-공정가치측정금융자산,0,0,0,0,0,0,0,0,,,,,0,0,기타포괄손익-공정가치측정금융자산,0,0,0,0,0,0,0,0,,,,,0,0,기타포괄손익-공정가치측정금융자산,0,0,0,0,0,0,0,0,,,,,0,0
상각후원가 금융자산,0,0,0,0,0,0,0,0,,,,,0,0,상각후원가 금융자산,0,0,0,0,0,0,0,0,,,,,0,0,상각후원가 금융자산,0,0,0,0,0,0,0,0,,,,,0,0,상각후원가 금융자산,0,0,0,0,0,0,0,0,,,,,0,0
관계기업및종속기업투자,"662,345,341,801",0,0,0,0,0,0,"662,345,341,801","85,128,744,975","95,729,438,391",,,"651,744,648,385","652,473,504,280",관계기업및종속기업투자,"662,383,764,119",0,0,0,0,0,0,"662,383,764,119","84,300,756,581","95,729,438,391",,,"650,955,082,309","652,473,504,280",관계기업및종속기업투자,"662,383,764,119",0,0,0,0,0,0,"662,383,764,119","86,502,860,904","95,729,438,391",,,"653,157,186,632","652,473,504,280",관계기업및종속기업투자,"662,383,764,119",0,0,0,0,0,0,"662,383,764,119","86,502,860,904","95,729,438,391",,,"653,157,186,632","652,473,504,280"
영업지원보증금대손충당금,0,0,0,0,0,0,0,0,,,,,0,0,영업지원보증금대손충당금,0,0,0,0,0,0,0,0,,,,,0,0,영업지원보증금대손충당금,0,0,0,0,0,0,0,0,,,,,0,0,영업지원보증금대손충당금,0,0,0,0,0,0,0,0,,,,,0,0
(2)유형자산,"494,286,731,164","5,878,714,499","1,887,108,990",0,0,"361,892,515","71,621,895","502,486,069,063",,,,,"502,486,069,063","501,307,390,118",(2)유형자산,"425,086,269,973","4,660,338,305","2,489,781,313",0,0,"339,683,834","61,471,057","432,637,544,482",,,,,"432,637,544,482","501,307,390,118",(2)유형자산,"414,572,560,312","5,132,197,316","3,082,067,343",0,0,"328,194,123","58,691,142","423,173,710,236",,,,,"423,173,710,236","501,307,390,118",(2)유형자산,"414,572,560,312","5,132,197,316","3,082,067,343",0,0,"328,194,123","58,691,142","423,173,710,236",,,,,"423,173,710,236","501,307,390,118"
토지,"345,733,388,934",0,0,0,0,0,0,"345,733,388,934",,,,,"345,733,388,934","345,733,388,934",토지,"296,576,192,295",0,0,0,0,0,0,"296,576,192,295",,,,,"296,576,192,295","345,733,388,934",토지,"288,467,190,588",0,0,0,0,0,0,"288,467,190,588",,,,,"288,467,190,588","345,733,388,934",토지,"288,467,190,588",0,0,0,0,0,0,"288,467,190,588",,,,,"288,467,190,588","345,733,388,934"
건물,"17,058,568,744",0,0,0,0,0,0,"17,058,568,744",,,,,"17,058,568,744","17,058,568,744",건물,"97,028,436,267",0,0,0,0,0,0,"97,028,436,267",,,,,"97,028,436,267","17,058,568,744",건물,"93,999,111,231",0,0,0,0,0,0,"93,999,111,231",,,,,"93,999,111,231","17,058,568,744",건물,"93,999,111,231",0,0,0,0,0,0,"93,999,111,231",,,,,"93,999,111,231","17,058,568,744"
건물감가상각누계액,"-1,893,580,566",0,0,0,0,0,0,"-1,893,580,566",,,,,"-1,893,580,566","-1,772,713,720",건물감가상각누계액,"-1,189,734,872",0,0,0,0,0,0,"-1,189,734,872",,,,,"-1,189,734,872","-1,772,713,720",건물감가상각누계액,"-1,758,296,036",0,0,0,0,0,0,"-1,758,296,036",,,,,"-1,758,296,036","-1,772,713,720",건물감가상각누계액,"-1,758,296,036",0,0,0,0,0,0,"-1,758,296,036",,,,,"-1,758,296,036","-1,772,713,720"
건물부속설비,"2,243,002,258",0,0,0,0,0,0,"2,243,002,258",,,,,"2,243,002,258","2,243,002,258",건물부속설비,"2,243,002,258",0,0,0,0,0,0,"2,243,002,258",,,,,"2,243,002,258","2,243,002,258",건물부속설비,"2,243,002,258",0,0,0,0,0,0,"2,243,002,258",,,,,"2,243,002,258","2,243,002,258",건물부속설비,"2,243,002,258",0,0,0,0,0,0,"2,243,002,258",,,,,"2,243,002,258","2,243,002,258"
건물부속설비감가상각누계액,"-293,221,195",0,0,0,0,0,0,"-293,221,195",,,,,"-293,221,195","-274,420,044",건물부속설비감가상각누계액,"-312,022,345",0,0,0,0,0,0,"-312,022,345",,,,,"-312,022,345","-274,420,044",건물부속설비감가상각누계액,"-330,823,496",0,0,0,0,0,0,"-330,823,496",,,,,"-330,823,496","-274,420,044",건물부속설비감가상각누계액,"-330,823,496",0,0,0,0,0,0,"-330,823,496",,,,,"-330,823,496","-274,420,044"
구축물,0,0,0,0,0,0,0,0,,,,,0,0,구축물,0,0,0,0,0,0,0,0,,,,,0,0,구축물,0,0,0,0,0,0,0,0,,,,,0,0,구축물,0,0,0,0,0,0,0,0,,,,,0,0
구축물감가상각누계액,0,0,0,0,0,0,0,0,,,,,0,0,구축물감가상각누계액,0,0,0,0,0,0,0,0,,,,,0,0,구축물감가상각누계액,0,0,0,0,0,0,0,0,,,,,0,0,구축물감가상각누계액,0,0,0,0,0,0,0,0,,,,,0,0
기계장치,0,0,0,0,0,0,0,0,,,,,0,0,기계장치,0,0,0,0,0,0,0,0,,,,,0,0,기계장치,0,0,0,0,0,0,0,0,,,,,0,0,기계장치,0,0,0,0,0,0,0,0,,,,,0,0
기계감가상각누계액,0,0,0,0,0,0,0,0,,,,,0,0,기계감가상각누계액,0,0,0,0,0,0,0,0,,,,,0,0,기계감가상각누계액,0,0,0,0,0,0,0,0,,,,,0,0,기계감가상각누계액,0,0,0,0,0,0,0,0,,,,,0,0
차량운반구,"626,251,804",0,0,0,0,0,0,"626,251,804",,,,,"626,251,804","626,251,804",차량운반구,"626,251,804",0,0,0,0,0,0,"626,251,804",,,,,"626,251,804","626,251,804",차량운반구,"626,251,804",0,0,0,0,0,0,"626,251,804",,,,,"626,251,804","626,251,804",차량운반구,"626,251,804",0,0,0,0,0,0,"626,251,804",,,,,"626,251,804","626,251,804"
차량감가상각누계액,"-281,589,099",0,0,0,0,0,0,"-281,589,099",,,,,"-281,589,099","-250,276,509",차량감가상각누계액,"-312,901,690",0,0,0,0,0,0,"-312,901,690",,,,,"-312,901,690","-250,276,509",차량감가상각누계액,"-344,214,280",0,0,0,0,0,0,"-344,214,280",,,,,"-344,214,280","-250,276,509",차량감가상각누계액,"-344,214,280",0,0,0,0,0,0,"-344,214,280",,,,,"-344,214,280","-250,276,509"
임차시설물,"32,990,253,048","17,154,654,600","10,239,163,684",0,0,"280,000,000",0,"60,664,071,332",,,,,"60,664,071,332","59,906,365,894",임차시설물,"34,044,736,944","17,128,870,068","9,594,359,575",0,0,"280,000,000",0,"61,047,966,587",,,,,"61,047,966,587","59,906,365,894",임차시설물,"33,421,257,901","18,736,997,893","10,494,602,123",0,0,"280,000,000",0,"62,932,857,917",,,,,"62,932,857,917","59,906,365,894",임차시설물,"33,421,257,901","18,736,997,893","10,494,602,123",0,0,"280,000,000",0,"62,932,857,917",,,,,"62,932,857,917","59,906,365,894"
임차시설물감가상각누계액,"-17,754,106,631","-12,075,911,047","-8,647,142,111",0,0,"-107,333,333",0,"-38,584,493,122",,,,,"-38,584,493,122","-35,267,436,688",임차시설물감가상각누계액,"-19,218,210,499","-13,156,085,946","-7,609,937,285",0,0,"-121,333,333",0,"-40,105,567,063",,,,,"-40,105,567,063","-35,267,436,688",임차시설물감가상각누계액,"-19,888,135,008","-14,276,162,560","-8,126,909,079",0,0,"-135,333,333",0,"-42,426,539,980",,,,,"-42,426,539,980","-35,267,436,688",임차시설물감가상각누계액,"-19,888,135,008","-14,276,162,560","-8,126,909,079",0,0,"-135,333,333",0,"-42,426,539,980",,,,,"-42,426,539,980","-35,267,436,688"
금형,0,0,0,0,0,0,0,0,,,,,0,0,금형,0,0,0,0,0,0,0,0,,,,,0,0,금형,0,0,0,0,0,0,0,0,,,,,0,0,금형,0,0,0,0,0,0,0,0,,,,,0,0
금형감가상각누계액,0,0,0,0,0,0,0,0,,,,,0,0,금형감가상각누계액,0,0,0,0,0,0,0,0,,,,,0,0,금형감가상각누계액,0,0,0,0,0,0,0,0,,,,,0,0,금형감가상각누계액,0,0,0,0,0,0,0,0,,,,,0,0
공기구비품,"18,076,459,754","2,295,266,463","2,000,828,614",0,0,"281,783,399","120,291,877","22,774,630,107",,,,,"22,774,630,107","22,429,796,932",공기구비품,"24,265,874,337","2,179,751,147","2,140,283,368",0,0,"287,870,672","116,437,472","28,990,216,996",,,,,"28,990,216,996","22,429,796,932",공기구비품,"28,017,346,260","2,258,145,836","2,204,205,460",0,0,"305,572,244","124,210,606","32,909,480,406",,,,,"32,909,480,406","22,429,796,932",공기구비품,"28,017,346,260","2,258,145,836","2,204,205,460",0,0,"305,572,244","124,210,606","32,909,480,406",,,,,"32,909,480,406","22,429,796,932"
공기구비품감가상각누계액,"-7,959,509,365","-1,495,295,517","-1,708,786,963",0,0,"-92,557,551","-48,669,982","-11,304,819,378",,,,,"-11,304,819,378","-10,509,813,701",공기구비품감가상각누계액,"-9,057,454,526","-1,492,196,964","-1,747,016,237",0,0,"-106,853,505","-54,966,415","-12,458,487,647",,,,,"-12,458,487,647","-10,509,813,701",공기구비품감가상각누계액,"-10,288,230,910","-1,586,783,853","-1,835,755,551",0,0,"-122,044,788","-65,519,464","-13,898,334,566",,,,,"-13,898,334,566","-10,509,813,701",공기구비품감가상각누계액,"-10,288,230,910","-1,586,783,853","-1,835,755,551",0,0,"-122,044,788","-65,519,464","-13,898,334,566",,,,,"-13,898,334,566","-10,509,813,701"
건설중인자산(유형),"105,740,813,478",0,"3,045,766",0,0,0,0,"105,743,859,244",,,,,"105,743,859,244","101,384,676,214",건설중인자산(유형),"392,100,000",0,"112,091,892",0,0,0,0,"504,191,892",,,,,"504,191,892","101,384,676,214",건설중인자산(유형),"408,100,000",0,"345,924,390",0,0,0,0,"754,024,390",,,,,"754,024,390","101,384,676,214",건설중인자산(유형),"408,100,000",0,"345,924,390",0,0,0,0,"754,024,390",,,,,"754,024,390","101,384,676,214"
(3)투자부동산,0,0,0,0,0,0,0,0,,,,,0,0,(3)투자부동산,"68,734,763,935",0,0,0,0,0,0,"68,734,763,935",,,,,"68,734,763,935",0,(3)투자부동산,"79,689,513,629",0,0,0,0,0,0,"79,689,513,629",,,,,"79,689,513,629",0,(3)투자부동산,"79,689,513,629",0,0,0,0,0,0,"79,689,513,629",,,,,"79,689,513,629",0
토지(투자부동산),0,0,0,0,0,0,0,0,,,,,0,0,토지(투자부동산),"49,157,196,639",0,0,0,0,0,0,"49,157,196,639",,,,,"49,157,196,639",0,토지(투자부동산),"57,266,198,346",0,0,0,0,0,0,"57,266,198,346",,,,,"57,266,198,346",0,토지(투자부동산),"57,266,198,346",0,0,0,0,0,0,"57,266,198,346",,,,,"57,266,198,346",0
건물(투자부동산),0,0,0,0,0,0,0,0,,,,,0,0,건물(투자부동산),"21,033,551,201",0,0,0,0,0,0,"21,033,551,201",,,,,"21,033,551,201",0,건물(투자부동산),"24,062,876,237",0,0,0,0,0,0,"24,062,876,237",,,,,"24,062,876,237",0,건물(투자부동산),"24,062,876,237",0,0,0,0,0,0,"24,062,876,237",,,,,"24,062,876,237",0
건물감가상각누계액(투자부동산),0,0,0,0,0,0,0,0,,,,,0,0,건물감가상각누계액(투자부동산),"-1,455,983,905",0,0,0,0,0,0,"-1,455,983,905",,,,,"-1,455,983,905",0,건물감가상각누계액(투자부동산),"-1,639,560,954",0,0,0,0,0,0,"-1,639,560,954",,,,,"-1,639,560,954",0,건물감가상각누계액(투자부동산),"-1,639,560,954",0,0,0,0,0,0,"-1,639,560,954",,,,,"-1,639,560,954",0
건물부속설비(투자부동산),0,0,0,0,0,0,0,0,,,,,0,0,건물부속설비(투자부동산),0,0,0,0,0,0,0,0,,,,,0,0,건물부속설비(투자부동산),0,0,0,0,0,0,0,0,,,,,0,0,건물부속설비(투자부동산),0,0,0,0,0,0,0,0,,,,,0,0
건물부속설비감가상각누계액(투자부동산),0,0,0,0,0,0,0,0,,,,,0,0,건물부속설비감가상각누계액(투자부동산),0,0,0,0,0,0,0,0,,,,,0,0,건물부속설비감가상각누계액(투자부동산),0,0,0,0,0,0,0,0,,,,,0,0,건물부속설비감가상각누계액(투자부동산),0,0,0,0,0,0,0,0,,,,,0,0
(4)무형자산,"116,732,693,490","3,251,445,604",0,0,0,"40,666,666","70,196,151,458","190,220,957,218",,,,,"210,946,933,038","213,688,769,664",(4)무형자산,"114,139,138,884","3,038,168,097",0,0,0,"32,716,666","64,918,100,980","182,128,124,627",,,,,"200,730,497,131","213,688,769,664",(4)무형자산,"111,150,903,987","2,981,868,489","207,642,737",0,0,"225,029,111","67,101,893,162","181,667,337,486",,,,,"200,216,783,037","213,688,769,664",(4)무형자산,"111,150,903,987","2,981,868,489","207,642,737",0,0,"225,029,111","67,101,893,162","181,667,337,486",,,,,"200,216,783,037","213,688,769,664"
라이선스,"78,788,551,854",0,0,0,0,0,55,"78,788,551,909","19,957,105,971","5,954,273,688",,,"92,791,384,192","94,380,424,751",라이선스,"77,914,914,321",0,0,0,0,0,54,"77,914,914,375","18,918,169,054","6,534,188,566",,,"90,298,894,863","94,380,424,751",라이선스,"77,041,276,789",0,0,0,0,0,53,"77,041,276,842","19,350,351,713","7,229,267,476",,,"89,162,361,079","94,380,424,751",라이선스,"77,041,276,789",0,0,0,0,0,53,"77,041,276,842","19,350,351,713","7,229,267,476",,,"89,162,361,079","94,380,424,751"
브랜드,0,0,0,0,0,0,"70,011,537,194","70,011,537,194","-296,233,000",,,,"69,715,304,194","69,881,689,168",브랜드,0,0,0,0,0,0,"64,755,301,091","64,755,301,091","-273,992,800",,,,"64,481,308,291","69,881,689,168",브랜드,0,0,0,0,0,0,"66,941,818,925","66,941,818,925","-283,244,400",,,,"66,658,574,525","69,881,689,168",브랜드,0,0,0,0,0,0,"66,941,818,925","66,941,818,925","-283,244,400",,,,"66,658,574,525","69,881,689,168"
소프트웨어,"26,054,871,812","3,170,773,604",0,0,0,"19,833,333",0,"29,245,478,749",,,,,"29,245,478,749","31,146,411,558",소프트웨어,"24,279,560,856","2,962,504,097",0,0,0,"18,133,333",0,"27,260,198,286",,,,,"27,260,198,286","31,146,411,558",소프트웨어,"22,232,352,963","2,903,140,489","207,642,737",0,0,"16,433,333",0,"25,359,569,522",,,,,"25,359,569,522","31,146,411,558",소프트웨어,"22,232,352,963","2,903,140,489","207,642,737",0,0,"16,433,333",0,"25,359,569,522",,,,,"25,359,569,522","31,146,411,558"
기타의무형자산,"1,230,126,128",0,0,0,0,"20,833,333",0,"1,250,959,461",0,,,,"1,250,959,461","322,238,568",기타의무형자산,"1,170,097,022",0,0,0,0,"14,583,333",0,"1,184,680,355",0,,,,"1,184,680,355","322,238,568",기타의무형자산,"960,067,915",0,0,0,0,"8,333,333",0,"968,401,248",,,,,"968,401,248","322,238,568",기타의무형자산,"960,067,915",0,0,0,0,"8,333,333",0,"968,401,248",,,,,"968,401,248","322,238,568"
건설중인자산(무형),"3,703,722,677",0,0,0,0,0,0,"3,703,722,677",,,,,"3,703,722,677","3,684,435,016",건설중인자산(무형),"3,826,982,884",0,0,0,0,0,0,"3,826,982,884",,,,,"3,826,982,884","3,684,435,016",건설중인자산(무형),"3,977,459,752",0,0,0,0,"70,689,623",0,"4,048,149,375",,,,,"4,048,149,375","3,684,435,016",건설중인자산(무형),"3,977,459,752",0,0,0,0,"70,689,623",0,"4,048,149,375",,,,,"4,048,149,375","3,684,435,016"
상표권,"38,863,552",0,0,0,0,0,"184,614,209","223,477,761",,,,,"223,477,761","240,375,910",상표권,"31,026,334",0,0,0,0,0,"162,799,835","193,826,169",,,,,"193,826,169","240,375,910",상표권,"23,189,101",0,0,0,0,"129,572,822","160,074,184","312,836,107",,,,,"312,836,107","240,375,910",상표권,"23,189,101",0,0,0,0,"129,572,822","160,074,184","312,836,107",,,,,"312,836,107","240,375,910"
회원권,"6,844,997,957","80,672,000",0,0,0,0,0,"6,925,669,957",,,,,"6,925,669,957","6,925,505,957",회원권,"6,844,997,957","75,664,000",0,0,0,0,0,"6,920,661,957",,,,,"6,920,661,957","6,925,505,957",회원권,"6,844,997,957","78,728,000",0,0,0,0,0,"6,923,725,957",,,,,"6,923,725,957","6,925,505,957",회원권,"6,844,997,957","78,728,000",0,0,0,0,0,"6,923,725,957",,,,,"6,923,725,957","6,925,505,957"
암호화자산,"71,559,510",,,,0,0,0,"71,559,510",,,,,"71,559,510","71,559,510",암호화자산,"71,559,510",,,,0,0,0,"71,559,510",,,,,"71,559,510","71,559,510",암호화자산,"71,559,510",,,,0,0,0,"71,559,510",,,,,"71,559,510","71,559,510",암호화자산,"71,559,510",,,,0,0,0,"71,559,510",,,,,"71,559,510","71,559,510"
영업권,0,0,0,0,0,0,0,0,"7,019,376,537",,,,"7,019,376,537","7,036,129,225",영업권,0,0,0,0,0,0,0,0,"6,492,384,816",,,,"6,492,384,816","7,036,129,225",영업권,0,0,0,0,0,0,0,0,"6,711,605,714",,,,"6,711,605,714","7,036,129,225",영업권,0,0,0,0,0,0,0,0,"6,711,605,714",,,,"6,711,605,714","7,036,129,225"
(5)사용권자산,"146,936,759,691","36,815,074,155","11,889,841,029",0,0,"1,374,496,225","1,204,146,039","198,220,317,139",,,,,"198,220,317,139","207,683,413,934",(5)사용권자산,"142,524,954,771","30,778,493,362","8,528,783,261",0,0,"1,324,882,635","1,013,949,990","184,171,064,019",,,,,"184,171,064,019","207,683,413,934",(5)사용권자산,"135,457,351,714","30,581,377,505","17,979,432,559",0,0,"1,191,726,951","944,996,242","186,154,884,971",,,,,"186,154,884,971","207,683,413,934",(5)사용권자산,"135,457,351,714","30,581,377,505","17,979,432,559",0,0,"1,191,726,951","944,996,242","186,154,884,971",,,,,"186,154,884,971","207,683,413,934"
사용권자산,"187,826,935,369","64,626,287,547","28,844,512,695",0,0,"2,395,688,870","1,787,705,501","285,481,129,982",,,,,"285,481,129,982","325,067,605,414",사용권자산,"188,379,802,699","54,824,004,314","25,337,483,393",0,0,"2,413,528,082","1,653,490,447","272,608,308,935",,,,,"272,608,308,935","325,067,605,414",사용권자산,"186,611,848,757","56,781,975,703","37,936,807,553",0,0,"2,413,528,082","1,709,321,959","285,453,482,054",,,,,"285,453,482,054","325,067,605,414",사용권자산,"186,611,848,757","56,781,975,703","37,936,807,553",0,0,"2,413,528,082","1,709,321,959","285,453,482,054",,,,,"285,453,482,054","325,067,605,414"
사용권자산 감가상각누계액,"-40,890,175,678","-27,811,213,392","-16,954,671,666",0,0,"-1,021,192,645","-583,559,462","-87,260,812,843",,,,,"-87,260,812,843","-117,384,191,480",사용권자산 감가상각누계액,"-45,854,847,928","-24,045,510,952","-16,808,700,132",0,0,"-1,088,645,447","-639,540,457","-88,437,244,916",,,,,"-88,437,244,916","-117,384,191,480",사용권자산 감가상각누계액,"-51,154,497,043","-26,200,598,198","-19,957,374,994",0,0,"-1,221,801,131","-764,325,717","-99,298,597,083",,,,,"-99,298,597,083","-117,384,191,480",사용권자산 감가상각누계액,"-51,154,497,043","-26,200,598,198","-19,957,374,994",0,0,"-1,221,801,131","-764,325,717","-99,298,597,083",,,,,"-99,298,597,083","-117,384,191,480"
(6)기타비유동자산,"21,164,343,946","23,526,316,575","4,534,059,835","17,841,382",0,"3,412,155,309","326,393,039","52,981,110,086",,,,,"62,154,714,380","60,866,894,367",(6)기타비유동자산,"18,642,385,560","26,076,016,304","4,244,038,060","15,969,424",0,"3,425,579,057","128,858,000","52,532,846,405",,,,,"63,057,963,499","60,866,894,367",(6)기타비유동자산,"20,063,586,576","26,809,997,422","4,921,684,142","16,080,840",0,"3,451,378,111","133,209,000","55,395,936,091",,,,,"87,961,470,007","60,866,894,367",(6)기타비유동자산,"20,063,586,576","26,809,997,422","4,921,684,142","16,080,840",0,"3,451,378,111","133,209,000","55,395,936,091",,,,,"87,961,470,007","60,866,894,367"
보증금,"17,396,346,250","6,854,939,831","2,789,371,263","4,719,875",0,"1,950,363,000","139,317,500","29,135,057,719",,,,,"29,135,057,719","27,270,732,962",보증금,"18,072,854,250","6,599,744,221","2,522,131,767","4,283,308",0,"1,989,657,000","128,858,000","29,317,528,546",,,,,"29,317,528,546","27,270,732,962",보증금,"17,137,504,250","5,689,345,195","3,144,721,874","4,373,916",0,"1,989,657,000","133,209,000","28,098,811,235",,,,,"28,098,811,235","27,270,732,962",보증금,"17,137,504,250","5,689,345,195","3,144,721,874","4,373,916",0,"1,989,657,000","133,209,000","28,098,811,235",,,,,"28,098,811,235","27,270,732,962"
현재가치할인차금(임차보증금),"-2,277,390,753","-243,590,241","-175,003,687",0,0,"-189,649,569",0,"-2,885,634,250",,,,,"-2,885,634,250","-2,843,585,960",현재가치할인차금(임차보증금),"-2,186,034,017","-196,720,958","-127,537,060",0,0,"-227,316,797",0,"-2,737,608,832",,,,,"-2,737,608,832","-2,843,585,960",현재가치할인차금(임차보증금),"-2,030,895,295","-178,869,243","-255,199,119",0,0,"-207,041,617",0,"-2,672,005,274",,,,,"-2,672,005,274","-2,843,585,960",현재가치할인차금(임차보증금),"-2,030,895,295","-178,869,243","-255,199,119",0,0,"-207,041,617",0,"-2,672,005,274",,,,,"-2,672,005,274","-2,843,585,960"
장기매출채권,0,0,0,0,0,0,0,0,,,,,0,0,장기매출채권,0,0,0,0,0,0,0,0,,,,,0,0,장기매출채권,0,0,0,0,0,0,0,0,,,,,0,0,장기매출채권,0,0,0,0,0,0,0,0,,,,,0,0
장기미수금,0,0,0,0,0,0,0,0,,,,,0,0,장기미수금,0,0,0,0,0,0,0,0,,,,,0,0,장기미수금,0,0,0,0,0,0,0,0,,,,,0,0,장기미수금,0,0,0,0,0,0,0,0,,,,,0,0
장기선급금,0,0,0,0,0,0,0,0,,,,,0,0,장기선급금,0,0,0,0,0,0,0,0,,,,,0,0,장기선급금,0,0,0,0,0,0,0,0,,,,,0,0,장기선급금,0,0,0,0,0,0,0,0,,,,,0,0
장기선급금-대손충당금,0,0,0,0,0,0,0,0,,,,,0,0,장기선급금-대손충당금,0,0,0,0,0,0,0,0,,,,,0,0,장기선급금-대손충당금,0,0,0,0,0,0,0,0,,,,,0,0,장기선급금-대손충당금,0,0,0,0,0,0,0,0,,,,,0,0
리스채권(순투자),"203,353,467",0,0,0,0,0,0,"203,353,467",,,,,"203,353,467","208,309,722",리스채권(순투자),"198,338,750",0,0,0,0,0,0,"198,338,750",,,,,"198,338,750","208,309,722",리스채권(순투자),"193,264,876",0,0,0,0,0,0,"193,264,876",,,,,"193,264,876","208,309,722",리스채권(순투자),"193,264,876",0,0,0,0,0,0,"193,264,876",,,,,"193,264,876","208,309,722"
장기선급비용,0,0,0,"2,895,645",0,0,0,"2,895,645",,,,,"2,895,645",0,장기선급비용,0,0,0,"2,406,101",0,0,0,"2,406,101",,,,,"2,406,101",0,장기선급비용,0,0,0,"2,230,601",0,0,0,"2,230,601",,,,,"2,230,601",0,장기선급비용,0,0,0,"2,230,601",0,0,0,"2,230,601",,,,,"2,230,601",0
확정급여자산,0,0,0,0,0,0,0,0,,,,,0,"67,513,699",확정급여자산,0,0,0,0,0,0,0,0,,,,,0,"67,513,699",확정급여자산,0,0,0,0,0,0,0,0,,,,,0,"67,513,699",확정급여자산,0,0,0,0,0,0,0,0,,,,,0,"67,513,699"
이연법인세자산(비유동),"5,842,034,982","16,914,966,985","1,919,692,259","10,225,862",0,"1,651,441,878","187,075,539","26,525,437,505","15,015,639,276","5,842,034,982",,,"35,699,041,799","36,163,923,944",이연법인세자산(비유동),"2,557,226,577","19,672,993,041","1,849,443,353","9,280,015",0,"1,663,238,854",0,"25,752,181,840","13,082,343,671","2,557,226,577",,,"36,277,298,934","36,163,923,944",이연법인세자산(비유동),"4,763,712,745","21,299,521,470","2,032,161,387","9,476,323",0,"1,668,762,728",0,"29,773,634,653","37,329,246,661","4,763,712,745",,,"62,339,168,569","36,163,923,944",이연법인세자산(비유동),"4,763,712,745","21,299,521,470","2,032,161,387","9,476,323",0,"1,668,762,728",0,"29,773,634,653","37,329,246,661","4,763,712,745",,,"62,339,168,569","36,163,923,944"
자산총계,"1,944,504,275,090","290,073,117,708","65,030,260,826","130,104,782",0,"7,607,664,910","108,361,927,741","2,415,707,351,057",,,,,"2,257,949,629,339","2,285,904,738,684",자산총계,"1,891,403,846,805","231,683,037,767","56,310,928,129","123,896,555",0,"8,247,865,871","99,661,509,127","2,287,431,084,254",,,,,"2,150,700,268,896","2,285,904,738,684",자산총계,"2,145,196,472,610","495,764,671,201","71,221,220,511","108,660,410",0,"7,422,086,701","111,397,042,283","2,831,110,153,716",,,,,"2,500,661,965,379","2,285,904,738,684",자산총계,"2,145,196,472,610","495,764,671,201","71,221,220,511","108,660,410",0,"7,422,086,701","111,397,042,283","2,831,110,153,716",,,,,"2,500,661,965,379","2,285,904,738,684"
부채,,,,,,,0,,,,,,,,부채,,,,,,,,,,,,,,,부채,,,,,,,0,,,,,,,,부채,,,,,,,0,,,,,,,
Ⅰ.유동부채,"308,799,292,551","172,560,287,601","57,270,590,362","36,500,722",0,"3,887,592,345","6,849,774,279","549,404,037,860",,,,,"481,444,814,260","522,109,298,846",Ⅰ.유동부채,"192,917,165,412","124,707,014,450","49,959,676,037","42,981,275",0,"4,080,682,015","6,597,724,508","378,305,243,697",,,,,"324,924,112,732","522,109,298,846",Ⅰ.유동부채,"302,646,542,392","364,920,125,159","60,057,330,703","42,162,577",0,"4,747,153,994","6,953,209,849","739,366,524,674",,,,,"573,562,602,071","522,109,298,846",Ⅰ.유동부채,"302,646,542,392","364,920,125,159","60,057,330,703","42,162,577",0,"4,747,153,994","6,953,209,849","739,366,524,674",,,,,"573,562,602,071","522,109,298,846"
매입채무,"69,813,258,362","28,622,223,317","44,833,274,883","5,360,478",0,0,"3,152,941,675","146,427,058,715","64,459,482,228",,,,"81,967,576,487","102,684,960,912",매입채무,"53,643,984,877","10,263,283,864","39,679,133,080",0,0,0,"3,361,950,244","106,948,352,065","38,494,180,512",,,,"68,454,171,553","102,684,960,912",매입채무,"139,940,576,721","131,314,883,219","47,088,875,069","5,305,720",0,0,"3,738,601,359","322,088,242,088","163,570,998,040",,,,"158,517,244,048","102,684,960,912",매입채무,"139,940,576,721","131,314,883,219","47,088,875,069","5,305,720",0,0,"3,738,601,359","322,088,242,088","163,570,998,040",,,,"158,517,244,048","102,684,960,912"
미지급금,"98,569,010,294",0,"105,735,629","31,140,244",0,"310,893,826","1,019,529,132","100,036,309,125","10,742,399",,,,"100,025,566,726","41,982,054,039",미지급금,"27,259,386,211",0,"233,262,799","42,806,309",0,"609,868,982","801,367,510","28,946,691,811","10,287,448",,,,"28,936,404,363","41,982,054,039",미지급금,"34,936,390,149",0,"102,885,935","36,856,857",0,"1,142,401,043","528,093,716","36,746,627,700","18,961,121",,,,"36,727,666,579","41,982,054,039",미지급금,"34,936,390,149",0,"102,885,935","36,856,857",0,"1,142,401,043","528,093,716","36,746,627,700","18,961,121",,,,"36,727,666,579","41,982,054,039"
유동성장기예수보증금,"10,531,761,250",0,0,0,0,0,0,"10,531,761,250",,,,,"10,531,761,250","10,841,761,250",유동성장기예수보증금,"9,980,262,650",0,0,0,0,0,0,"9,980,262,650",,,,,"9,980,262,650","10,841,761,250",유동성장기예수보증금,"8,985,262,650",0,0,0,0,0,0,"8,985,262,650",,,,,"8,985,262,650","10,841,761,250",유동성장기예수보증금,"8,985,262,650",0,0,0,0,0,0,"8,985,262,650",,,,,"8,985,262,650","10,841,761,250"
현재가치할인차금(유동임차),0,0,0,0,0,0,0,0,,,,,0,0,현재가치할인차금(유동임차),0,0,0,0,0,0,0,0,,,,,0,0,현재가치할인차금(유동임차),0,0,0,0,0,0,0,0,,,,,0,0,현재가치할인차금(유동임차),0,0,0,0,0,0,0,0,,,,,0,0
금융보증부채(유동),"208,927,545",,,0,0,0,0,"208,927,545","208,927,546",1,,,0,0,금융보증부채(유동),"54,316,722",,,0,0,0,0,"54,316,722","54,316,722",,,,0,0,금융보증부채(유동),"85,438,269",,,0,0,0,0,"85,438,269","85,438,269",,,,0,0,금융보증부채(유동),"85,438,269",,,0,0,0,0,"85,438,269","85,438,269",,,,0,0
단기차입금,"20,000,000,000","56,470,400,000",0,0,0,0,0,"76,470,400,000",,,,,"76,470,400,000","145,635,000,000",단기차입금,0,"32,157,200,000",0,0,0,0,0,"32,157,200,000",,,,,"32,157,200,000","145,635,000,000",단기차입금,0,"160,605,120,000",0,0,0,0,0,"160,605,120,000",,,,,"160,605,120,000","145,635,000,000",단기차입금,0,"160,605,120,000",0,0,0,0,0,"160,605,120,000",,,,,"160,605,120,000","145,635,000,000"
예수금,"1,246,587,076","617,606,225",0,0,0,0,0,"1,864,193,301",1,,,,"1,864,193,300","139,526,225",예수금,"1,246,491,376","110,248,655",0,0,0,0,0,"1,356,740,031",,,,,"1,356,740,031","139,526,225",예수금,"3,713,210","130,593,431",0,0,0,0,0,"134,306,641",1,,,,"134,306,640","139,526,225",예수금,"3,713,210","130,593,431",0,0,0,0,0,"134,306,641",1,,,,"134,306,640","139,526,225"
미지급비용,"3,217,752,571","30,612,082,199","2,084,934,217",0,0,"270,015,629","1,126,621,247","37,311,405,863","2,171,476,721",,,,"35,139,929,142","43,223,370,642",미지급비용,"5,012,235,140","24,792,055,235","2,409,442,074","174,966",0,"531,939,460","950,623,445","33,696,470,320","2,200,225,981",,,,"31,496,244,339","43,223,370,642",미지급비용,"4,510,903,602","31,915,461,839","2,215,566,216",0,0,"303,370,189","1,244,906,953","40,190,208,799","1,184,341,157",,,,"39,005,867,642","43,223,370,642",미지급비용,"4,510,903,602","31,915,461,839","2,215,566,216",0,0,"303,370,189","1,244,906,953","40,190,208,799","1,184,341,157",,,,"39,005,867,642","43,223,370,642"
선수금,"1,079,426,453","9,611,892,661",0,0,0,"2,311,508,351",0,"13,002,827,465",0,,,,"13,002,827,465","10,831,171,747",선수금,"13,030,152,709","24,938,732,732",0,0,0,"1,918,498,057",0,"39,887,383,498","11,888,985,574",,,,"27,998,397,924","10,831,171,747",선수금,"1,713,694,154","1,984,134,691",0,0,0,"2,356,741,256",0,"6,054,570,101",0,,,,"6,054,570,101","10,831,171,747",선수금,"1,713,694,154","1,984,134,691",0,0,0,"2,356,741,256",0,"6,054,570,101",0,,,,"6,054,570,101","10,831,171,747"
선수수익,"5,228,924,822","29,635,068,448",0,0,0,"554,465,301","1,232,566,948","36,651,025,519","1,108,594,706",,,,"35,542,430,813","37,049,124,262",선수수익,"4,942,630,424","18,040,364,688",0,0,0,"568,618,530","1,075,459,177","24,627,072,819","733,134,728",,,,"23,893,938,091","37,049,124,262",선수수익,"4,598,605,847","15,734,517,727",0,0,0,"495,404,378","1,007,694,984","21,836,222,936","944,184,015",,,,"20,892,038,921","37,049,124,262",선수수익,"4,598,605,847","15,734,517,727",0,0,0,"495,404,378","1,007,694,984","21,836,222,936","944,184,015",,,,"20,892,038,921","37,049,124,262"
유동충당부채,"832,735,668",0,0,0,0,0,0,"832,735,668",,,,,"832,735,668","1,452,258,631",유동충당부채,"1,388,983,953",0,0,0,0,0,0,"1,388,983,953",,,,,"1,388,983,953","1,452,258,631",유동충당부채,"1,061,814,403",0,0,0,0,0,0,"1,061,814,403",,,,,"1,061,814,403","1,452,258,631",유동충당부채,"1,061,814,403",0,0,0,0,0,0,"1,061,814,403",,,,,"1,061,814,403","1,452,258,631"
기타금융부채,0,0,0,0,0,0,0,0,,,,,0,0,기타금융부채,0,0,0,0,0,0,0,0,,,,,0,0,기타금융부채,0,0,0,0,0,0,0,0,,,,,0,0,기타금융부채,0,0,0,0,0,0,0,0,,,,,0,0
통화선도부채,"3,114,962,224",0,0,0,0,0,0,"3,114,962,224",,,,,"3,114,962,224",0,통화선도부채,0,0,0,0,0,0,0,0,,,,,0,0,통화선도부채,0,0,0,0,0,0,0,0,,,,,0,0,통화선도부채,0,0,0,0,0,0,0,0,,,,,0,0
미지급법인세,"65,557,492,889",0,"803,308,171",0,0,0,0,"66,360,801,060",,,,,"66,360,801,060","68,719,332,371",미지급법인세,"46,396,092,202",0,"396,698,596",0,0,0,0,"46,792,790,798",,,,,"46,792,790,798","68,719,332,371",미지급법인세,"76,948,827,631","7,741,147,819","352,627,386",0,0,0,0,"85,042,602,836",,,,,"85,042,602,836","68,719,332,371",미지급법인세,"76,948,827,631","7,741,147,819","352,627,386",0,0,0,0,"85,042,602,836",,,,,"85,042,602,836","68,719,332,371"
유동성복구충당부채,"174,258,547",0,"1,926,060,382",0,0,0,0,"2,100,318,929",,,,,"2,100,318,929","1,571,788,010",유동성복구충당부채,"111,766,913",0,"1,024,105,279",0,0,0,0,"1,135,872,192",,,,,"1,135,872,192","1,571,788,010",유동성복구충당부채,"114,009,571",0,"820,506,544",0,0,0,0,"934,516,115",,,,,"934,516,115","1,571,788,010",유동성복구충당부채,"114,009,571",0,"820,506,544",0,0,0,0,"934,516,115",,,,,"934,516,115","1,571,788,010"
부가세예수금,0,0,0,0,0,0,0,0,,,,,0,0,부가세예수금,0,0,0,0,0,0,0,0,,,,,0,0,부가세예수금,0,0,0,0,0,0,0,0,,,,,0,0,부가세예수금,0,0,0,0,0,0,0,0,,,,,0,0
임대보증금,0,0,0,0,0,0,0,0,,,,,0,0,임대보증금,0,0,0,0,0,0,0,0,,,,,0,0,임대보증금,0,0,0,0,0,0,0,0,,,,,0,0,임대보증금,0,0,0,0,0,0,0,0,,,,,0,0
유동리스부채,"29,224,194,850","16,991,014,751","7,517,277,080",0,0,"440,709,238","318,115,277","54,491,311,196",,,,,"54,491,311,196","57,978,950,757",유동리스부채,"29,850,862,235","14,405,129,276","6,217,034,209",0,0,"451,756,986","408,324,132","51,333,106,838",,,,,"51,333,106,838","57,978,950,757",유동리스부채,"29,747,306,185","15,494,266,433","9,476,869,553",0,0,"449,237,128","433,912,837","55,601,592,136",,,,,"55,601,592,136","57,978,950,757",유동리스부채,"29,747,306,185","15,494,266,433","9,476,869,553",0,0,"449,237,128","433,912,837","55,601,592,136",,,,,"55,601,592,136","57,978,950,757"
매각예정비유동부채,0,0,0,0,0,0,0,0,,,,,0,0,매각예정비유동부채,0,0,0,0,0,0,0,0,,,,,0,0,매각예정비유동부채,0,0,0,0,0,0,0,0,,,,,0,0,매각예정비유동부채,0,0,0,0,0,0,0,0,,,,,0,0
Ⅱ.비유동부채,"126,330,040,680","29,892,289,569","5,705,650,091",0,0,"21,583,113,677","20,976,629,623","204,487,723,640",,,,,"182,528,932,210","186,497,217,758",Ⅱ.비유동부채,"125,655,725,725","26,148,276,206","3,027,469,643",0,0,"24,033,580,149","19,395,426,362","198,260,478,085",,,,,"178,020,025,358","186,497,217,758",Ⅱ.비유동부채,"121,060,940,570","24,901,088,481","9,454,218,495",0,0,"25,455,349,291","25,808,413,731","206,680,010,568",,,,,"176,599,704,989","186,497,217,758",Ⅱ.비유동부채,"121,060,940,570","24,901,088,481","9,454,218,495",0,0,"25,455,349,291","25,808,413,731","206,680,010,568",,,,,"176,599,704,989","186,497,217,758"
장기차입금,0,0,0,0,0,"20,700,000,000","19,935,238,291","40,635,238,291","40,632,928,363","-2,309,928",,,0,0,장기차입금,0,0,0,0,0,"23,200,000,000","18,640,792,327","41,840,792,327","41,838,655,833","-2,136,494",,,0,0,장기차입금,0,0,0,0,0,"24,700,000,000","25,140,200,173","49,840,200,173","49,837,991,608","-2,208,565",,,0,0,장기차입금,0,0,0,0,0,"24,700,000,000","25,140,200,173","49,840,200,173","49,837,991,608","-2,208,565",,,0,0
장기미지급금,0,0,0,0,0,0,0,0,,,,,0,0,장기미지급금,0,0,0,0,0,0,0,0,,,,,0,0,장기미지급금,0,0,0,0,0,0,0,0,,,,,0,0,장기미지급금,0,0,0,0,0,0,0,0,,,,,0,0
장기성예수보증금,"317,912,991","7,967,614,835",0,0,0,0,0,"8,285,527,826",,,,,"8,285,527,826","5,692,367,901",장기성예수보증금,"1,793,971,991","7,790,785,736",0,0,0,0,0,"9,584,757,727",,,,,"9,584,757,727","5,692,367,901",장기성예수보증금,"2,235,654,991","7,732,314,196",0,0,0,0,0,"9,967,969,187",,,,,"9,967,969,187","5,692,367,901",장기성예수보증금,"2,235,654,991","7,732,314,196",0,0,0,0,0,"9,967,969,187",,,,,"9,967,969,187","5,692,367,901"
현재가치할인차금,0,0,0,0,0,0,0,0,,,,,0,0,현재가치할인차금,0,0,0,0,0,0,0,0,,,,,0,0,현재가치할인차금,0,0,0,0,0,0,0,0,,,,,0,0,현재가치할인차금,0,0,0,0,0,0,0,0,,,,,0,0
리스부채,"123,830,655,485","21,924,674,734","4,267,968,434",0,0,"817,419,667","1,041,391,332","151,882,109,652",,,,,"151,882,109,652","157,449,457,653",리스부채,"119,560,374,598","18,357,490,470","2,705,737,116",0,0,"721,950,570","754,634,035","142,100,186,789",,,,,"142,100,186,789","157,449,457,653",리스부채,"113,389,250,736","16,205,298,707","8,884,546,317",0,0,"613,115,898","668,213,558","139,760,425,216",,,,,"139,760,425,216","157,449,457,653",리스부채,"113,389,250,736","16,205,298,707","8,884,546,317",0,0,"613,115,898","668,213,558","139,760,425,216",,,,,"139,760,425,216","157,449,457,653"
복구충당부채,"627,621,812",0,"1,124,861,181",0,0,0,0,"1,752,482,993",,,,,"1,752,482,993","2,218,701,871",복구충당부채,"637,614,840",0,"321,732,527",0,0,0,0,"959,347,367",,,,,"959,347,367","2,218,701,871",복구충당부채,"606,515,215","963,475,578","569,672,178",0,0,0,0,"2,139,662,971",,,,,"2,139,662,971","2,218,701,871",복구충당부채,"606,515,215","963,475,578","569,672,178",0,0,0,0,"2,139,662,971",,,,,"2,139,662,971","2,218,701,871"
금융보증부채,0,,,0,0,0,0,0,0,,,,0,0,금융보증부채,0,,,0,0,0,0,0,0,,,,0,0,금융보증부채,0,,,0,0,0,0,0,0,,,,0,0,금융보증부채,0,,,0,0,0,0,0,0,,,,0,0
소송충당부채,,,,,0,,0,0,,,,,0,0,소송충당부채,,,,,0,,0,0,,,,,0,0,소송충당부채,,,,,0,,0,0,,,,,0,0,소송충당부채,,,,,0,,0,0,,,,,0,0
기타충당부채,0,0,0,0,0,0,0,0,,,,,0,0,기타충당부채,0,0,0,0,0,0,0,0,,,,,0,0,기타충당부채,0,0,0,0,0,0,0,0,,,,,0,0,기타충당부채,0,0,0,0,0,0,0,0,,,,,0,0
금융부채(비지배지분),0,,,0,,0,0,0,,,,,0,0,금융부채(비지배지분),0,,,0,,0,0,0,,,,,0,0,금융부채(비지배지분),0,,,0,,0,0,0,,,,,0,0,금융부채(비지배지분),0,,,0,,0,0,0,,,,,0,0
퇴직급여충당부채,"23,815,983,077",0,"312,820,476",0,0,"217,069,005",0,"24,345,872,558",,,,,"24,345,872,558","181,087,934",퇴직급여충당부채,"24,735,979,273",0,0,0,0,"264,199,865",0,"25,000,179,138",,,,,"25,000,179,138","181,087,934",퇴직급여충당부채,"25,295,213,337",0,0,0,0,"257,700,280",0,"25,552,913,617",,,,,"25,552,913,617","181,087,934",퇴직급여충당부채,"25,295,213,337",0,0,0,0,"257,700,280",0,"25,552,913,617",,,,,"25,552,913,617","181,087,934"
퇴직연금운용자산,"-22,258,557,585",0,0,0,0,"-151,374,995",0,"-22,409,932,580",,,,,"-22,409,932,580","-150,192,832",퇴직연금운용자산,"-21,068,639,877",0,0,0,0,"-152,570,286",0,"-21,221,210,163",,,,,"-21,221,210,163","-150,192,832",퇴직연금운용자산,"-20,462,118,609",0,0,0,0,"-115,466,887",0,"-20,577,585,496",,,,,"-20,577,585,496","-150,192,832",퇴직연금운용자산,"-20,462,118,609",0,0,0,0,"-115,466,887",0,"-20,577,585,496",,,,,"-20,577,585,496","-150,192,832"
국민연금전환금,"-3,575,100",0,0,0,0,0,0,"-3,575,100",,,,,"-3,575,100",0,국민연금전환금,"-3,575,100",0,0,0,0,0,0,"-3,575,100",,,,,"-3,575,100",0,국민연금전환금,"-3,575,100",0,0,0,0,0,0,"-3,575,100",,,,,"-3,575,100",0,국민연금전환금,"-3,575,100",0,0,0,0,0,0,"-3,575,100",,,,,"-3,575,100",0
이연법인세부채,0,0,0,0,0,0,0,0,"7,456,524,187","26,132,971,048",,,"18,676,446,861","21,105,795,231",이연법인세부채,0,0,0,0,0,0,0,0,"4,325,634,348","25,925,973,948",,,"21,600,339,600","21,105,795,231",이연법인세부채,0,0,0,0,0,0,0,0,"6,716,605,435","26,476,500,029",,,"19,759,894,594","21,105,795,231",이연법인세부채,0,0,0,0,0,0,0,0,"6,716,605,435","26,476,500,029",,,"19,759,894,594","21,105,795,231"
부채총계,"435,129,333,231","202,452,577,170","62,976,240,453","36,500,722",0,"25,470,706,022","27,826,403,902","753,891,761,500",,,,,"663,973,746,470","708,606,516,604",부채총계,"318,572,891,137","150,855,290,656","52,987,145,680","42,981,275",0,"28,114,262,164","25,993,150,870","576,565,721,782",,,,,"502,944,138,090","708,606,516,604",부채총계,"423,707,482,962","389,821,213,640","69,511,549,198","42,162,577",0,"30,202,503,285","32,761,623,580","946,046,535,242",,,,,"750,162,307,060","708,606,516,604",부채총계,"423,707,482,962","389,821,213,640","69,511,549,198","42,162,577",0,"30,202,503,285","32,761,623,580","946,046,535,242",,,,,"750,162,307,060","708,606,516,604"
자본,,,,,,,0,,,,,,,,자본,,,,,,,0,,,,,,,,자본,,,,,,,0,,,,,,,,자본,,,,,,,0,,,,,,,
Ⅰ.자본금,"3,830,707,500","5,676,485,827","2,888,600,000","116,184,000",0,"5,000,000,000",260,"17,511,977,587",,,,,"3,830,707,500","3,830,707,500",Ⅰ.자본금,"3,830,707,500","5,676,485,827","2,888,600,000","116,184,000",0,"5,000,000,000",260,"17,511,977,587",,,,,"3,830,707,500","3,830,707,500",Ⅰ.자본금,"3,830,707,500","5,676,485,827","2,888,600,000","116,184,000",0,"5,000,000,000",260,"17,511,977,587",,,,,"3,830,707,500","3,830,707,500",Ⅰ.자본금,"3,830,707,500","5,676,485,827","2,888,600,000","116,184,000",0,"5,000,000,000",260,"17,511,977,587",,,,,"3,830,707,500","3,830,707,500"
보통주자본금,"3,830,707,500","5,676,485,827","2,888,600,000","116,184,000",0,"5,000,000,000",260,"17,511,977,587","13,681,270,087",,,,"3,830,707,500","3,830,707,500",보통주자본금,"3,830,707,500","5,676,485,827","2,888,600,000","116,184,000",0,"5,000,000,000",260,"17,511,977,587","13,681,270,087",,,,"3,830,707,500","3,830,707,500",보통주자본금,"3,830,707,500","5,676,485,827","2,888,600,000","116,184,000",0,"5,000,000,000",260,"17,511,977,587","13,681,270,087",,,,"3,830,707,500","3,830,707,500",보통주자본금,"3,830,707,500","5,676,485,827","2,888,600,000","116,184,000",0,"5,000,000,000",260,"17,511,977,587","13,681,270,087",,,,"3,830,707,500","3,830,707,500"
Ⅱ.자본잉여금,"319,930,789,473","9,271,338,645","-3,393,006,573","-47,844,192",0,0,"79,116,506,942","404,877,784,295",,,,,"317,545,192,985","317,545,192,985",Ⅱ.자본잉여금,"319,930,789,473","9,271,338,645","-3,393,006,573","-47,844,192",0,0,"79,116,506,942","404,877,784,295",,,,,"317,545,192,985","317,545,192,985",Ⅱ.자본잉여금,"319,930,789,473","9,271,338,645","-3,393,006,573","-47,844,192",0,0,"79,116,506,942","404,877,784,295",,,,,"317,545,192,985","317,545,192,985",Ⅱ.자본잉여금,"319,930,789,473","9,271,338,645","-3,393,006,573","-47,844,192",0,0,"79,116,506,942","404,877,784,295",,,,,"317,545,192,985","317,545,192,985"
주식발행초과금,"319,930,789,473",0,0,0,0,0,0,"319,930,789,473",0,,,,"319,930,789,473","319,930,789,473",주식발행초과금,"319,930,789,473",0,0,0,0,0,0,"319,930,789,473",0,,,,"319,930,789,473","319,930,789,473",주식발행초과금,"319,930,789,473",0,0,0,0,0,0,"319,930,789,473",0,,,,"319,930,789,473","319,930,789,473",주식발행초과금,"319,930,789,473",0,0,0,0,0,0,"319,930,789,473",0,,,,"319,930,789,473","319,930,789,473"
기타자본잉여금,0,"9,271,338,645","-3,393,006,573","-47,844,192",0,0,"79,116,506,942","84,946,994,822","77,868,327,245","-9,464,264,065",,,"-2,385,596,488","-2,385,596,488",기타자본잉여금,0,"9,271,338,645","-3,393,006,573","-47,844,192",0,0,"79,116,506,942","84,946,994,822","77,868,327,245","-9,464,264,065",,,"-2,385,596,488","-2,385,596,488",기타자본잉여금,0,"9,271,338,645","-3,393,006,573","-47,844,192",0,0,"79,116,506,942","84,946,994,822","77,868,327,245","-9,464,264,065",,,"-2,385,596,488","-2,385,596,488",기타자본잉여금,0,"9,271,338,645","-3,393,006,573","-47,844,192",0,0,"79,116,506,942","84,946,994,822","77,868,327,245","-9,464,264,065",,,"-2,385,596,488","-2,385,596,488"
Ⅲ.자본조정,"-52,614,437,594",0,0,0,0,0,0,"-52,614,437,594",,,,,"-52,614,437,594","-52,539,299,794",Ⅲ.자본조정,"-52,900,505,294",0,0,0,0,0,0,"-52,900,505,294",,,,,"-52,900,505,294","-52,539,299,794",Ⅲ.자본조정,"-55,581,498,594",0,0,0,0,0,0,"-55,581,498,594",,,,,"-55,581,498,594","-52,539,299,794",Ⅲ.자본조정,"-55,581,498,594",0,0,0,0,0,0,"-55,581,498,594",,,,,"-55,581,498,594","-52,539,299,794"
자기주식,"-52,614,437,594",0,0,0,0,0,0,"-52,614,437,594",,,,,"-52,614,437,594","-52,539,299,794",자기주식,"-52,900,505,294",0,0,0,0,0,0,"-52,900,505,294",,,,,"-52,900,505,294","-52,539,299,794",자기주식,"-55,581,498,594",0,0,0,0,0,0,"-55,581,498,594",,,,,"-55,581,498,594","-52,539,299,794",자기주식,"-55,581,498,594",0,0,0,0,0,0,"-55,581,498,594",,,,,"-55,581,498,594","-52,539,299,794"
주식선택권,0,0,0,0,0,0,0,0,0,,,,0,0,주식선택권,0,0,0,0,0,0,0,0,0,,,,0,0,주식선택권,0,0,0,0,0,0,0,0,0,,,,0,0,주식선택권,0,0,0,0,0,0,0,0,0,,,,0,0
Ⅲ.기타포괄손익누계액,0,"7,128,537,594","-414,482,743","10,305,790",0,0,"7,293,876,090","14,018,236,731",,,,,"9,155,440,243","10,008,879,094",Ⅲ.기타포괄손익누계액,0,"1,792,878,465","457,820,286","2,258,480",0,0,"2,945,268,423","5,198,225,654",,,,,"1,554,441,182","10,008,879,094",Ⅲ.기타포괄손익누계액,0,"5,222,648,995","155,219,089","4,569,328",0,0,"5,152,483,682","10,534,921,094",,,,,"5,449,675,637","10,008,879,094",Ⅲ.기타포괄손익누계액,0,"5,222,648,995","155,219,089","4,569,328",0,0,"5,152,483,682","10,534,921,094",,,,,"5,449,675,637","10,008,879,094"
지분법자본변동,0,0,0,0,0,0,0,0,,,,,0,0,지분법자본변동,0,0,0,0,0,0,0,0,,,,,0,0,지분법자본변동,0,0,0,0,0,0,0,0,,,,,0,0,지분법자본변동,0,0,0,0,0,0,0,0,,,,,0,0
부의지분법자본변동,0,0,0,0,0,0,0,0,,,,,0,0,부의지분법자본변동,0,0,0,0,0,0,0,0,,,,,0,0,부의지분법자본변동,0,0,0,0,0,0,0,0,,,,,0,0,부의지분법자본변동,0,0,0,0,0,0,0,0,,,,,0,0
FVOCI평가이익,0,0,0,0,0,0,0,0,,,,,0,0,FVOCI평가이익,0,0,0,0,0,0,0,0,,,,,0,0,FVOCI평가이익,0,0,0,0,0,0,0,0,,,,,0,0,FVOCI평가이익,0,0,0,0,0,0,0,0,,,,,0,0
매도가능증권평가손실,0,0,0,0,0,0,0,0,,,,,0,0,매도가능증권평가손실,0,0,0,0,0,0,0,0,,,,,0,0,매도가능증권평가손실,0,0,0,0,0,0,0,0,,,,,0,0,매도가능증권평가손실,0,0,0,0,0,0,0,0,,,,,0,0
자산재평가이익,0,0,0,0,0,0,0,0,,,,,0,0,자산재평가이익,0,0,0,0,0,0,0,0,,,,,0,0,자산재평가이익,0,0,0,0,0,0,0,0,,,,,0,0,자산재평가이익,0,0,0,0,0,0,0,0,,,,,0,0
해외사업환산손익,0,"7,128,537,594","-414,482,743","10,305,790",0,0,"7,293,876,090","14,018,236,731","6,474,381,191","1,611,584,703",,,"9,155,440,243","10,008,879,094",해외사업환산손익,0,"1,792,878,465","457,820,286","2,258,480",0,0,"2,945,268,423","5,198,225,654","1,026,720,935","-2,617,063,537",,,"1,554,441,182","10,008,879,094",해외사업환산손익,0,"5,222,648,995","155,219,089","4,569,328",0,0,"5,152,483,682","10,534,921,094","4,604,291,595","-480,953,862",,,"5,449,675,637","10,008,879,094",해외사업환산손익,0,"5,222,648,995","155,219,089","4,569,328",0,0,"5,152,483,682","10,534,921,094","4,604,291,595","-480,953,862",,,"5,449,675,637","10,008,879,094"
Ⅳ.이익잉여금,"1,238,227,882,480","65,544,178,472","2,972,909,689","14,958,462",0,"-22,863,041,112","-13,973,447,331","1,269,923,440,660",,,,,"1,302,259,679,674","1,283,354,688,597",Ⅳ.이익잉여금,"1,301,969,963,989","64,087,044,174","3,370,368,736","10,316,992",0,"-24,866,396,293","-16,514,688,224","1,328,056,609,374",,,,,"1,364,602,090,012","1,283,354,688,597",Ⅳ.이익잉여금,"1,453,308,991,269","85,772,984,094","2,058,858,797","-6,411,303",0,"-27,780,416,584","-16,488,644,069","1,496,865,362,204",,,,,"1,463,246,551,294","1,283,354,688,597",Ⅳ.이익잉여금,"1,453,308,991,269","85,772,984,094","2,058,858,797","-6,411,303",0,"-27,780,416,584","-16,488,644,069","1,496,865,362,204",,,,,"1,463,246,551,294","1,283,354,688,597"
법정적립금,"1,915,353,750",0,0,0,0,0,0,"1,915,353,750",,,,,"1,915,353,750","1,940,353,750",법정적립금,"1,915,353,750",0,0,0,0,0,0,"1,915,353,750",,,,,"1,915,353,750","1,940,353,750",법정적립금,"1,915,353,750",0,0,0,0,0,0,"1,915,353,750",,,,,"1,915,353,750","1,940,353,750",법정적립금,"1,915,353,750",0,0,0,0,0,0,"1,915,353,750",,,,,"1,915,353,750","1,940,353,750"
임의적립금,"1,155,000,000,000",0,0,0,0,0,0,"1,155,000,000,000",,,,,"1,155,000,000,000","895,000,000,000",임의적립금,"1,155,000,000,000",0,0,0,0,0,0,"1,155,000,000,000",,,,,"1,155,000,000,000","895,000,000,000",임의적립금,"1,155,000,000,000",0,0,0,0,0,0,"1,155,000,000,000",,,,,"1,155,000,000,000","895,000,000,000",임의적립금,"1,155,000,000,000",0,0,0,0,0,0,"1,155,000,000,000",,,,,"1,155,000,000,000","895,000,000,000"
미처분이익잉여금,"81,312,528,730","65,544,178,472","2,972,909,689","14,958,462",0,"-22,863,041,112","-13,973,447,331","113,008,086,910","503,156,861,601","535,493,100,614",,,"145,344,325,924","386,414,334,847",미처분이익잉여금,"145,054,610,239","64,087,044,174","3,370,368,736","10,316,992",0,"-24,866,396,293","-16,514,688,224","171,141,255,624","773,742,366,474","810,287,847,111",,,"207,686,736,262","386,414,334,847",미처분이익잉여금,"296,393,637,519","85,772,984,094","2,058,858,797","-6,411,303",0,"-27,780,416,584","-16,488,644,069","339,950,008,454","1,332,235,084,028","1,298,616,273,118",,,"306,331,197,544","386,414,334,847",미처분이익잉여금,"296,393,637,519","85,772,984,094","2,058,858,797","-6,411,303",0,"-27,780,416,584","-16,488,644,069","339,950,008,454","1,332,235,084,028","1,298,616,273,118",,,"306,331,197,544","386,414,334,847"
Ⅴ. 비지배지분,0,0,0,0,0,,"8,098,587,878","8,098,587,878","1,895,155,210","7,595,867,393",,,"13,799,300,061","15,098,053,698",Ⅴ. 비지배지분,0,0,0,0,0,,"8,121,270,856","8,121,270,856","2,074,151,092","7,077,084,657",,,"13,124,204,421","15,098,053,698",Ⅴ. 비지배지분,0,0,0,0,0,,"10,855,071,888","10,855,071,888","2,288,693,374","7,442,650,983",,,"16,009,029,497","15,098,053,698",Ⅴ. 비지배지분,0,0,0,0,0,,"10,855,071,888","10,855,071,888","2,288,693,374","7,442,650,983",,,"16,009,029,497","15,098,053,698"
자본총계,"1,509,374,941,859","87,620,540,538","2,054,020,373","93,604,060",0,"-17,863,041,112","80,535,523,839","1,661,815,589,557",,,,,"1,593,975,882,869","1,577,298,222,080",자본총계,"1,572,830,955,668","80,827,747,111","3,323,782,449","80,915,280",0,"-19,866,396,293","73,668,358,257","1,710,865,362,472",,,,,"1,647,756,130,806","1,577,298,222,080",자본총계,"1,721,488,989,648","105,943,457,561","1,709,671,313","66,497,833",0,"-22,780,416,584","78,635,418,703","1,885,063,618,474",,,,,"1,750,499,658,320","1,577,298,222,080",자본총계,"1,721,488,989,648","105,943,457,561","1,709,671,313","66,497,833",0,"-22,780,416,584","78,635,418,703","1,885,063,618,474",,,,,"1,750,499,658,320","1,577,298,222,080"
부채 및 자본총계,"1,944,504,275,090","290,073,117,708","65,030,260,826","130,104,782",0,"7,607,664,910","108,361,927,741","2,415,707,351,057",,,,,"2,257,949,629,339","2,285,904,738,684",부채 및 자본총계,"1,891,403,846,805","231,683,037,767","56,310,928,129","123,896,555",0,"8,247,865,871","99,661,509,127","2,287,431,084,254",,,,,"2,150,700,268,896","2,285,904,738,684",부채 및 자본총계,"2,145,196,472,610","495,764,671,201","71,221,220,511","108,660,410",0,"7,422,086,701","111,397,042,283","2,831,110,153,716",,,,,"2,500,661,965,380","2,285,904,738,684",부채 및 자본총계,"2,145,196,472,610","495,764,671,201","71,221,220,511","108,660,410",0,"7,422,086,701","111,397,042,283","2,831,110,153,716",,,,,"2,500,661,965,380","2,285,904,738,684"
