25.1Q, F&F , F&F Shanghai , FnF HONGKONG , F&F 베트남 , 빅텐츠 , 엔터테인머트 , 세르지오 , 단순합계 ,연결조정분개,연결조정분개,2025년 누적,2025년 전분기 누적,2025년 1분기 연결,25.2Q,F&F,F&F Shanghai,FnF HONGKONG,F&F 베트남,빅텐츠,엔터테인머트,세르지오,단순합계,연결조정분개,연결조정분개,2025년 누적,2025년 전분기 누적,2025년 2분기 연결,25.3Q, F&F , F&F Shanghai , FnF HONGKONG , F&F 베트남 , 빅텐츠 , 엔터테인머트 , 세르지오 , 단순합계 ,연결조정분개,연결조정분개,2025년 누적,2025년 전분기 누적,2025년 3분기,25.4Q, F&F , F&F Shanghai , FnF HONGKONG , F&F 베트남 , 빅텐츠 , 엔터테인머트 , 세르지오 , 단순합계 ,연결조정분개,,2025년 누적,2025년 전분기 누적,2025년 4분기,
Ⅰ.매출액,"396,770,288,842 ","258,540,056,726 ","20,662,713,081 ","133,758,569 ",0 ,"761,317,700 ","8,505,474,308 ","685,373,609,226 ",,,"505,616,173,458 ",,"505,616,173,458 ",Ⅰ.매출액,"307,392,811,236 ","170,703,054,327 ","15,742,149,168 ","153,450,375 ",0 ,"1,133,015,216 ","8,968,736,431 ","504,093,216,753 ",0 ,0 ,"884,486,987,611 ","505,616,173,458 ","378,870,814,153 ",Ⅰ.매출액,"510,670,760,280 ","283,919,271,979 ","16,908,294,684 ","137,462,142 ",0 ,"2,735,657,231 ","15,931,767,572 ","830,303,213,888 ",0 ,0 ,"1,358,744,179,377 ","884,486,987,611 ","474,257,191,766 ",Ⅰ.매출액,"479,861,823,639 ","247,171,567,712 ","22,961,671,894 ","231,686,997 ",0 ,"2,530,759,004 ","15,155,509,319 ","767,913,018,565 ",0 ,0 ,"1,933,995,926,896 ","1,358,744,179,377 ","575,251,747,518 ",
제품매출,"393,778,668,434 ",0 ,0 ,0 ,0 ,0 ,0 ,"393,778,668,434 ","179,552,105,905 ",,"214,226,562,529 ",,"214,226,562,529 ",제품매출,"305,002,579,832 ",0 ,0 ,0 ,0 ,0 ,0 ,"305,002,579,832 ","124,690,849,364 ",0 ,"394,538,292,997 ","214,226,562,529 ","180,311,730,468 ",제품매출,"507,395,104,320 ",0 ,0 ,0 ,0 ,0 ,0 ,"507,395,104,320 ","356,072,938,935 ",0 ,"545,860,458,382 ","394,538,292,997 ","151,322,165,385 ",제품매출,"475,856,469,594 ",0 ,0 ,0 ,0 ,0 ,0 ,"475,856,469,594 ","192,320,059,113 ",0 ,"829,396,868,863 ","545,860,458,382 ","283,536,410,481 ",
상품매출,"2,082,727,180 ","258,540,056,726 ","20,662,713,081 ",0 ,0 ,0 ,"6,076,220,865 ","287,361,717,852 ",0 ,,"287,361,717,852 ",,"287,361,717,852 ",상품매출,"1,299,381,393 ","170,703,054,327 ","15,742,149,168 ",0 ,0 ,0 ,"6,868,103,285 ","194,612,688,173 ","3,575,923 ",0 ,"481,970,830,102 ","287,361,717,852 ","194,609,112,250 ",상품매출,"1,900,004,673 ","283,919,271,979 ","16,908,294,684 ",0 ,0 ,0 ,"6,315,470,127 ","309,043,041,463 ","20,115,150 ",0 ,"790,993,756,415 ","481,970,830,102 ","309,022,926,313 ",상품매출,"2,115,009,378 ","247,171,567,712 ","22,961,671,894 ",0 ,0 ,0 ,"11,048,343,483 ","283,296,592,467 ","2,553,639 ",0 ,"1,074,287,795,243 ","790,993,756,415 ","283,294,038,828 ",
수수료매출,"333,425,892 ",0 ,0 ,"133,758,569 ",0 ,0 ,0 ,"467,184,461 ","142,834,610 ",,"324,349,851 ",,"324,349,851 ",수수료매출,"259,355,373 ",0 ,0 ,"153,450,375 ",0 ,0 ,0 ,"412,805,748 ","144,374,334 ",0 ,"592,781,265 ","324,349,851 ","268,431,414 ",수수료매출,"218,261,225 ",0 ,0 ,"137,462,142 ",0 ,0 ,0 ,"355,723,367 ","137,462,142 ",0 ,"811,042,490 ","592,781,265 ","218,261,225 ",수수료매출,"348,538,359 ",0 ,0 ,"231,686,997 ",0 ,0 ,0 ,"580,225,356 ","231,686,997 ",0 ,"1,159,580,849 ","811,042,490 ","348,538,359 ",
물류매출,0 ,0 ,0 ,0 ,0 ,0 ,0 ,0 ,,,0 ,,0 ,물류매출,0 ,0 ,0 ,0 ,0 ,0 ,0 ,0 ,0 ,0 ,0 ,0 ,0 ,물류매출,0 ,0 ,0 ,0 ,0 ,0 ,0 ,0 ,0 ,0 ,0 ,0 ,0 ,물류매출,0 ,0 ,0 ,0 ,0 ,0 ,0 ,0 ,0 ,0 ,0 ,0 ,0 ,
임대매출,"70,856,796 ",0 ,0 ,0 ,0 ,0 ,0 ,"70,856,796 ",,,"70,856,796 ",,"70,856,796 ",임대매출,"378,204,807 ",0 ,0 ,0 ,0 ,0 ,0 ,"378,204,807 ",0 ,0 ,"449,061,603 ","70,856,796 ","378,204,807 ",임대매출,"563,899,233 ",0 ,0 ,0 ,0 ,0 ,0 ,"563,899,233 ",0 ,0 ,"1,012,960,836 ","449,061,603 ","563,899,233 ",임대매출,"717,824,245 ",0 ,0 ,0 ,0 ,0 ,0 ,"717,824,245 ",0 ,0 ,"1,730,785,081 ","1,012,960,836 ","717,824,245 ",
기타매출,"504,610,540 ",0 ,0 ,0 ,0 ,"761,317,700 ","2,429,253,443 ","3,695,181,683 ","62,495,253 ",,"3,632,686,430 ",,"3,632,686,430 ",기타매출,"453,289,831 ",0 ,0 ,0 ,0 ,"1,133,015,216 ","2,100,633,146 ","3,686,938,193 ","383,602,978 ",0 ,"6,936,021,644 ","3,632,686,430 ","3,303,335,214 ",기타매출,"593,490,829 ",0 ,0 ,0 ,0 ,"2,735,657,231 ","9,616,297,445 ","12,945,445,505 ","(184,494,105)",0 ,"20,065,961,254 ","6,936,021,644 ","13,129,939,610 ",기타매출,"823,982,063 ",0 ,0 ,0 ,0 ,"2,530,759,004 ","4,107,165,836 ","7,461,906,903 ","106,971,298 ",0 ,"27,420,896,860 ","20,065,961,254 ","7,354,935,605 ",
Ⅱ.매출원가,"145,093,356,692 ","203,777,800,995 ","9,671,179,051 ","115,046,874 ",0 ,"1,530,162,809 ","1,966,345,823 ","362,153,892,244 ",,,"175,882,872,584 ",,"175,882,872,584 ",Ⅱ.매출원가,"102,777,638,259 ","135,221,796,721 ","6,988,081,515 ","151,415,942 ",0 ,"2,055,480,313 ","2,337,221,788 ","249,531,634,538 ",0 ,0 ,"295,847,224,008 ","175,882,872,584 ","119,964,351,423 ",Ⅱ.매출원가,"202,040,882,647 ","208,506,423,417 ","8,019,465,037 ","145,677,613 ",0 ,"4,539,012,167 ","2,844,053,945 ","426,095,514,826 ",0 ,0 ,"461,149,814,540 ","295,847,224,008 ","165,302,590,532 ",Ⅱ.매출원가,"170,198,658,739 ","183,758,529,630 ","10,131,376,881 ","192,529,525 ",0 ,"4,357,770,233 ","5,427,754,877 ","374,066,619,885 ",0 ,0 ,"642,187,339,867 ","461,149,814,540 ","181,037,525,327 ",
제품매출원가,"142,911,348,597 ",0 ,0 ,0 ,0 ,0 ,0 ,"142,911,348,597 ","213,448,980,046 ","186,155,972,785 ","170,204,355,858 ",,"170,204,355,857 ",제품매출원가,"101,913,791,611 ",0 ,0 ,0 ,0 ,0 ,0 ,"101,913,791,611 ","142,209,878,236 ","129,415,867,172 ","284,912,158,533 ","170,204,355,857 ","114,707,802,676 ",제품매출원가,"200,216,293,702 ",0 ,0 ,0 ,0 ,0 ,0 ,"200,216,293,702 ","216,525,888,454 ","260,647,246,681 ","441,007,094,008 ","284,912,158,533 ","156,094,935,475 ",제품매출원가,"168,247,675,833 ",0 ,0 ,0 ,0 ,0 ,0 ,"168,247,675,833 ","193,889,906,511 ","192,836,565,033 ","610,308,111,318 ","441,007,094,008 ","169,301,017,311 ",
기초제품재고액,,0 ,0 ,0 ,0 ,0 ,0 ,0 ,,,0 ,,0 ,기초제품재고액,0 ,0 ,0 ,0 ,0 ,0 ,0 ,0 ,0 ,0 ,0 ,0 ,0 ,기초제품재고액,0 ,0 ,0 ,0 ,0 ,0 ,0 ,0 ,0 ,0 ,0 ,0 ,0 ,기초제품재고액,0 ,0 ,0 ,0 ,0 ,0 ,0 ,0 ,0 ,0 ,0 ,0 ,0 ,
당기제품제조원가,,0 ,0 ,0 ,0 ,0 ,0 ,0 ,,,0 ,,0 ,당기제품제조원가,0 ,0 ,0 ,0 ,0 ,0 ,0 ,0 ,0 ,0 ,0 ,0 ,0 ,당기제품제조원가,0 ,0 ,0 ,0 ,0 ,0 ,0 ,0 ,0 ,0 ,0 ,0 ,0 ,당기제품제조원가,0 ,0 ,0 ,0 ,0 ,0 ,0 ,0 ,0 ,0 ,0 ,0 ,0 ,
타계정대체(제품),,0 ,0 ,0 ,0 ,0 ,0 ,0 ,,,0 ,,0 ,타계정대체(제품),0 ,0 ,0 ,0 ,0 ,0 ,0 ,0 ,0 ,0 ,0 ,0 ,0 ,타계정대체(제품),0 ,0 ,0 ,0 ,0 ,0 ,0 ,0 ,0 ,0 ,0 ,0 ,0 ,타계정대체(제품),0 ,0 ,0 ,0 ,0 ,0 ,0 ,0 ,0 ,0 ,0 ,0 ,0 ,
관세환급금,,0 ,0 ,0 ,0 ,0 ,0 ,0 ,,,0 ,,0 ,관세환급금,0 ,0 ,0 ,0 ,0 ,0 ,0 ,0 ,0 ,0 ,0 ,0 ,0 ,관세환급금,0 ,0 ,0 ,0 ,0 ,0 ,0 ,0 ,0 ,0 ,0 ,0 ,0 ,관세환급금,0 ,0 ,0 ,0 ,0 ,0 ,0 ,0 ,0 ,0 ,0 ,0 ,0 ,
기말제품재고액,,0 ,0 ,0 ,0 ,0 ,0 ,0 ,,,0 ,,0 ,기말제품재고액,0 ,0 ,0 ,0 ,0 ,0 ,0 ,0 ,0 ,0 ,0 ,0 ,0 ,기말제품재고액,0 ,0 ,0 ,0 ,0 ,0 ,0 ,0 ,0 ,0 ,0 ,0 ,0 ,기말제품재고액,0 ,0 ,0 ,0 ,0 ,0 ,0 ,0 ,0 ,0 ,0 ,0 ,0 ,
상품매출원가,"1,593,436,412 ","203,777,800,995 ","9,671,179,051 ",0 ,0 ,0 ,"2,242,623,408 ","217,285,039,866 ",,"213,448,980,046 ","3,836,059,820 ",,"3,836,059,820 ",상품매출원가,"(24,923,247)","135,221,796,721 ","6,988,081,515 ",0 ,0 ,0 ,"2,332,520,356 ","144,517,475,345 ",0 ,"142,209,878,236 ","6,143,656,929 ","3,836,059,820 ","2,307,597,109 ",상품매출원가,"917,520,205 ","208,506,423,417 ","8,019,465,037 ",0 ,0 ,0 ,"2,722,660,519 ","220,166,069,178 ",0 ,"216,525,888,454 ","9,783,837,653 ","6,143,656,929 ","3,640,180,724 ",상품매출원가,"724,424,031 ","183,758,529,630 ","10,131,376,881 ",0 ,0 ,0 ,"5,428,757,307 ","200,043,087,849 ",0 ,"193,889,906,511 ","15,937,018,991 ","9,783,837,653 ","6,153,181,338 ",
기초상품재고액,,0 ,0 ,0 ,0 ,0 ,0 ,0 ,,,0 ,,0 ,기초상품재고액,0 ,0 ,0 ,0 ,0 ,0 ,0 ,0 ,0 ,0 ,0 ,0 ,0 ,기초상품재고액,0 ,0 ,0 ,0 ,0 ,0 ,0 ,0 ,0 ,0 ,0 ,0 ,0 ,기초상품재고액,0 ,0 ,0 ,0 ,0 ,0 ,0 ,0 ,0 ,0 ,0 ,0 ,0 ,
당기매입액,,"203,777,800,995 ",0 ,0 ,0 ,0 ,0 ,"203,777,800,995 ",,,"203,777,800,995 ",,"203,777,800,995 ",당기매입액,0 ,"135,221,796,721 ",0 ,0 ,0 ,0 ,0 ,"135,221,796,721 ",0 ,0 ,"338,999,597,716 ","203,777,800,995 ","135,221,796,721 ",당기매입액,0 ,"208,506,423,417 ",0 ,0 ,0 ,0 ,0 ,"208,506,423,417 ",0 ,0 ,"547,506,021,133 ","338,999,597,716 ","208,506,423,417 ",당기매입액,0 ,"183,758,529,630 ",0 ,0 ,0 ,0 ,0 ,"183,758,529,630 ",0 ,0 ,"731,264,550,763 ","547,506,021,133 ","183,758,529,630 ",
타계정대체(상품),,0 ,0 ,0 ,0 ,0 ,0 ,0 ,,,0 ,,0 ,타계정대체(상품),0 ,0 ,0 ,0 ,0 ,0 ,0 ,0 ,0 ,0 ,0 ,0 ,0 ,타계정대체(상품),0 ,0 ,0 ,0 ,0 ,0 ,0 ,0 ,0 ,0 ,0 ,0 ,0 ,타계정대체(상품),0 ,0 ,0 ,0 ,0 ,0 ,0 ,0 ,0 ,0 ,0 ,0 ,0 ,
기말상품재고액,,0 ,0 ,0 ,0 ,0 ,0 ,0 ,,,0 ,,0 ,기말상품재고액,0 ,0 ,0 ,0 ,0 ,0 ,0 ,0 ,0 ,0 ,0 ,0 ,0 ,기말상품재고액,0 ,0 ,0 ,0 ,0 ,0 ,0 ,0 ,0 ,0 ,0 ,0 ,0 ,기말상품재고액,0 ,0 ,0 ,0 ,0 ,0 ,0 ,0 ,0 ,0 ,0 ,0 ,0 ,
임대원가,0 ,0 ,0 ,0 ,0 ,0 ,0 ,0 ,,,0 ,,0 ,임대원가,"231,793,334 ",0 ,0 ,0 ,0 ,0 ,0 ,"231,793,334 ",0 ,0 ,"231,793,334 ",0 ,"231,793,334 ",임대원가,"178,670,506 ",0 ,0 ,0 ,0 ,0 ,0 ,"178,670,506 ",0 ,0 ,"410,463,840 ","231,793,334 ","178,670,506 ",임대원가,"198,336,397 ",0 ,0 ,0 ,0 ,0 ,0 ,"198,336,397 ",0 ,0 ,"608,800,237 ","410,463,840 ","198,336,397 ",
물류원가,0 ,0 ,0 ,0 ,0 ,0 ,0 ,0 ,,,0 ,,0 ,물류원가,0 ,0 ,0 ,0 ,0 ,0 ,0 ,0 ,0 ,0 ,0 ,0 ,0 ,물류원가,0 ,0 ,0 ,0 ,0 ,0 ,0 ,0 ,0 ,0 ,0 ,0 ,0 ,물류원가,0 ,0 ,0 ,0 ,0 ,0 ,0 ,0 ,0 ,0 ,0 ,0 ,0 ,
기타매출원가,"588,571,683 ",0 ,0 ,"115,046,874 ",0 ,"1,530,162,809 ","(276,277,585)","1,957,503,781 ",0 ,"115,046,874 ","1,842,456,907 ",,"1,842,456,907 ",기타매출원가,"656,976,561 ",0 ,0 ,"151,415,942 ",0 ,"2,055,480,313 ","4,701,432 ","2,868,574,248 ",0 ,"151,415,942 ","4,559,615,212 ","1,842,456,907 ","2,717,158,305 ",기타매출원가,"728,398,234 ",0 ,0 ,"145,677,613 ",0 ,"4,539,012,167 ","121,393,426 ","5,534,481,440 ",0 ,"145,677,613 ","9,948,419,039 ","4,559,615,212 ","5,388,803,827 ",기타매출원가,"1,028,222,478 ",0 ,0 ,"192,529,525 ",0 ,"4,357,770,233 ","(1,002,430)","5,577,519,806 ",0 ,"192,529,525 ","15,333,409,321 ","9,948,419,039 ","5,384,990,281 ",
Ⅲ.매출총이익,"251,676,932,150 ","54,762,255,731 ","10,991,534,030 ","18,711,695 ",0 ,"(768,845,109)","6,539,128,485 ","323,219,716,982 ",,,"329,733,300,873 ",,"329,733,300,874 ",Ⅲ.매출총이익,"204,615,172,977 ","35,481,257,606 ","8,754,067,653 ","2,034,433 ",0 ,"(922,465,097)","6,631,514,643 ","254,561,582,215 ",0 ,0 ,"588,639,763,603 ","329,733,300,874 ","258,906,462,729 ",Ⅲ.매출총이익,"308,629,877,633 ","75,412,848,562 ","8,888,829,647 ","(8,215,471)",0 ,"(1,803,354,936)","13,087,713,627 ","404,207,699,062 ",0 ,0 ,"897,594,364,837 ","588,639,763,603 ","308,954,601,234 ",Ⅲ.매출총이익,"309,663,164,900 ","63,413,038,082 ","12,830,295,013 ","39,157,472 ",0 ,"(1,827,011,229)","9,727,754,442 ","393,846,398,680 ",0 ,0 ,"1,291,808,587,029 ","897,594,364,837 ","394,214,222,191 ",
Ⅳ.판매비와관리비,"139,699,386,898 ","48,651,782,890 ","10,988,975,260 ","6,215,987 ",0 ,"768,871,604 ","5,542,988,580 ","205,658,221,219 ",,,"206,116,912,814 ",,"206,116,912,814 ",Ⅳ.판매비와관리비,"124,015,606,069 ","35,821,308,924 ","8,566,757,889 ","6,043,773 ",0 ,"833,000,832 ","5,637,900,280 ","174,880,617,767 ",0 ,0 ,"380,993,473,664 ","206,116,912,814 ","174,876,560,850 ",Ⅳ.판매비와관리비,"116,062,030,428 ","45,359,772,432 ","10,135,053,411 ","8,286,039 ",0 ,"943,581,580 ","7,657,788,444 ","180,166,512,334 ",0 ,0 ,"561,928,396,829 ","380,993,473,664 ","180,934,923,165 ",Ⅳ.판매비와관리비,"170,356,306,646 ","59,027,214,242 ","10,156,859,433 ","13,441,316 ",0 ,"839,812,141 ","18,515,276,187 ","258,908,909,965 ",0 ,0 ,"823,265,637,320 ","561,928,396,829 ","261,337,240,491 ",
급여,"8,628,580,129 ","7,850,637,692 ","2,109,398,123 ",0 ,0 ,"390,823,774 ","1,088,554,272 ","20,067,993,990 ","108,247,168 ",,"20,176,241,158 ",,"20,176,241,158 ",급여,"9,610,698,919 ","7,019,614,106 ","1,723,132,278 ",0 ,0 ,"446,181,028 ","822,853,926 ","19,622,480,257 ","140,913,446 ",0 ,"39,939,634,861 ","20,176,241,158 ","19,763,393,703 ",급여,"8,527,479,513 ","6,734,150,927 ","2,451,014,704 ",0 ,0 ,"422,049,441 ","1,043,661,126 ","19,178,355,711 ","133,139,975 ",0 ,"59,251,130,548 ","39,939,634,861 ","19,311,495,686 ",급여,"9,400,449,165 ","7,284,051,752 ","2,661,296,177 ",0 ,0 ,"424,796,450 ","1,006,327,437 ","20,776,920,981 ","170,957,426 ",0 ,"80,199,008,955 ","59,251,130,548 ","20,947,878,407 ",
퇴직급여,"1,126,853,049 ",0 ,"300,714,660 ",0 ,0 ,"34,766,007 ",0 ,"1,462,333,716 ",,,"1,462,333,716 ",,"1,462,333,716 ",퇴직급여,"1,082,105,840 ",0 ,"(5,572,070)",0 ,0 ,"35,846,859 ",0 ,"1,112,380,629 ",0 ,0 ,"2,574,714,345 ","1,462,333,716 ","1,112,380,629 ",퇴직급여,"1,105,803,836 ",0 ,"(295,142,590)",0 ,0 ,"143,992,294 ",0 ,"954,653,540 ",0 ,0 ,"3,529,367,885 ","2,574,714,345 ","954,653,540 ",퇴직급여,"1,045,276,984 ",0 ,0 ,0 ,0 ,"37,595,238 ",0 ,"1,082,872,222 ",0 ,0 ,"4,612,240,107 ","3,529,367,885 ","1,082,872,222 ",
복리후생비,"1,392,752,542 ","2,811,620,235 ","46,223,843 ",0 ,0 ,"44,699,370 ","130,906,441 ","4,426,202,431 ",0 ,"2,472,421 ","4,423,730,010 ",,"4,423,730,010 ",복리후생비,"1,317,374,029 ","2,341,594,089 ","38,890,187 ",0 ,0 ,"50,647,815 ","196,094,489 ","3,944,600,609 ",0 ,"669,681 ","8,367,660,938 ","4,423,730,010 ","3,943,930,928 ",복리후생비,"940,550,339 ","2,570,506,236 ","41,115,303 ",0 ,0 ,"44,465,403 ","130,076,447 ","3,726,713,728 ",0 ,"1,933,868 ","12,092,440,798 ","8,367,660,938 ","3,724,779,860 ",복리후생비,"1,261,414,800 ","2,927,186,575 ","43,613,922 ",0 ,0 ,"50,349,730 ","149,070,952 ","4,431,635,979 ",0 ,"8,235,592 ","16,515,841,185 ","12,092,440,798 ","4,423,400,387 ",
여비교통비,"237,380,279 ","99,639,558 ","26,682,171 ",0 ,0 ,"8,716,739 ","48,214,788 ","420,633,535 ",,,"420,633,535 ",,"420,633,535 ",여비교통비,"191,829,812 ","109,236,000 ","18,377,464 ",0 ,0 ,"13,019,002 ","24,479,581 ","356,941,859 ",0 ,0 ,"777,575,394 ","420,633,535 ","356,941,859 ",여비교통비,"153,667,330 ","167,583,651 ","36,064,661 ",0 ,0 ,"22,359,240 ","3,792,075 ","383,466,957 ",0 ,0 ,"1,161,042,351 ","777,575,394 ","383,466,957 ",여비교통비,"132,156,402 ","180,882,090 ","23,905,297 ",0 ,0 ,"19,397,930 ","19,636,044 ","375,977,763 ",0 ,0 ,"1,537,020,114 ","1,161,042,351 ","375,977,763 ",
통신비,"154,343,718 ","13,778,595 ","18,494,115 ","27,373 ",0 ,"5,857,514 ",0 ,"192,501,315 ",,,"192,501,315 ",,"192,501,315 ",통신비,"138,883,500 ","12,002,314 ","18,253,248 ","118,012 ",0 ,"6,284,997 ",0 ,"175,542,071 ",0 ,0 ,"368,043,386 ","192,501,315 ","175,542,071 ",통신비,"145,258,713 ","20,192,289 ","18,411,083 ","102,698 ",0 ,"6,726,064 ",0 ,"190,690,847 ",0 ,0 ,"558,734,233 ","368,043,386 ","190,690,847 ",통신비,"175,403,055 ","22,501,050 ","18,705,316 ","164,434 ",0 ,"6,212,495 ",0 ,"222,986,350 ",0 ,0 ,"781,720,583 ","558,734,233 ","222,986,350 ",
수도광열비,"613,770,457 ","90,942,305 ","92,927,850 ",0 ,0 ,"5,521,027 ","2,967,334 ","806,128,973 ",,,"806,128,973 ",,"806,128,973 ",수도광열비,"410,009,183 ","74,602,627 ","102,019,464 ",0 ,0 ,"3,505,272 ","2,379,430 ","592,515,976 ",0 ,0 ,"1,398,644,949 ","806,128,973 ","592,515,976 ",수도광열비,"696,737,879 ","93,563,226 ","117,465,409 ",0 ,0 ,"4,739,213 ","4,399,227 ","916,904,954 ",0 ,0 ,"2,315,549,903 ","1,398,644,949 ","916,904,954 ",수도광열비,"445,832,901 ","88,264,824 ","110,911,002 ",0 ,0 ,"3,189,073 ","3,236,431 ","651,434,231 ",0 ,0 ,"2,966,984,134 ","2,315,549,903 ","651,434,231 ",
세금과공과,"746,074,062 ","621,246,640 ",0 ,"114,200 ",0 ,"16,852,453 ","147,324,187 ","1,531,611,542 ",,,"1,531,611,542 ",,"1,531,611,542 ",세금과공과,"1,831,373,163 ","265,362,309 ",0 ,"(3,000)",0 ,"15,409,737 ","137,627,409 ","2,249,769,618 ",0 ,0 ,"3,781,381,160 ","1,531,611,542 ","2,249,769,618 ",세금과공과,"405,777,647 ","298,458,486 ",0 ,"(2,000)",0 ,"16,167,950 ","108,410,535 ","828,812,618 ",0 ,0 ,"4,610,193,778 ","3,781,381,160 ","828,812,618 ",세금과공과,"840,333,550 ","457,952,455 ",0 ,200 ,0 ,"16,089,670 ","103,464,897 ","1,417,840,772 ",0 ,0 ,"6,028,034,550 ","4,610,193,778 ","1,417,840,772 ",
임차료,"5,846,303,420 ","1,301,286,715 ","2,014,914,944 ",0 ,0 ,0 ,0 ,"9,162,505,079 ","6,799,706 ",,"9,169,304,785 ",,"9,169,304,785 ",임차료,"4,466,007,016 ","(433,806,016)","2,042,075,591 ",0 ,0 ,0 ,0 ,"6,074,276,591 ","10,502,496 ",0 ,"15,254,083,872 ","9,169,304,785 ","6,084,779,087 ",임차료,"4,128,724,531 ","2,048,272,403 ","1,510,595,970 ",0 ,0 ,0 ,0 ,"7,687,592,904 ","12,537,638 ",0 ,"22,954,214,413 ","15,254,083,872 ","7,700,130,542 ",임차료,"8,990,905,957 ","1,125,689,903 ","1,791,020,676 ",0 ,0 ,0 ,0 ,"11,907,616,536 ","21,572,099 ",0 ,"34,883,403,048 ","22,954,214,413 ","11,929,188,635 ",
대손상각비,"(222,188,194)",0 ,0 ,0 ,0 ,0 ,"760,095,512 ","537,907,318 ",,,"537,907,318 ",,"537,907,318 ",대손상각비,"(294,964,505)",0 ,0 ,0 ,0 ,"3,300,000 ","723,261,524 ","431,597,019 ",0 ,0 ,"969,504,337 ","537,907,318 ","431,597,019 ",대손상각비,"29,168,906 ",0 ,0 ,0 ,0 ,0 ,"2,598,198,643 ","2,627,367,549 ",0 ,0 ,"3,596,871,886 ","969,504,337 ","2,627,367,549 ",대손상각비,"46,303,897 ","587,926,688 ",0 ,0 ,0 ,0 ,"(2,352,536,257)","(1,718,305,672)",0 ,0 ,"1,878,566,214 ","3,596,871,886 ","(1,718,305,672)",
보험료,"173,497,691 ","4,647,654 ","106,873,711 ",0 ,0 ,"4,960,070 ","9,120,134 ","299,099,260 ",,,"299,099,260 ",,"299,099,260 ",보험료,"133,567,081 ","114,260,076 ","116,724,484 ",0 ,0 ,"405,700 ","19,330,942 ","384,288,283 ",0 ,0 ,"683,387,543 ","299,099,260 ","384,288,283 ",보험료,"134,745,331 ","(234,217)","123,877,127 ",0 ,0 ,0 ,"23,467,191 ","281,855,432 ",0 ,0 ,"965,242,975 ","683,387,543 ","281,855,432 ",보험료,"145,289,510 ","56,813,704 ","118,957,304 ",0 ,0 ,"69,700 ","17,061,323 ","338,191,541 ",0 ,0 ,"1,303,434,516 ","965,242,975 ","338,191,541 ",
광고선전비,"8,142,667,811 ","14,553,644,003 ","533,656,492 ",0 ,0 ,0 ,"1,379,107,960 ","24,609,076,266 ",,,"24,609,076,266 ",,"24,609,076,266 ",광고선전비,"8,488,250,851 ","9,118,764,626 ","554,124,682 ",0 ,0 ,0 ,"1,386,252,539 ","19,547,392,698 ",0 ,"8,143,000 ","44,148,325,964 ","24,609,076,266 ","19,539,249,698 ",광고선전비,"6,683,339,872 ","16,327,763,309 ","584,976,005 ",0 ,0 ,0 ,"1,462,113,584 ","25,058,192,770 ",0 ,"26,555,182 ","69,179,963,552 ","44,148,325,964 ","25,031,637,588 ",광고선전비,"13,177,404,491 ","20,569,678,976 ","1,144,554,585 ",0 ,0 ,0 ,"5,049,114,871 ","39,940,752,923 ",0 ,"36,224,182 ","109,084,492,293 ","69,179,963,552 ","39,904,528,741 ",
차량유지비,"131,034,980 ","29,310,601 ",0 ,0 ,0 ,"3,202,200 ",0 ,"163,547,781 ",,,"163,547,781 ",,"163,547,781 ",차량유지비,"134,240,504 ","22,240,329 ",0 ,0 ,0 ,"3,645,558 ",0 ,"160,126,391 ",0 ,0 ,"323,674,172 ","163,547,781 ","160,126,391 ",차량유지비,"108,544,204 ","27,484,536 ",0 ,0 ,0 ,"4,932,546 ",0 ,"140,961,286 ",0 ,0 ,"464,635,458 ","323,674,172 ","140,961,286 ",차량유지비,"109,129,242 ","28,939,064 ",0 ,0 ,0 ,"5,581,043 ",0 ,"143,649,349 ",0 ,0 ,"608,284,807 ","464,635,458 ","143,649,349 ",
교육훈련비,0 ,0 ,0 ,0 ,0 ,0 ,0 ,0 ,,,0 ,,0 ,교육훈련비,0 ,0 ,0 ,0 ,0 ,0 ,0 ,0 ,0 ,0 ,0 ,0 ,0 ,교육훈련비,0 ,0 ,0 ,0 ,0 ,0 ,0 ,0 ,0 ,0 ,0 ,0 ,0 ,교육훈련비,0 ,0 ,0 ,0 ,0 ,0 ,0 ,0 ,0 ,0 ,0 ,0 ,0 ,
접대비,"108,351,791 ","18,958,169 ",0 ,"544,539 ",0 ,"4,219,367 ",0 ,"132,073,866 ",,,"132,073,866 ",,"132,073,866 ",접대비,"77,483,329 ","9,344,639 ",0 ,"(14,304)",0 ,"3,078,920 ",0 ,"89,892,584 ",0 ,0 ,"221,966,450 ","132,073,866 ","89,892,584 ",접대비,"98,785,086 ","25,183,096 ",0 ,"(9,537)",0 ,"5,384,610 ",0 ,"129,343,255 ",0 ,0 ,"351,309,705 ","221,966,450 ","129,343,255 ",접대비,"103,879,637 ","12,566,075 ",0 ,954 ,0 ,"4,496,350 ",0 ,"120,943,016 ",0 ,0 ,"472,252,721 ","351,309,705 ","120,943,016 ",
운반비,0 ,"4,353,186,101 ","1,216,857,502 ",0 ,0 ,0 ,"357,750,588 ","5,927,794,191 ",,,"5,927,794,191 ",,"5,927,794,191 ",운반비,0 ,"3,165,926,951 ","949,120,956 ",0 ,0 ,0 ,"400,979,262 ","4,516,027,169 ",0 ,0 ,"10,443,821,360 ","5,927,794,191 ","4,516,027,169 ",운반비,0 ,"4,868,353,936 ","1,018,418,643 ",0 ,0 ,0 ,"430,413,105 ","6,317,185,684 ",0 ,0 ,"16,761,007,044 ","10,443,821,360 ","6,317,185,684 ",운반비,0 ,"6,098,483,049 ","1,102,093,469 ",0 ,0 ,0 ,"893,796,013 ","8,094,372,531 ",0 ,0 ,"24,855,379,575 ","16,761,007,044 ","8,094,372,531 ",
소모품비,"1,678,005,433 ","474,922,109 ","105,656,228 ","369,934 ",0 ,"4,085,789 ","371,332,959 ","2,634,372,452 ",,0 ,"2,634,372,452 ",,"2,634,372,452 ",소모품비,"1,178,738,650 ","838,441,690 ","123,492,008 ","353,830 ",0 ,"2,749,317 ","399,620,872 ","2,543,396,367 ",0 ,"46,156,692 ","5,131,612,127 ","2,634,372,452 ","2,497,239,675 ",소모품비,"1,137,667,473 ","544,206,748 ","208,803,344 ","343,992 ",0 ,"5,443,172 ","428,714,636 ","2,325,179,365 ",0 ,"26,555,182 ","7,430,236,310 ","5,131,612,127 ","2,298,624,183 ",소모품비,"1,305,829,182 ","1,067,679,088 ","192,065,141 ","592,641 ",0 ,"2,121,307 ","738,279,438 ","3,306,566,797 ",0 ,"36,224,182 ","10,700,578,925 ","7,430,236,310 ","3,270,342,615 ",
지급수수료,"98,102,027,353 ","8,798,507,132 ","1,124,243,210 ","5,159,941 ",0 ,"31,642,612 ","1,128,624,816 ","109,190,205,064 ",,"329,818,947 ","108,860,386,117 ",,"108,860,386,117 ",지급수수료,"82,021,109,806 ","7,042,836,582 ","892,048,471 ","5,589,235 ",0 ,"34,883,183 ","1,403,140,221 ","91,399,607,498 ",0 ,"753,434,686 ","199,506,558,929 ","108,860,386,117 ","90,646,172,812 ",지급수수료,"78,829,310,275 ","6,166,030,554 ","1,202,173,563 ","7,850,886 ",0 ,"43,661,955 ","1,306,079,884 ","87,555,107,117 ",0 ,"(34,492,110)","287,096,158,156 ","199,506,558,929 ","87,589,599,227 ",지급수수료,"120,391,700,217 ","12,717,877,406 ","(649,853,356)","12,683,087 ",0 ,"49,712,627 ","12,768,072,677 ","145,290,192,658 ",0 ,"(1,637,385,765)","434,023,736,579 ","287,096,158,156 ","146,927,578,423 ",
관리수수료,0 ,0 ,0 ,0 ,0 ,0 ,0 ,0 ,,,0 ,,0 ,관리수수료,0 ,0 ,0 ,0 ,0 ,0 ,0 ,0 ,0 ,0 ,0 ,0 ,0 ,관리수수료,0 ,0 ,0 ,0 ,0 ,0 ,0 ,0 ,0 ,0 ,0 ,0 ,0 ,관리수수료,0 ,0 ,0 ,0 ,0 ,0 ,0 ,0 ,0 ,0 ,0 ,0 ,0 ,
영업운영비,0 ,0 ,0 ,0 ,0 ,0 ,0 ,0 ,,,0 ,,0 ,영업운영비,0 ,0 ,0 ,0 ,0 ,0 ,0 ,0 ,0 ,0 ,0 ,0 ,0 ,영업운영비,0 ,0 ,0 ,0 ,0 ,0 ,0 ,0 ,0 ,0 ,0 ,0 ,0 ,영업운영비,0 ,0 ,0 ,0 ,0 ,0 ,0 ,0 ,0 ,0 ,0 ,0 ,0 ,
감가상각비,"9,949,258,258 ","7,530,108,354 ","3,123,263,271 ",0 ,0 ,"157,118,578 ","110,470,958 ","20,870,219,419 ",,,"20,870,219,419 ",,"20,870,219,419 ",감가상각비,"10,398,973,145 ","6,022,383,927 ","1,876,475,464 ",0 ,0 ,"162,176,779 ","113,651,379 ","18,573,660,694 ",0 ,0 ,"39,443,880,113 ","20,870,219,419 ","18,573,660,694 ",감가상각비,"10,040,316,916 ","5,370,047,424 ","3,005,648,204 ",0 ,0 ,"162,346,967 ","110,354,848 ","18,688,714,359 ",0 ,0 ,"58,132,594,472 ","39,443,880,113 ","18,688,714,359 ",감가상각비,"9,885,802,381 ","5,696,844,787 ","3,451,756,995 ",0 ,0 ,"162,559,445 ","115,409,856 ","19,312,373,464 ",0 ,0 ,"77,444,967,936 ","58,132,594,472 ","19,312,373,464 ",
무형자산상각비,"2,846,079,182 ","99,347,027 ",0 ,0 ,0 ,"7,950,000 ","8,518,631 ","2,961,894,840 ","675,936,089 ",0 ,"3,637,830,929 ",,"3,637,830,929 ",무형자산상각비,"2,774,037,425 ","98,504,675 ",0 ,0 ,0 ,"7,950,000 ","8,228,706 ","2,888,720,806 ","652,931,200 ",0 ,"7,179,482,935 ","3,637,830,929 ","3,541,652,006 ",무형자산상각비,"2,809,945,765 ","98,209,828 ","3,537,733 ",0 ,0 ,"10,146,150 ","8,107,143 ","2,929,946,619 ","643,285,340 ",0 ,"10,752,714,894 ","7,179,482,935 ","3,573,231,959 ",무형자산상각비,"2,835,943,605 ","103,876,756 ","11,727,899 ",0 ,0 ,"14,538,448 ","4,342,505 ","2,970,429,213 ","679,099,192 ",0 ,"14,402,243,299 ","10,752,714,894 ","3,649,528,405 ",
도서인쇄비,"44,594,937 ",0 ,0 ,0 ,0 ,"127,540 ",0 ,"44,722,477 ",,,"44,722,477 ",,"44,722,477 ",도서인쇄비,"16,955,321 ",0 ,0 ,0 ,0 ,"146,665 ",0 ,"17,101,986 ",0 ,0 ,"61,824,463 ","44,722,477 ","17,101,986 ",도서인쇄비,"56,658,356 ",0 ,0 ,0 ,0 ,"149,605 ",0 ,"56,807,961 ",0 ,0 ,"118,632,424 ","61,824,463 ","56,807,961 ",도서인쇄비,"47,647,270 ",0 ,0 ,0 ,0 ,"98,575 ",0 ,"47,745,845 ",0 ,0 ,"166,378,269 ","118,632,424 ","47,745,845 ",
경상개발비,0 ,0 ,0 ,0 ,0 ,0 ,0 ,0 ,,,0 ,,0 ,경상개발비,0 ,0 ,0 ,0 ,0 ,0 ,0 ,0 ,0 ,0 ,0 ,0 ,0 ,경상개발비,0 ,0 ,0 ,0 ,0 ,0 ,0 ,0 ,0 ,0 ,0 ,0 ,0 ,경상개발비,0 ,0 ,0 ,0 ,0 ,0 ,0 ,0 ,0 ,0 ,0 ,0 ,0 ,
수선비,0 ,0 ,"169,069,140 ",0 ,0 ,0 ,0 ,"169,069,140 ",,,"169,069,140 ",,"169,069,140 ",수선비,"38,933,000 ",0 ,"117,595,662 ",0 ,0 ,0 ,0 ,"156,528,662 ",0 ,0 ,"325,597,802 ","169,069,140 ","156,528,662 ",수선비,"29,548,456 ",0 ,"108,094,252 ",0 ,0 ,0 ,0 ,"137,642,708 ",0 ,0 ,"463,240,510 ","325,597,802 ","137,642,708 ",수선비,"15,604,400 ",0 ,"136,105,006 ",0 ,0 ,0 ,0 ,"151,709,406 ",0 ,0 ,"614,949,916 ","463,240,510 ","151,709,406 ",
아티스트개발비,0 ,0 ,0 ,0 ,0 ,"48,328,564 ",0 ,"48,328,564 ",,,"48,328,564 ",,"48,328,564 ",아티스트개발비,0 ,0 ,0 ,0 ,0 ,"43,770,000 ",0 ,"43,770,000 ",0 ,0 ,"92,098,564 ","48,328,564 ","43,770,000 ",아티스트개발비,0 ,0 ,0 ,0 ,0 ,"51,016,970 ",0 ,"51,016,970 ",0 ,0 ,"143,115,534 ","92,098,564 ","51,016,970 ",아티스트개발비,0 ,0 ,0 ,0 ,0 ,"43,004,060 ",0 ,"43,004,060 ",0 ,0 ,"186,119,594 ","143,115,534 ","43,004,060 ",
판매촉진비,0 ,0 ,0 ,0 ,0 ,0 ,0 ,0 ,,,0 ,,0 ,판매촉진비,0 ,0 ,0 ,0 ,0 ,0 ,0 ,0 ,0 ,0 ,0 ,0 ,0 ,판매촉진비,0 ,0 ,0 ,0 ,0 ,0 ,0 ,0 ,0 ,0 ,0 ,0 ,0 ,판매촉진비,0 ,0 ,0 ,0 ,0 ,0 ,0 ,0 ,0 ,0 ,0 ,0 ,0 ,
판매수수료,0 ,0 ,0 ,0 ,0 ,0 ,0 ,0 ,,,0 ,,0 ,판매수수료,0 ,0 ,0 ,0 ,0 ,0 ,0 ,0 ,0 ,0 ,0 ,0 ,0 ,판매수수료,0 ,0 ,0 ,0 ,0 ,0 ,0 ,0 ,0 ,0 ,0 ,0 ,0 ,판매수수료,0 ,0 ,0 ,0 ,0 ,0 ,0 ,0 ,0 ,0 ,0 ,0 ,0 ,
판매장려금,0 ,0 ,0 ,0 ,0 ,0 ,0 ,0 ,,,0 ,,0 ,판매장려금,0 ,0 ,0 ,0 ,0 ,0 ,0 ,0 ,0 ,0 ,0 ,0 ,0 ,판매장려금,0 ,0 ,0 ,0 ,0 ,0 ,0 ,0 ,0 ,0 ,0 ,0 ,0 ,판매장려금,0 ,0 ,0 ,0 ,0 ,0 ,0 ,0 ,0 ,0 ,0 ,0 ,0 ,
수출제비용,0 ,0 ,0 ,0 ,0 ,0 ,0 ,0 ,,,0 ,,0 ,수출제비용,0 ,0 ,0 ,0 ,0 ,0 ,0 ,0 ,0 ,0 ,0 ,0 ,0 ,수출제비용,0 ,0 ,0 ,0 ,0 ,0 ,0 ,0 ,0 ,0 ,0 ,0 ,0 ,수출제비용,0 ,0 ,0 ,0 ,0 ,0 ,0 ,0 ,0 ,0 ,0 ,0 ,0 ,
잡비,0 ,0 ,0 ,0 ,0 ,0 ,0 ,0 ,,,0 ,,0 ,잡비,0 ,0 ,0 ,0 ,0 ,0 ,0 ,0 ,0 ,0 ,0 ,0 ,0 ,잡비,0 ,0 ,0 ,0 ,0 ,0 ,0 ,0 ,0 ,0 ,0 ,0 ,0 ,잡비,0 ,0 ,0 ,0 ,0 ,0 ,0 ,0 ,0 ,0 ,0 ,0 ,0 ,
해외시장개척비,0 ,0 ,0 ,0 ,0 ,0 ,0 ,0 ,,,0 ,,0 ,해외시장개척비,0 ,0 ,0 ,0 ,0 ,0 ,0 ,0 ,0 ,0 ,0 ,0 ,0 ,해외시장개척비,0 ,0 ,0 ,0 ,0 ,0 ,0 ,0 ,0 ,0 ,0 ,0 ,0 ,해외시장개척비,0 ,0 ,0 ,0 ,0 ,0 ,0 ,0 ,0 ,0 ,0 ,0 ,0 ,
용역료,0 ,0 ,0 ,0 ,0 ,0 ,0 ,0 ,,,0 ,,0 ,용역료,0 ,0 ,0 ,0 ,0 ,0 ,0 ,0 ,0 ,0 ,0 ,0 ,0 ,용역료,0 ,0 ,0 ,0 ,0 ,0 ,0 ,0 ,0 ,0 ,0 ,0 ,0 ,용역료,0 ,0 ,0 ,0 ,0 ,0 ,0 ,0 ,0 ,0 ,0 ,0 ,0 ,
Ⅴ.영업이익,"111,977,545,252 ","6,110,472,841 ","2,558,770 ","12,495,708 ",0 ,"(1,537,716,713)","996,139,905 ","117,561,495,763 ",,,"123,616,388,059 ",,"123,616,388,060 ",Ⅴ.영업이익,"80,599,566,908 ","(340,051,318)","187,309,764 ","(4,009,340)",0 ,"(1,755,465,929)","993,614,363 ","79,680,964,448 ",0 ,0 ,"207,646,289,939 ","123,616,388,060 ","84,029,901,879 ",Ⅴ.영업이익,"192,567,847,205 ","30,053,076,130 ","(1,246,223,764)","(16,501,510)",0 ,"(2,746,936,516)","5,429,925,183 ","224,041,186,728 ",0 ,0 ,"335,665,968,008 ","207,646,289,939 ","128,019,678,069 ",Ⅴ.영업이익,"139,306,858,254 ","4,385,823,840 ","2,673,435,580 ","25,716,156 ",0 ,"(2,666,823,370)","(8,787,521,745)","134,937,488,715 ",0 ,0 ,"468,542,949,709 ","335,665,968,008 ","132,876,981,700 ",
Ⅵ.영업외수익,"12,691,643,137 ","977,547,590 ","71,474,920 ","180,760 ",0 ,"21,043,340 ","15,213,374 ","13,777,103,121 ",,,"12,514,628,551 ",,"12,514,628,551 ",Ⅵ.영업외수익,"14,032,798,845 ","392,141,631 ","232,868,526 ","(122,378)",0 ,"22,232,694 ","(187,811,623)","14,492,107,695 ",0 ,0 ,"26,459,306,159 ","12,514,628,551 ","13,944,677,608 ",Ⅵ.영업외수익,"14,084,717,853 ","143,246,236 ","18,501,711 ","17,735 ",0 ,"20,401,205 ","10,311,217 ","14,277,195,957 ",0 ,0 ,"41,878,312,353 ","26,459,306,159 ","15,419,006,194 ",Ⅵ.영업외수익,"11,481,652,628 ","244,041,582 ","55,551,117 ","5,888,727 ",0 ,"21,163,353 ","2,048,229,756 ","13,856,527,163 ",0 ,0 ,"133,995,913,179 ","41,878,312,353 ","92,117,600,826 ",
이자수익,"1,101,527,270 ","228,929,219 ","40,226,099 ","4,757 ",0 ,"19,611,856 ","15,213,374 ","1,405,512,575 ","391,738,822 ",,"1,013,773,753 ",,"1,013,773,753 ",이자수익,"825,666,898 ","165,158,010 ","40,802,163 ","4,177 ",0 ,"21,657,139 ","(187,811,623)","865,476,764 ","386,145,828 ",0 ,"1,493,104,689 ","1,013,773,753 ","479,330,936 ",이자수익,"1,304,070,010 ","118,408,675 ","41,607,183 ","11,200 ",0 ,"20,275,180 ","10,311,217 ","1,494,683,465 ","579,819,063 ",0 ,"2,407,969,091 ","1,493,104,689 ","914,864,402 ",이자수익,"1,736,673,267 ","164,319,864 ","47,262,403 ","10,662 ",0 ,"21,099,469 ","61,511,424 ","2,030,877,089 ","727,033,606 ",0 ,"3,711,812,574 ","2,407,969,091 ","1,303,843,483 ",
수수료수익,"543,500,473 ",0 ,0 ,0 ,0 ,0 ,0 ,"543,500,473 ","170,832,061 ",,"372,668,412 ",,"372,668,412 ",수수료수익,"536,349,518 ",0 ,0 ,0 ,0 ,0 ,0 ,"536,349,518 ","161,110,825 ",0 ,"747,907,105 ","372,668,412 ","375,238,693 ",수수료수익,"(540,390,915)",0 ,0 ,0 ,0 ,0 ,0 ,"(540,390,915)","(1,017,503,268)",0 ,"1,225,019,458 ","747,907,105 ","477,112,353 ",수수료수익,"630,708,905 ",0 ,0 ,0 ,0 ,0 ,0 ,"630,708,905 ","264,316,575 ",0 ,"1,591,411,788 ","1,225,019,458 ","366,392,330 ",
임대료수익,0 ,0 ,0 ,0 ,0 ,0 ,0 ,0 ,,,0 ,,0 ,임대료수익,0 ,0 ,0 ,0 ,0 ,0 ,0 ,0 ,0 ,0 ,0 ,0 ,0 ,임대료수익,0 ,0 ,0 ,0 ,0 ,0 ,0 ,0 ,0 ,0 ,0 ,0 ,0 ,임대료수익,0 ,0 ,0 ,0 ,0 ,0 ,0 ,0 ,0 ,0 ,0 ,0 ,0 ,
외화환산이익,"1,001,353,115 ",0 ,0 ,0 ,0 ,0 ,0 ,"1,001,353,115 ",,,"1,001,353,115 ",,"1,001,353,115 ",외화환산이익,"167,012,175 ",0 ,0 ,0 ,0 ,0 ,0 ,"167,012,175 ",0 ,0 ,"1,168,365,290 ","1,001,353,115 ","167,012,175 ",외화환산이익,"924,610,604 ",0 ,0 ,0 ,0 ,0 ,0 ,"924,610,604 ","62,600,000 ",0 ,"2,030,375,894 ","1,168,365,290 ","862,010,604 ",외화환산이익,"1,664,385,790 ",0 ,0 ,0 ,0 ,0 ,0 ,"1,664,385,790 ","217,500,000 ",0 ,"3,477,261,684 ","2,030,375,894 ","1,446,885,790 ",
외환차익,"8,278,280,003 ",0 ,"21,042,650 ","176,003 ",0 ,"1,410,715 ",0 ,"8,300,909,371 ",,,"8,300,909,371 ",,"8,300,909,371 ",외환차익,"3,005,976,653 ",0 ,"184,732,046 ","(126,944)",0 ,"561,202 ",0 ,"3,191,142,957 ",0 ,0 ,"11,492,052,328 ","8,300,909,371 ","3,191,142,957 ",외환차익,"6,810,876,537 ",0 ,"(29,905,186)",(882),0 ,"120,371 ",0 ,"6,781,090,840 ",0 ,0 ,"18,273,143,168 ","11,492,052,328 ","6,781,090,840 ",외환차익,"7,985,680,239 ",0 ,"(8,999,107)","5,734,444 ",0 ,"49,753 ",0 ,"7,982,465,329 ",0 ,0 ,"26,255,608,497 ","18,273,143,168 ","7,982,465,329 ",
배당금수익,"336,911,656 ",0 ,0 ,0 ,0 ,0 ,0 ,"336,911,656 ",0 ,,"336,911,656 ",,"336,911,656 ",배당금수익,"36,548,153 ",0 ,0 ,0 ,0 ,0 ,0 ,"36,548,153 ",0 ,0 ,"373,459,809 ","336,911,656 ","36,548,153 ",배당금수익,"10,266,590,295 ",0 ,0 ,0 ,0 ,0 ,0 ,"10,266,590,295 ","9,785,000,000 ",0 ,"855,050,104 ","373,459,809 ","481,590,295 ",배당금수익,"99,657,895 ",0 ,0 ,0 ,0 ,0 ,0 ,"99,657,895 ",0 ,0 ,"954,707,999 ","855,050,104 ","99,657,895 ",
대손충당금환입,"4,409,166 ",0 ,0 ,0 ,0 ,0 ,0 ,"4,409,166 ",0 ,,"4,409,166 ",,"4,409,166 ",대손충당금환입,"(4,409,166)",0 ,0 ,0 ,0 ,0 ,0 ,"(4,409,166)",0 ,0 ,0 ,"4,409,166 ","(4,409,166)",대손충당금환입,0 ,0 ,0 ,0 ,0 ,0 ,0 ,0 ,0 ,0 ,0 ,0 ,0 ,대손충당금환입,0 ,0 ,0 ,0 ,0 ,0 ,0 ,0 ,0 ,0 ,0 ,0 ,0 ,
무형자산손상차손환입,0 ,0 ,0 ,0 ,0 ,0 ,0 ,0 ,,,0 ,,0 ,무형자산손상차손환입,0 ,0 ,0 ,0 ,0 ,0 ,0 ,0 ,0 ,0 ,0 ,0 ,0 ,무형자산손상차손환입,0 ,0 ,0 ,0 ,0 ,0 ,0 ,0 ,0 ,0 ,0 ,0 ,0 ,무형자산손상차손환입,0 ,0 ,0 ,0 ,0 ,0 ,0 ,0 ,0 ,0 ,0 ,0 ,0 ,
투자부동산처분이익,0 ,0 ,0 ,0 ,0 ,0 ,0 ,0 ,,,0 ,,0 ,투자부동산처분이익,0 ,0 ,0 ,0 ,0 ,0 ,0 ,0 ,0 ,0 ,0 ,0 ,0 ,투자부동산처분이익,0 ,0 ,0 ,0 ,0 ,0 ,0 ,0 ,0 ,0 ,0 ,0 ,0 ,투자부동산처분이익,0 ,0 ,0 ,0 ,0 ,0 ,0 ,0 ,0 ,0 ,0 ,0 ,0 ,
유형자산처분이익,0 ,0 ,0 ,0 ,0 ,0 ,0 ,0 ,,,0 ,,0 ,유형자산처분이익,0 ,0 ,0 ,0 ,0 ,0 ,0 ,0 ,0 ,0 ,0 ,0 ,0 ,유형자산처분이익,0 ,0 ,0 ,0 ,0 ,0 ,0 ,0 ,0 ,0 ,0 ,0 ,0 ,유형자산처분이익,0 ,0 ,0 ,0 ,0 ,0 ,0 ,0 ,0 ,0 ,0 ,0 ,0 ,
무형자산처분이익,0 ,0 ,0 ,0 ,0 ,0 ,0 ,0 ,,,0 ,,0 ,무형자산처분이익,0 ,0 ,0 ,0 ,0 ,0 ,0 ,0 ,0 ,0 ,0 ,0 ,0 ,무형자산처분이익,0 ,0 ,0 ,0 ,0 ,0 ,0 ,0 ,0 ,0 ,0 ,0 ,0 ,무형자산처분이익,0 ,0 ,0 ,0 ,0 ,0 ,0 ,0 ,0 ,0 ,0 ,0 ,0 ,
금융보증부채환입액,0 ,0 ,0 ,0 ,0 ,0 ,0 ,0 ,,,0 ,,0 ,금융보증부채환입액,0 ,0 ,0 ,0 ,0 ,0 ,0 ,0 ,0 ,0 ,0 ,0 ,0 ,금융보증부채환입액,0 ,0 ,0 ,0 ,0 ,0 ,0 ,0 ,0 ,0 ,0 ,0 ,0 ,금융보증부채환입액,0 ,0 ,0 ,0 ,0 ,0 ,0 ,0 ,0 ,0 ,0 ,0 ,0 ,
잡이익,"1,204,678,292 ","748,618,371 ","10,206,171 ",0 ,0 ,"20,769 ",0 ,"1,963,523,603 ","699,903,687 ",,"1,263,619,916 ",,"1,263,619,916 ",잡이익,"782,569,956 ","226,983,621 ","7,334,317 ",389 ,0 ,"14,353 ",0 ,"1,016,902,636 ","173,434 ",0 ,"2,280,349,118 ","1,263,619,916 ","1,016,729,202 ",잡이익,"718,517,506 ","24,837,561 ","6,799,714 ","7,417 ",0 ,"5,654 ",0 ,"750,167,852 ","(72,071)",293 ,"3,030,589,334 ","2,280,349,118 ","750,240,216 ",잡이익,"238,935,879 ","79,721,718 ","17,287,821 ","143,621 ",0 ,"14,131 ","1,986,718,332 ","2,322,821,502 ","(51,475)",0 ,"5,353,462,311 ","3,030,589,334 ","2,322,872,977 ",
단기매매증권평가이익,0 ,0 ,0 ,0 ,0 ,0 ,0 ,0 ,,,0 ,,0 ,단기매매증권평가이익,0 ,0 ,0 ,0 ,0 ,0 ,0 ,0 ,0 ,0 ,0 ,0 ,0 ,단기매매증권평가이익,0 ,0 ,0 ,0 ,0 ,0 ,0 ,0 ,0 ,0 ,0 ,0 ,0 ,단기매매증권평가이익,0 ,0 ,0 ,0 ,0 ,0 ,0 ,0 ,0 ,0 ,0 ,0 ,0 ,
단기매매증권처분이익,0 ,0 ,0 ,0 ,0 ,0 ,0 ,0 ,,,0 ,,0 ,단기매매증권처분이익,0 ,0 ,0 ,0 ,0 ,0 ,0 ,0 ,0 ,0 ,0 ,0 ,0 ,단기매매증권처분이익,0 ,0 ,0 ,0 ,0 ,0 ,0 ,0 ,0 ,0 ,0 ,0 ,0 ,단기매매증권처분이익,0 ,0 ,0 ,0 ,0 ,0 ,0 ,0 ,0 ,0 ,0 ,0 ,0 ,
파생상품평가이익,0 ,0 ,0 ,0 ,0 ,0 ,0 ,0 ,,,0 ,,0 ,파생상품평가이익,"7,820,651,231 ",0 ,0 ,0 ,0 ,0 ,0 ,"7,820,651,231 ",0 ,0 ,"7,820,651,231 ",0 ,"7,820,651,231 ",파생상품평가이익,"(6,650,220,933)",0 ,0 ,0 ,0 ,0 ,0 ,"(6,650,220,933)",0 ,0 ,"1,170,430,298 ","7,820,651,231 ","(6,650,220,933)",파생상품평가이익,"(1,170,430,298)",0 ,0 ,0 ,0 ,0 ,0 ,"(1,170,430,298)",0 ,0 ,0 ,"1,170,430,298 ","(1,170,430,298)",
당기손익-공정가치측정금융자산 평가이익,0 ,0 ,0 ,0 ,0 ,0 ,0 ,0 ,,,0 ,,0 ,당기손익-공정가치측정금융자산 평가이익,0 ,0 ,0 ,0 ,0 ,0 ,0 ,0 ,0 ,0 ,0 ,0 ,0 ,당기손익-공정가치측정금융자산 평가이익,0 ,0 ,0 ,0 ,0 ,0 ,0 ,0 ,0 ,0 ,0 ,0 ,0 ,당기손익-공정가치측정금융자산 평가이익,"292,064,653 ",0 ,0 ,0 ,0 ,0 ,0 ,"292,064,653 ",0 ,0 ,"292,064,653 ",0 ,"292,064,653 ",
당기손익인식금융자산처분이익,"159,469,175 ",0 ,0 ,0 ,0 ,0 ,0 ,"159,469,175 ",,,"159,469,175 ",,"159,469,175 ",당기손익인식금융자산처분이익,0 ,0 ,0 ,0 ,0 ,0 ,0 ,0 ,0 ,0 ,"159,469,175 ","159,469,175 ",0 ,당기손익인식금융자산처분이익,"84,156,933 ",0 ,0 ,0 ,0 ,0 ,0 ,"84,156,933 ",0 ,0 ,"243,626,108 ","159,469,175 ","84,156,933 ",당기손익인식금융자산처분이익,"2,356,298 ",0 ,0 ,0 ,0 ,0 ,0 ,"2,356,298 ",0 ,0 ,"245,982,406 ","243,626,108 ","2,356,298 ",
파생상품거래이익,"61,513,987 ",0 ,0 ,0 ,0 ,0 ,0 ,"61,513,987 ",,,"61,513,987 ",,"61,513,987 ",파생상품거래이익,"862,433,427 ",0 ,0 ,0 ,0 ,0 ,0 ,"862,433,427 ",0 ,0 ,"923,947,414 ","61,513,987 ","862,433,427 ",파생상품거래이익,"1,166,507,816 ",0 ,0 ,0 ,0 ,0 ,0 ,"1,166,507,816 ",0 ,0 ,"2,090,455,230 ","923,947,414 ","1,166,507,816 ",파생상품거래이익,"1,620,000 ",0 ,0 ,0 ,0 ,0 ,0 ,"1,620,000 ",0 ,0 ,"2,092,075,230 ","2,090,455,230 ","1,620,000 ",
지분법이익,0 ,0 ,0 ,0 ,0 ,0 ,0 ,0 ,,,0 ,,0 ,지분법이익,0 ,0 ,0 ,0 ,0 ,0 ,0 ,0 ,0 ,0 ,0 ,0 ,0 ,지분법이익,0 ,0 ,0 ,0 ,0 ,0 ,0 ,0 ,0 ,"10,551,653,668 ","10,551,653,668 ",0 ,"10,551,653,668 ",지분법이익,0 ,0 ,0 ,0 ,0 ,0 ,0 ,0 ,0 ,"79,469,872,369 ","90,021,526,037 ","10,551,653,668 ","79,469,872,369 ",
관계기업투자주식처분이익,0 ,0 ,0 ,0 ,0 ,0 ,0 ,0 ,0 ,0 ,0 ,,0 ,관계기업투자주식처분이익,0 ,0 ,0 ,0 ,0 ,0 ,0 ,0 ,0 ,0 ,0 ,0 ,0 ,관계기업투자주식처분이익,0 ,0 ,0 ,0 ,0 ,0 ,0 ,0 ,0 ,0 ,0 ,0 ,0 ,관계기업투자주식처분이익,0 ,0 ,0 ,0 ,0 ,0 ,0 ,0 ,0 ,0 ,0 ,0 ,0 ,
종속기업투자주식처분이익,0 ,0 ,0 ,0 ,0 ,0 ,0 ,0 ,0 ,0 ,0 ,,0 ,종속기업투자주식처분이익,0 ,0 ,0 ,0 ,0 ,0 ,0 ,0 ,0 ,0 ,0 ,0 ,0 ,종속기업투자주식처분이익,0 ,0 ,0 ,0 ,0 ,0 ,0 ,0 ,0 ,0 ,0 ,0 ,0 ,종속기업투자주식처분이익,0 ,0 ,0 ,0 ,0 ,0 ,0 ,0 ,0 ,0 ,0 ,0 ,0 ,
Ⅶ.영업외비용,"19,386,622,299 ","2,102,888,200 ","223,014,139 ","53,448 ",0 ,"238,620,166 ","3,890,129,295 ","25,841,327,547 ",,,"25,467,663,703 ",,"25,467,663,703 ",Ⅶ.영업외비용,"7,672,053,883 ","1,952,328,678 ","6,485,763 ","509,752 ",0 ,"268,002,746 ","2,995,705,798 ","12,895,086,620 ",0 ,0 ,"37,359,382,071 ","25,467,663,703 ","11,891,718,368 ",Ⅶ.영업외비용,"4,802,493,643 ","1,284,974,887 ","159,344,906 ","244,520 ",0 ,"305,813,273 ","2,833,571,357 ","9,386,442,586 ",0 ,0 ,"45,520,265,515 ","37,359,382,071 ","8,160,883,444 ",Ⅶ.영업외비용,"12,737,704,917 ","1,318,778,874 ","197,205,008 ","14,322,317 ",0 ,"302,213,547 ","(5,308,412,154)","9,261,812,509 ",0 ,0 ,"60,492,530,326 ","45,520,265,515 ","14,972,264,811 ",
이자비용,"2,073,471,212 ","1,013,253,858 ","200,756,592 ",0 ,0 ,"237,435,490 ","213,184,857 ","3,738,102,009 ",,"391,738,822 ","3,346,363,187 ",,"3,346,363,187 ",이자비용,"1,900,392,033 ","546,189,646 ","(32,487,487)",0 ,0 ,"267,877,502 ","241,397,986 ","2,923,369,680 ",0 ,"386,145,828 ","5,883,587,039 ","3,346,363,187 ","2,537,223,852 ",이자비용,"1,691,894,013 ","704,662,079 ","158,654,927 ",0 ,0 ,"301,823,722 ","287,680,931 ","3,144,715,672 ",0 ,"579,819,063 ","8,448,483,648 ","5,883,587,039 ","2,564,896,609 ",이자비용,"1,637,995,167 ","1,280,412,785 ","179,030,703 ",0 ,0 ,"301,882,188 ","438,663,504 ","3,837,984,347 ",0 ,"727,033,606 ","11,559,434,389 ","8,448,483,648 ","3,110,950,741 ",
외화환산손실,"1,102,061,548 ",0 ,0 ,0 ,0 ,0 ,0 ,"1,102,061,548 ",,"44,500,000 ","1,057,561,548 ",,"1,057,561,548 ",외화환산손실,"5,041,503,759 ",0 ,0 ,0 ,0 ,0 ,0 ,"5,041,503,759 ",0 ,"1,431,300,000 ","4,667,765,307 ","1,057,561,548 ","3,610,203,759 ",외화환산손실,"(2,456,495,068)",0 ,0 ,0 ,0 ,0 ,0 ,"(2,456,495,068)",0 ,"(595,400,000)","2,806,670,239 ","4,667,765,307 ","(1,861,095,068)",외화환산손실,"1,174,767,827 ",0 ,0 ,0 ,0 ,0 ,"41,155,804 ","1,215,923,631 ",0 ,"244,500,000 ","3,778,093,870 ","2,806,670,239 ","971,423,631 ",
외환차손,"11,418,816,616 ","54,772 ","22,114,932 ","53,448 ",0 ,"1,184,665 ","105,190,755 ","11,547,415,188 ",,0 ,"11,547,415,188 ",,"11,547,415,188 ",외환차손,"3,118,833,661 ",(748),"(5,432,311)","509,752 ",0 ,"124,848 ","163,814,245 ","3,277,849,447 ",0 ,0 ,"14,825,264,635 ","11,547,415,188 ","3,277,849,447 ",외환차손,"3,623,530,286 ",(229),"1,015,993 ","208,171 ",0 ,"3,989,548 ","(175,886,028)","3,452,857,741 ","199,843,919 ",0 ,"18,477,966,295 ","14,825,264,635 ","3,652,701,660 ",외환차손,"4,104,788,594 ",622 ,"(197,192)","12,969,962 ",0 ,"331,354 ","(323,604,208)","3,794,289,132 ","(2,393,535)",0 ,"22,269,861,892 ","18,477,966,295 ","3,791,895,597 ",
기타의대손상각비,0 ,0 ,0 ,0 ,0 ,0 ,0 ,0 ,,0 ,0 ,,0 ,기타의대손상각비,"9,272,320 ",0 ,0 ,0 ,0 ,0 ,0 ,"9,272,320 ",0 ,0 ,"9,272,320 ",0 ,"9,272,320 ",기타의대손상각비,"25,486,153 ",0 ,0 ,0 ,0 ,0 ,0 ,"25,486,153 ",0 ,0 ,"34,758,473 ","9,272,320 ","25,486,153 ",기타의대손상각비,"(25,655,721)",0 ,0 ,0 ,0 ,0 ,0 ,"(25,655,721)",0 ,0 ,"9,102,752 ","34,758,473 ","(25,655,721)",
금융보증비용,0 ,0 ,0 ,0 ,0 ,0 ,0 ,0 ,,,0 ,,0 ,금융보증비용,0 ,0 ,0 ,0 ,0 ,0 ,0 ,0 ,0 ,0 ,0 ,0 ,0 ,금융보증비용,0 ,0 ,0 ,0 ,0 ,0 ,0 ,0 ,0 ,0 ,0 ,0 ,0 ,금융보증비용,0 ,0 ,0 ,0 ,0 ,0 ,0 ,0 ,0 ,0 ,0 ,0 ,0 ,
기타의금융수수료,0 ,0 ,0 ,0 ,0 ,0 ,0 ,0 ,,,0 ,,0 ,기타의금융수수료,0 ,0 ,0 ,0 ,0 ,0 ,0 ,0 ,0 ,0 ,0 ,0 ,0 ,기타의금융수수료,0 ,0 ,0 ,0 ,0 ,0 ,0 ,0 ,0 ,0 ,0 ,0 ,0 ,기타의금융수수료,"59,988,320 ",0 ,0 ,0 ,0 ,0 ,0 ,"59,988,320 ",0 ,0 ,"59,988,320 ",0 ,"59,988,320 ",
무형자산폐기손실,0 ,0 ,0 ,0 ,0 ,0 ,0 ,0 ,,,0 ,,0 ,무형자산폐기손실,0 ,0 ,0 ,0 ,0 ,0 ,0 ,0 ,0 ,0 ,0 ,0 ,0 ,무형자산폐기손실,"426,500,000 ",0 ,0 ,0 ,0 ,0 ,0 ,"426,500,000 ",0 ,0 ,"426,500,000 ",0 ,"426,500,000 ",무형자산폐기손실,"1,923,811,125 ",0 ,0 ,0 ,0 ,0 ,0 ,"1,923,811,125 ","6,761,746,249 ",0 ,"9,112,057,374 ","426,500,000 ","8,685,557,374 ",
무형자산손상차손,0 ,0 ,0 ,0 ,0 ,0 ,0 ,0 ,,,0 ,,0 ,무형자산손상차손,0 ,0 ,0 ,0 ,0 ,0 ,0 ,0 ,0 ,0 ,0 ,0 ,0 ,무형자산손상차손,0 ,0 ,0 ,0 ,0 ,0 ,0 ,0 ,0 ,0 ,0 ,0 ,0 ,무형자산손상차손,0 ,0 ,0 ,0 ,0 ,0 ,0 ,0 ,0 ,0 ,0 ,0 ,0 ,
재고자산폐기손실,0 ,0 ,0 ,0 ,0 ,0 ,0 ,0 ,,,0 ,,0 ,재고자산폐기손실,0 ,0 ,0 ,0 ,0 ,0 ,0 ,0 ,0 ,0 ,0 ,0 ,0 ,재고자산폐기손실,0 ,0 ,0 ,0 ,0 ,0 ,0 ,0 ,0 ,0 ,0 ,0 ,0 ,재고자산폐기손실,0 ,0 ,0 ,0 ,0 ,0 ,0 ,0 ,0 ,0 ,0 ,0 ,0 ,
유형자산처분손실,"23,614,412 ","12,159,262 ",0 ,0 ,0 ,0 ,0 ,"35,773,674 ",,,"35,773,674 ",,"35,773,674 ",유형자산처분손실,0 ,"1,069,512,241 ",0 ,0 ,0 ,0 ,0 ,"1,069,512,241 ",0 ,0 ,"1,105,285,915 ","35,773,674 ","1,069,512,241 ",유형자산처분손실,0 ,"18,328,991 ","44,072,607 ",0 ,0 ,0 ,0 ,"62,401,598 ",0 ,0 ,"1,167,687,513 ","1,105,285,915 ","62,401,598 ",유형자산처분손실,0 ,"14,281,813 ","18,370,302 ",0 ,0 ,0 ,0 ,"32,652,115 ",0 ,0 ,"1,200,339,628 ","1,167,687,513 ","32,652,115 ",
유형자산폐기손실,"187,600,548 ",0 ,0 ,0 ,0 ,0 ,0 ,"187,600,548 ",,,"187,600,548 ",,"187,600,548 ",유형자산폐기손실,"232,701,568 ",0 ,"44,403,816 ",0 ,0 ,0 ,0 ,"277,105,384 ",0 ,0 ,"464,705,932 ","187,600,548 ","277,105,384 ",유형자산폐기손실,"633,225,341 ",0 ,"(44,403,816)",0 ,0 ,0 ,0 ,"588,821,525 ",0 ,0 ,"1,053,527,457 ","464,705,932 ","588,821,525 ",유형자산폐기손실,"365,072,074 ",0 ,0 ,0 ,0 ,0 ,0 ,"365,072,074 ",0 ,0 ,"1,418,599,531 ","1,053,527,457 ","365,072,074 ",
유형자산손상차손,0 ,0 ,0 ,0 ,0 ,0 ,0 ,0 ,,,0 ,,0 ,유형자산손상차손,0 ,0 ,0 ,0 ,0 ,0 ,0 ,0 ,0 ,0 ,0 ,0 ,0 ,유형자산손상차손,0 ,0 ,0 ,0 ,0 ,0 ,0 ,0 ,0 ,0 ,0 ,0 ,0 ,유형자산손상차손,0 ,0 ,0 ,0 ,0 ,0 ,0 ,0 ,0 ,0 ,0 ,0 ,0 ,
무형자산처분손실,0 ,0 ,0 ,0 ,0 ,0 ,0 ,0 ,,,0 ,,0 ,무형자산처분손실,0 ,0 ,0 ,0 ,0 ,0 ,0 ,0 ,0 ,0 ,0 ,0 ,0 ,무형자산처분손실,0 ,0 ,0 ,0 ,0 ,0 ,0 ,0 ,0 ,0 ,0 ,0 ,0 ,무형자산처분손실,0 ,0 ,0 ,0 ,0 ,0 ,0 ,0 ,0 ,0 ,0 ,0 ,0 ,
기부금,"5,074,502 ",0 ,0 ,0 ,0 ,0 ,0 ,"5,074,502 ",,,"5,074,502 ",,"5,074,502 ",기부금,0 ,0 ,0 ,0 ,0 ,0 ,0 ,0 ,0 ,0 ,"5,074,502 ","5,074,502 ",0 ,기부금,"77,867,158 ",0 ,0 ,0 ,0 ,0 ,0 ,"77,867,158 ",0 ,0 ,"82,941,660 ","5,074,502 ","77,867,158 ",기부금,"(18,853,698)",0 ,0 ,0 ,0 ,0 ,0 ,"(18,853,698)",0 ,0 ,"64,087,962 ","82,941,660 ","(18,853,698)",
지분법손실,0 ,0 ,0 ,0 ,0 ,0 ,0 ,0 ,"766,159,937 ",,"766,159,937 ",,"766,159,937 ",지분법손실,0 ,0 ,0 ,0 ,0 ,0 ,0 ,0 ,"827,988,394 ",0 ,"1,594,148,331 ","766,159,937 ","827,988,394 ",지분법손실,0 ,0 ,0 ,0 ,0 ,0 ,0 ,0 ,"(1,435,450,655)",0 ,"158,697,676 ","1,594,148,331 ","(1,435,450,655)",지분법손실,0 ,0 ,0 ,0 ,0 ,0 ,0 ,0 ,"38,536,530 ",0 ,"197,234,206 ","158,697,676 ","38,536,530 ",
파생상품평가손실,"3,114,962,224 ",0 ,0 ,0 ,0 ,0 ,0 ,"3,114,962,224 ",,,"3,114,962,224 ",,"3,114,962,224 ",파생상품평가손실,"(3,114,962,224)",0 ,0 ,0 ,0 ,0 ,0 ,"(3,114,962,224)",0 ,0 ,0 ,"3,114,962,224 ","(3,114,962,224)",파생상품평가손실,0 ,0 ,0 ,0 ,0 ,0 ,0 ,0 ,0 ,0 ,0 ,0 ,0 ,파생상품평가손실,0 ,0 ,0 ,0 ,0 ,0 ,0 ,0 ,0 ,0 ,0 ,0 ,0 ,
파생상품거래손실,"280,408,753 ",0 ,0 ,0 ,0 ,0 ,0 ,"280,408,753 ",,,"280,408,753 ",,"280,408,753 ",파생상품거래손실,"69,194,885 ",0 ,0 ,0 ,0 ,0 ,0 ,"69,194,885 ",0 ,0 ,"349,603,638 ","280,408,753 ","69,194,885 ",파생상품거래손실,"90,292,144 ",0 ,0 ,0 ,0 ,0 ,0 ,"90,292,144 ",0 ,0 ,"439,895,782 ","349,603,638 ","90,292,144 ",파생상품거래손실,"3,004,347,175 ",0 ,0 ,0 ,0 ,0 ,0 ,"3,004,347,175 ",0 ,0 ,"3,444,242,957 ","439,895,782 ","3,004,347,175 ",
잡손실,"211,026,043 ","1,077,420,308 ","142,615 ",0 ,0 ,11 ,"3,571,753,683 ","4,860,342,660 ",1 ,"703,584,960 ","4,156,757,701 ",,"4,156,757,701 ",잡손실,"460,620,488 ","336,627,539 ","1,745 ",0 ,0 ,396 ,"2,590,493,567 ","3,387,743,735 ",(1),"13,910,817 ","7,530,590,618 ","4,156,757,701 ","3,373,832,917 ",잡손실,"105,959,097 ","561,984,046 ","5,195 ","36,349 ",0 ,3 ,"2,721,776,454 ","3,389,761,144 ",0 ,"5,533,343 ","10,914,818,419 ","7,530,590,618 ","3,384,227,801 ",잡손실,"417,428,758 ","24,083,654 ","1,195 ","1,352,355 ",0 ,5 ,"(5,464,627,254)","(5,021,761,287)",0 ,"115,903,336 ","5,777,153,796 ","10,914,818,419 ","(5,137,664,623)",
소송충당부채전입액,,,,,0 ,,0 ,0 ,,,0 ,,0 ,소송충당부채전입액,0 ,0 ,0 ,0 ,0 ,0 ,0 ,0 ,0 ,0 ,0 ,0 ,0 ,소송충당부채전입액,0 ,0 ,0 ,0 ,0 ,0 ,0 ,0 ,0 ,0 ,0 ,0 ,0 ,소송충당부채전입액,0 ,0 ,0 ,0 ,0 ,0 ,0 ,0 ,0 ,0 ,0 ,0 ,0 ,
당기손익-공정가치측정금융자산 평가손실,"932,510,941 ",0 ,0 ,0 ,0 ,0 ,0 ,"932,510,941 ",,,"932,510,941 ",,"932,510,941 ",당기손익-공정가치측정금융자산 평가손실,"(45,502,607)",0 ,0 ,0 ,0 ,0 ,0 ,"(45,502,607)",0 ,0 ,"887,008,334 ","932,510,941 ","(45,502,607)",당기손익-공정가치측정금융자산 평가손실,"621,310,019 ",0 ,0 ,0 ,0 ,0 ,0 ,"621,310,019 ",0 ,0 ,"1,508,318,353 ","887,008,334 ","621,310,019 ",당기손익-공정가치측정금융자산 평가손실,"94,015,296 ",0 ,0 ,0 ,0 ,0 ,0 ,"94,015,296 ",0 ,0 ,"1,602,333,649 ","1,508,318,353 ","94,015,296 ",
종속기업처분손실,0 ,,,,,,0 ,0 ,,,0 ,,0 ,종속기업처분손실,0 ,0 ,0 ,0 ,0 ,0 ,0 ,0 ,0 ,0 ,0 ,0 ,0 ,종속기업처분손실,0 ,0 ,0 ,0 ,0 ,0 ,0 ,0 ,0 ,0 ,0 ,0 ,0 ,종속기업처분손실,0 ,0 ,0 ,0 ,0 ,0 ,0 ,0 ,0 ,0 ,0 ,0 ,0 ,
당기손익인식금융자산처분손실,"37,075,500 ",0 ,0 ,0 ,0 ,0 ,0 ,"37,075,500 ",,,"37,075,500 ",,"37,075,500 ",당기손익인식금융자산처분손실,0 ,0 ,0 ,0 ,0 ,0 ,0 ,0 ,0 ,0 ,"37,075,500 ","37,075,500 ",0 ,당기손익인식금융자산처분손실,"(37,075,500)",0 ,0 ,0 ,0 ,0 ,0 ,"(37,075,500)",0 ,0 ,0 ,"37,075,500 ","(37,075,500)",당기손익인식금융자산처분손실,0 ,0 ,0 ,0 ,0 ,0 ,0 ,0 ,0 ,0 ,0 ,0 ,0 ,
Ⅷ.법인세비용차감전순이익,"105,282,566,090 ","4,985,132,231 ","(148,980,449)","12,623,020 ",0 ,"(1,755,293,539)","(2,878,776,016)","105,497,271,337 ",,,"110,663,352,907 ",,"110,663,352,908 ",Ⅷ.법인세비용차감전순이익,"86,960,311,870 ","(1,900,238,365)","413,692,527 ","(4,641,470)",0 ,"(2,001,235,981)","(2,189,903,058)","81,277,985,523 ",0 ,0 ,"196,746,214,027 ","110,663,352,908 ","86,082,861,119 ",Ⅷ.법인세비용차감전순이익,"201,850,071,415 ","28,911,347,479 ","(1,387,066,959)","(16,728,295)",0 ,"(3,032,348,584)","2,606,665,043 ","228,931,940,099 ",0 ,0 ,"332,024,014,846 ","196,746,214,027 ","135,277,800,819 ",Ⅷ.법인세비용차감전순이익,"138,050,805,965 ","3,311,086,548 ","2,531,781,689 ","17,282,566 ",0 ,"(2,947,873,564)","(1,430,879,835)","139,532,203,369 ",0 ,0 ,"542,046,332,562 ","332,024,014,846 ","210,022,317,715 ",
Ⅸ.법인세비용,"25,444,446,825 ","1,292,291,289 ","24,182,142 ",0 ,0 ,"(20,278,554)","174,487,839 ","26,915,129,541 ","1,361,321,343 ","182,502,744 ","28,093,948,140 ",,"28,093,948,140 ",Ⅸ.법인세비용,"22,753,966,701 ","(443,104,067)","16,233,480 ",0 ,0 ,"(8,735,417)","328,654,855 ","22,647,015,552 ","973,458,417 ","176,291,425 ","51,538,130,684 ","28,093,948,140 ","23,444,182,544 ",Ⅸ.법인세비용,"50,907,742,799 ","7,225,407,559 ","(75,557,020)",0 ,0 ,"(30,340,846)","(153,180,144)","57,874,072,348 ","(23,117,604,954)","173,687,041 ","86,120,911,037 ","51,538,130,684 ","34,582,780,354 ",Ⅸ.법인세비용,"33,548,271,610 ","884,882,050 ","402,672,797 ",0 ,0 ,"(517,429,132)","(18,944,750)","34,299,452,575 ","20,923,670,798 ","2,009,028,269 ","139,335,006,141 ","86,120,911,037 ","53,214,095,104 ",
 계속사업손익,"79,838,119,265 ","3,692,840,942 ","(173,162,591)","12,623,020 ",0 ,"(1,735,014,985)","(3,053,263,855)","78,582,141,796 ",0 ,,"82,569,404,767 ",,"82,569,404,768 ", 계속사업손익,"64,206,345,169 ","(1,457,134,298)","397,459,047 ","(4,641,470)",0 ,"(1,992,500,564)","(2,518,557,913)","58,630,969,971 ",0 ,0 ,"145,208,083,343 ","82,569,404,768 ","62,638,678,575 ", 계속사업손익,"150,942,328,616 ","21,685,939,920 ","(1,311,509,939)","(16,728,295)",0 ,"(3,002,007,738)","2,759,845,187 ","171,057,867,751 ",0 ,0 ,"245,903,103,809 ","145,208,083,343 ","100,695,020,466 ", 계속사업손익,"104,502,534,355 ","2,426,204,498 ","2,129,108,892 ","17,282,566 ",0 ,"(2,430,444,432)","(1,411,935,085)","105,232,750,794 ",0 ,0 ,"402,711,326,421 ","245,903,103,809 ","156,808,222,611 ",
 중단사업손익,0 ,0 ,0 ,0 ,0 ,,0 ,0 ,,,0 ,,0 , 중단사업손익,0 ,0 ,0 ,0 ,0 ,0 ,0 ,0 ,0 ,0 ,0 ,0 ,0 , 중단사업손익,0 ,0 ,0 ,0 ,0 ,0 ,0 ,0 ,0 ,0 ,0 ,0 ,0 , 중단사업손익,0 ,0 ,0 ,0 ,0 ,0 ,0 ,0 ,0 ,0 ,0 ,0 ,0 ,
Ⅹ.당기순이익,"79,838,119,265 ","3,692,840,942 ","(173,162,591)","12,623,020 ",0 ,"(1,735,014,985)","(3,053,263,855)","78,582,141,796 ","397,387,354,628 ","401,374,617,599 ","82,569,404,767 ",,"82,569,404,768 ",Ⅹ.당기순이익,"64,206,345,169 ","(1,457,134,298)","397,459,047 ","(4,641,470)",0 ,"(1,992,500,564)","(2,518,557,913)","58,630,969,971 ","270,585,504,874 ","274,593,213,479 ","145,208,083,343 ","82,569,404,768 ","62,638,678,575 ",Ⅹ.당기순이익,"150,942,328,616 ","21,685,939,920 ","(1,311,509,939)","(16,728,295)",0 ,"(3,002,007,738)","2,759,845,187 ","171,057,867,751 ","558,417,505,563 ","488,054,658,278 ","245,903,103,809 ","145,208,083,343 ","100,695,020,466 ",Ⅹ.당기순이익,"104,502,534,355 ","2,426,204,498 ","2,129,108,892 ","17,282,566 ",0 ,"(2,430,444,432)","(1,411,935,085)","105,232,750,794 ","416,353,165,023 ","467,928,636,840 ","402,711,326,421 ","245,903,103,809 ","156,808,222,611 ",
   지배지분,"79,838,119,265 ","3,692,840,942 ","(173,162,591)","12,623,020 ",0 ,"(1,735,014,985)","(3,053,263,855)","78,582,141,796 ","441,200,837 ",,"83,010,605,604 ",,"83,010,605,605 ",   지배지분,"64,206,345,169 ","(1,457,134,298)","397,459,047 ","(4,641,470)",0 ,"(1,992,500,564)","(2,518,557,913)","58,630,969,971 ","178,850,040 ",0 ,"145,828,134,220 ","83,010,605,605 ","62,817,528,615 ",   지배지분,"150,942,328,616 ","21,685,939,920 ","(1,311,509,939)","(16,728,295)",0 ,"(3,002,007,738)","2,759,845,187 ","171,057,867,751 ","(2,535,245,295)",0 ,"243,987,909,391 ","145,828,134,220 ","98,159,775,171 ",   지배지분,"104,502,534,355 ","2,426,204,498 ","2,129,108,892 ","17,282,566 ",0 ,"(2,430,444,432)","(1,411,935,085)","105,232,750,794 ","(963,964,399)",0 ,"399,832,167,604 ","243,987,909,391 ","155,844,258,212 ",
   비지배지분,0 ,0 ,0 ,0 ,0 ,,0 ,0 ,"(441,200,837)",,"(441,200,837)",,"(441,200,837)",   비지배지분,0 ,0 ,0 ,0 ,0 ,0 ,0 ,0 ,"(178,850,040)",0 ,"(620,050,877)","(441,200,837)","(178,850,040)",   비지배지분,0 ,0 ,0 ,0 ,0 ,0 ,0 ,0 ,"2,535,245,295 ",0 ,"1,915,194,418 ","(620,050,877)","2,535,245,295 ",   비지배지분,0 ,0 ,0 ,0 ,0 ,0 ,0 ,0 ,"963,964,399 ",0 ,"2,879,158,817 ","1,915,194,418 ","963,964,399 ",
기타포괄손익:,"(212,664,765)","214,066,816 ","(105,352,501)","(520,789)",0 ,"(25,663)","(1,772,413,854)","(1,876,910,756)",,,"(1,923,682,080)",,"(1,923,682,080)",기타포괄손익:,"(464,263,660)","(5,335,659,129)","872,303,029 ","(8,047,310)",0 ,"(10,854,617)","(4,348,607,667)","(9,295,129,354)",0 ,0 ,"(10,496,045,017)","(1,923,682,079)","(8,572,362,938)",기타포괄손익:,"396,698,664 ","3,429,770,530 ","(302,601,197)","2,310,848 ",0 ,"87,987,447 ","2,207,215,259 ","5,821,381,551 ",0 ,0 ,"(5,766,544,670)","(10,496,045,017)","4,729,500,347 ",기타포괄손익:,"713,816,776 ","4,073,268,568 ","(178,642,503)","1,862,865 ",0 ,"9,883,891 ","2,260,811,074 ","6,881,000,671 ",0 ,0 ,"(2,428,965,762)","(5,766,544,670)","3,337,578,908 ",
매도가능금융자산평가손익,,0 ,0 ,0 ,,,0 ,0 ,,,0 ,,0 ,매도가능금융자산평가손익,0 ,0 ,0 ,0 ,0 ,0 ,0 ,0 ,0 ,0 ,0 ,0 ,0 ,매도가능금융자산평가손익,0 ,0 ,0 ,0 ,0 ,0 ,0 ,0 ,0 ,0 ,0 ,0 ,0 ,매도가능금융자산평가손익,0 ,0 ,0 ,0 ,0 ,0 ,0 ,0 ,0 ,0 ,0 ,0 ,0 ,
법인세효과,,0 ,0 ,0 ,,,0 ,0 ,,,0 ,,0 ,법인세효과,0 ,0 ,0 ,0 ,0 ,0 ,0 ,0 ,0 ,0 ,0 ,0 ,0 ,법인세효과,0 ,0 ,0 ,0 ,0 ,0 ,0 ,0 ,0 ,0 ,0 ,0 ,0 ,법인세효과,0 ,0 ,0 ,0 ,0 ,0 ,0 ,0 ,0 ,0 ,0 ,0 ,0 ,
법인세효과 차감후 금액,,0 ,0 ,0 ,0 ,0 ,0 ,0 ,,,0 ,,0 ,법인세효과 차감후 금액,0 ,0 ,0 ,0 ,0 ,0 ,0 ,0 ,0 ,0 ,0 ,0 ,0 ,법인세효과 차감후 금액,0 ,0 ,0 ,0 ,0 ,0 ,0 ,0 ,0 ,0 ,0 ,0 ,0 ,법인세효과 차감후 금액,0 ,0 ,0 ,0 ,0 ,0 ,0 ,0 ,0 ,0 ,0 ,0 ,0 ,
자산재평가이익,,0 ,0 ,0 ,,,0 ,0 ,,,0 ,,0 ,자산재평가이익,0 ,0 ,0 ,0 ,0 ,0 ,0 ,0 ,0 ,0 ,0 ,0 ,0 ,자산재평가이익,0 ,0 ,0 ,0 ,0 ,0 ,0 ,0 ,0 ,0 ,0 ,0 ,0 ,자산재평가이익,0 ,0 ,0 ,0 ,0 ,0 ,0 ,0 ,0 ,0 ,0 ,0 ,0 ,
법인세효과,,0 ,0 ,0 ,,,0 ,0 ,,,0 ,,0 ,법인세효과,0 ,0 ,0 ,0 ,0 ,0 ,0 ,0 ,0 ,0 ,0 ,0 ,0 ,법인세효과,0 ,0 ,0 ,0 ,0 ,0 ,0 ,0 ,0 ,0 ,0 ,0 ,0 ,법인세효과,0 ,0 ,0 ,0 ,0 ,0 ,0 ,0 ,0 ,0 ,0 ,0 ,0 ,
법인세효과 차감후 금액,,0 ,0 ,0 ,0 ,0 ,0 ,0 ,,,0 ,,0 ,법인세효과 차감후 금액,0 ,0 ,0 ,0 ,0 ,0 ,0 ,0 ,0 ,0 ,0 ,0 ,0 ,법인세효과 차감후 금액,0 ,0 ,0 ,0 ,0 ,0 ,0 ,0 ,0 ,0 ,0 ,0 ,0 ,법인세효과 차감후 금액,0 ,0 ,0 ,0 ,0 ,0 ,0 ,0 ,0 ,0 ,0 ,0 ,0 ,
보험수리적손익,"(283,553,020)",0 ,0 ,0 ,,"(32,901)",0 ,"(283,585,921)",,,"(283,585,921)",,"(283,585,921)",보험수리적손익,"(619,018,213)",0 ,0 ,0 ,0 ,"(13,916,176)",0 ,"(632,934,389)",0 ,0 ,"(916,520,310)","(283,585,921)","(632,934,389)",보험수리적손익,"528,931,551 ",0 ,0 ,0 ,0 ,"112,804,419 ",0 ,"641,735,970 ",0 ,0 ,"(274,784,340)","(916,520,310)","641,735,970 ",보험수리적손익,"959,568,080 ",0 ,0 ,0 ,0 ,"12,671,656 ",0 ,"972,239,736 ",0 ,0 ,"697,455,396 ","(274,784,340)","972,239,736 ",
법인세효과,"70,888,255 ",0 ,0 ,0 ,,"7,238 ",0 ,"70,895,493 ",,,"70,895,493 ",,"70,895,493 ",법인세효과,"154,754,553 ",0 ,0 ,0 ,0 ,"3,061,559 ",0 ,"157,816,112 ",0 ,0 ,"228,711,605 ","70,895,493 ","157,816,112 ",법인세효과,"(132,232,887)",0 ,0 ,0 ,0 ,"(24,816,972)",0 ,"(157,049,859)",0 ,0 ,"71,661,746 ","228,711,605 ","(157,049,859)",법인세효과,"(245,751,304)",0 ,0 ,0 ,0 ,"(2,787,765)",0 ,"(248,539,069)",0 ,0 ,"(176,877,323)","71,661,746 ","(248,539,069)",
법인세효과 차감후 금액,"(212,664,765)",0 ,0 ,0 ,0 ,"(25,663)",0 ,"(212,690,428)",,,"(212,690,428)",,"(212,690,428)",법인세효과 차감후 금액,"(464,263,660)",0 ,0 ,0 ,0 ,"(10,854,617)",0 ,"(475,118,277)",0 ,0 ,"(687,808,705)","(212,690,428)","(475,118,277)",법인세효과 차감후 금액,"396,698,664 ",0 ,0 ,0 ,0 ,"87,987,447 ",0 ,"484,686,111 ",0 ,0 ,"(203,122,594)","(687,808,705)","484,686,111 ",법인세효과 차감후 금액,"713,816,776 ",0 ,0 ,0 ,0 ,"9,883,891 ",0 ,"723,700,667 ",0 ,0 ,"520,578,073 ","(203,122,594)","723,700,667 ",
지분법자본변동,,0 ,0 ,0 ,,,0 ,0 ,,,0 ,,0 ,지분법자본변동,0 ,0 ,0 ,0 ,0 ,0 ,0 ,0 ,0 ,0 ,0 ,0 ,0 ,지분법자본변동,0 ,0 ,0 ,0 ,0 ,0 ,0 ,0 ,0 ,0 ,0 ,0 ,0 ,지분법자본변동,0 ,0 ,0 ,0 ,0 ,0 ,0 ,0 ,0 ,0 ,0 ,0 ,0 ,
법인세효과,,0 ,0 ,0 ,,,0 ,0 ,,,0 ,,0 ,법인세효과,0 ,0 ,0 ,0 ,0 ,0 ,0 ,0 ,0 ,0 ,0 ,0 ,0 ,법인세효과,0 ,0 ,0 ,0 ,0 ,0 ,0 ,0 ,0 ,0 ,0 ,0 ,0 ,법인세효과,0 ,0 ,0 ,0 ,0 ,0 ,0 ,0 ,0 ,0 ,0 ,0 ,0 ,
법인세효과 차감후 금액,,0 ,0 ,0 ,0 ,0 ,0 ,0 ,,,0 ,,0 ,법인세효과 차감후 금액,0 ,0 ,0 ,0 ,0 ,0 ,0 ,0 ,0 ,0 ,0 ,0 ,0 ,법인세효과 차감후 금액,0 ,0 ,0 ,0 ,0 ,0 ,0 ,0 ,0 ,0 ,0 ,0 ,0 ,법인세효과 차감후 금액,0 ,0 ,0 ,0 ,0 ,0 ,0 ,0 ,0 ,0 ,0 ,0 ,0 ,
지분법이익잉여금,,0 ,0 ,0 ,,,0 ,0 ,,,,,0 ,지분법이익잉여금,0 ,0 ,0 ,0 ,0 ,0 ,0 ,0 ,0 ,0 ,0 ,0 ,0 ,지분법이익잉여금,0 ,0 ,0 ,0 ,0 ,0 ,0 ,0 ,0 ,0 ,0 ,0 ,0 ,지분법이익잉여금,0 ,0 ,0 ,0 ,0 ,0 ,0 ,0 ,0 ,0 ,,,0 ,
법인세효과,,0 ,0 ,0 ,,,0 ,0 ,,,,,0 ,법인세효과,0 ,0 ,0 ,0 ,0 ,0 ,0 ,0 ,0 ,0 ,0 ,0 ,0 ,법인세효과,0 ,0 ,0 ,0 ,0 ,0 ,0 ,0 ,0 ,0 ,0 ,0 ,0 ,법인세효과,0 ,0 ,0 ,0 ,0 ,0 ,0 ,0 ,0 ,0 ,,,0 ,
법인세효과 차감후 금액,,0 ,0 ,0 ,0 ,0 ,0 ,0 ,,,0 ,,0 ,법인세효과 차감후 금액,0 ,0 ,0 ,0 ,0 ,0 ,0 ,0 ,0 ,0 ,0 ,0 ,0 ,법인세효과 차감후 금액,0 ,0 ,0 ,0 ,0 ,0 ,0 ,0 ,0 ,0 ,0 ,0 ,0 ,법인세효과 차감후 금액,0 ,0 ,0 ,0 ,0 ,0 ,0 ,0 ,0 ,0 ,0 ,0 ,0 ,
해외사업장환산차이,,"214,066,816 ","(105,352,501)","(520,789)",,,"(1,772,413,854)","(1,664,220,328)","4,042,308,151 ","3,995,536,827 ","(1,710,991,652)",,"(1,710,991,652)",해외사업장환산차이,0 ,"(5,335,659,129)","872,303,029 ","(8,047,310)",0 ,0 ,"(4,348,607,667)","(8,820,011,077)","(4,964,125,963)","(4,241,359,547)","(9,808,236,312)","(1,710,991,651)","(8,097,244,661)",해외사업장환산차이,0 ,"3,429,770,530 ","(302,601,197)","2,310,848 ",0 ,0 ,"2,207,215,259 ","5,336,695,440 ","3,376,427,421 ","2,284,546,217 ","(5,563,422,076)","(9,808,236,312)","4,244,814,236 ",해외사업장환산차이,0 ,"4,073,268,568 ","(178,642,503)","1,862,865 ",0 ,0 ,"2,260,811,074 ","6,157,300,004 ","5,746,329,924 ","2,202,908,161 ","(2,949,543,835)","(5,563,422,076)","2,613,878,241 ",
법인세효과,,0 ,0 ,0 ,,,0 ,0 ,,,0 ,,0 ,법인세효과,0 ,0 ,0 ,0 ,0 ,0 ,0 ,0 ,0 ,0 ,0 ,0 ,0 ,법인세효과,0 ,0 ,0 ,0 ,0 ,0 ,0 ,0 ,0 ,0 ,0 ,0 ,0 ,법인세효과,0 ,0 ,0 ,0 ,0 ,0 ,0 ,0 ,0 ,0 ,0 ,0 ,0 ,
법인세효과 차감후 금액,,"214,066,816 ","(105,352,501)","(520,789)",0 ,0 ,"(1,772,413,854)","(1,664,220,328)",,,"(1,710,991,652)",,"(1,710,991,652)",법인세효과 차감후 금액,0 ,"(5,335,659,129)","872,303,029 ","(8,047,310)",0 ,0 ,"(4,348,607,667)","(8,820,011,077)",0 ,0 ,"(9,808,236,312)","(1,710,991,651)","(8,097,244,661)",법인세효과 차감후 금액,0 ,"3,429,770,530 ","(302,601,197)","2,310,848 ",0 ,0 ,"2,207,215,259 ","5,336,695,440 ",0 ,0 ,"(5,563,422,076)","(9,808,236,312)","4,244,814,236 ",법인세효과 차감후 금액,0 ,"4,073,268,568 ","(178,642,503)","1,862,865 ",0 ,0 ,"2,260,811,074 ","6,157,300,004 ",0 ,0 ,"(2,949,543,835)","(5,563,422,076)","2,613,878,241 ",
총포괄이익,"79,625,454,500 ","3,906,907,758 ","(278,515,092)","12,102,231 ",0 ,"(1,735,040,648)","(4,825,677,709)","76,705,231,040 ",,,"80,645,722,688 ",,"80,645,722,689 ",총포괄이익,"63,742,081,509 ","(6,792,793,427)","1,269,762,076 ","(12,688,780)",0 ,"(2,003,355,181)","(6,867,165,580)","49,335,840,617 ",0 ,0 ,"134,712,038,325 ","80,645,722,689 ","54,066,315,636 ",총포괄이익,"151,339,027,280 ","25,115,710,450 ","(1,614,111,136)","(14,417,447)",0 ,"(2,914,020,291)","4,967,060,446 ","176,879,249,302 ",0 ,0 ,"240,136,559,139 ","134,712,038,325 ","105,424,520,814 ",총포괄이익,"105,216,351,131 ","6,499,473,066 ","1,950,466,389 ","19,145,431 ",0 ,"(2,420,560,541)","848,875,989 ","112,113,751,465 ",0 ,0 ,"400,282,360,659 ","240,136,559,139 ","160,145,801,519 ",
   지배지분,"79,625,454,500 ","3,906,907,758 ","(278,515,092)","12,102,231 ",0 ,"(1,735,040,648)","(4,825,677,709)","76,705,231,040 ","1,298,753,637 ",0 ,"81,944,476,326 ",,"81,944,476,326 ",   지배지분,"63,742,081,509 ","(6,792,793,427)","1,269,762,076 ","(12,688,780)",0 ,"(2,003,355,181)","(6,867,165,580)","49,335,840,617 ","675,095,641 ",0 ,"136,685,887,603 ","81,944,476,326 ","54,741,411,278 ",   지배지분,"151,339,027,280 ","25,115,710,450 ","(1,614,111,136)","(14,417,447)",0 ,"(2,914,020,291)","4,967,060,446 ","176,879,249,302 ","(2,884,825,076)",0 ,"239,225,583,341 ","136,685,887,603 ","102,539,695,737 ",   지배지분,"105,216,351,131 ","6,499,473,066 ","1,950,466,389 ","19,145,431 ",0 ,"(2,420,560,541)","848,875,989 ","112,113,751,465 ","(2,201,522,859)",0 ,"397,169,862,001 ","239,225,583,341 ","157,944,278,661 ",
   비지배지분,0 ,0 ,0 ,0 ,0 ,0 ,0 ,0 ,"(1,298,753,637)",,"(1,298,753,638)",,"(1,298,753,637)",   비지배지분,0 ,0 ,0 ,0 ,0 ,0 ,0 ,0 ,"(675,095,641)",0 ,"(1,973,849,278)","(1,298,753,637)","(675,095,641)",   비지배지분,0 ,0 ,0 ,0 ,0 ,0 ,0 ,0 ,"2,884,825,076 ",0 ,"910,975,798 ","(1,973,849,278)","2,884,825,076 ",   비지배지분,0 ,0 ,0 ,0 ,0 ,0 ,0 ,0 ,"2,201,522,859 ",0 ,"3,112,498,657 ","910,975,798 ","2,201,522,859 ",
